ISO-10303-21;
HEADER;
/* Generated by software containing ST-Developer
 * from STEP Tools, Inc. (www.steptools.com) 
 */
/* OPTION: using custom renumber hook */

FILE_DESCRIPTION(
/* description */ ('STEP AP242 Edition 2',
'CAx-IF Rec.Pracs.---Representation and Presentation of Product Manufa
cturing Information (PMI)---4.0---2014-10-13',
'CAx-IF Rec.Pracs.---3D Tessellated Geometry---0.4---2014-09-14','2;1',
'CAx-IF Rec.Pracs.---User Defined Attributes---1.5---2016-08-15'),
/* implementation_level */ '2;1');

FILE_NAME(
/* name */ 'headplatenogear - swap-acc-plate',
/* time_stamp */ '2026-08-12T19:46:50Z',
/* author */ (''),
/* organization */ (''),
/* preprocessor_version */ 'ST-DEVELOPER v20',
/* originating_system */ 'ONSHAPE BY PTC INC, 1.219',
/* authorisation */ '  ');

FILE_SCHEMA (('AP242_MANAGED_MODEL_BASED_3D_ENGINEERING_MIM_LF { 1 0 10303 442 3 1 4 }'));
ENDSEC;

DATA;
#10=SHAPE_REPRESENTATION_RELATIONSHIP('','',#1253,#11);
#11=ADVANCED_BREP_SHAPE_REPRESENTATION('',(#1251),#2153);
#12=CONICAL_SURFACE('',#1350,0.0200000000000021,0.643501108793177);
#13=CONICAL_SURFACE('',#1352,0.02,0.643501108793317);
#14=B_SPLINE_CURVE_WITH_KNOTS('',3,(#1933,#1934,#1935,#1936,#1937),
 .UNSPECIFIED.,.F.,.F.,(4,1,4),(3.2139636595487E-13,0.00241003556381718,
0.00482007112731296),.UNSPECIFIED.);
#15=B_SPLINE_CURVE_WITH_KNOTS('',3,(#1955,#1956,#1957,#1958,#1959),
 .UNSPECIFIED.,.F.,.F.,(4,1,4),(0.,0.002407296000179,0.004814592000358),
 .UNSPECIFIED.);
#16=B_SPLINE_CURVE_WITH_KNOTS('',3,(#1972,#1973,#1974,#1975,#1976,#1977,
#1978,#1979,#1980,#1981,#1982,#1983,#1984,#1985,#1986,#1987,#1988,#1989,
#1990,#1991,#1992,#1993,#1994),.UNSPECIFIED.,.F.,.F.,(4,1,1,1,1,1,1,1,1,
1,1,1,1,1,1,1,1,1,1,1,4),(-0.00783402272402905,-0.00578349067706235,-0.00373295863009564,
-0.00270769260661229,-0.00168242658312894,-0.000657160559645584,0.000368105463837768,
0.00139337148732112,0.00241863751080447,0.00344390353428782,0.00446916955777118,
0.00651970160473788,0.00857023365170459,0.0106207656986713,0.012671297745638,
0.0147218297926047,0.0167723618395714,0.0188228938865381,0.0208734259335048,
0.0229239579804715,0.0249744900274382),.UNSPECIFIED.);
#17=B_SPLINE_CURVE_WITH_KNOTS('',3,(#2002,#2003,#2004,#2005,#2006,#2007,
#2008,#2009,#2010,#2011,#2012,#2013,#2014,#2015,#2016,#2017,#2018,#2019,
#2020,#2021,#2022,#2023,#2024),.UNSPECIFIED.,.F.,.F.,(4,1,1,1,1,1,1,1,1,
1,1,1,1,1,1,1,1,1,1,1,4),(0.,0.00203912924409593,0.00407825848819186,0.00611738773228779,
0.00815651697638372,0.0101956462204797,0.0122347754645756,0.0142739047086715,
0.0163130339527674,0.0183521631968634,0.0203912924409593,0.0214108570630073,
0.0224304216850552,0.0234499863071032,0.0244695509291512,0.0254891155511991,
0.0265086801732471,0.0275282447952951,0.028547809417343,0.030586938661439,
0.0326260679055349),.UNSPECIFIED.);
#18=B_SPLINE_CURVE_WITH_KNOTS('',3,(#2058,#2059,#2060,#2061),
 .UNSPECIFIED.,.F.,.F.,(4,4),(0.,1.),.UNSPECIFIED.);
#19=B_SPLINE_CURVE_WITH_KNOTS('',3,(#2063,#2064,#2065,#2066),
 .UNSPECIFIED.,.F.,.F.,(4,4),(0.,1.),.UNSPECIFIED.);
#20=B_SPLINE_CURVE_WITH_KNOTS('',3,(#2080,#2081,#2082,#2083),
 .UNSPECIFIED.,.F.,.F.,(4,4),(6.81222542444089E-10,24.9736730020505),
 .UNSPECIFIED.);
#21=B_SPLINE_CURVE_WITH_KNOTS('',3,(#2087,#2088,#2089,#2090),
 .UNSPECIFIED.,.F.,.F.,(4,4),(0.,24.9999999999989),.UNSPECIFIED.);
#22=TOROIDAL_SURFACE('',#1307,0.03,0.0025);
#23=TOROIDAL_SURFACE('',#1316,0.0299999999999953,0.0025);
#24=CYLINDRICAL_SURFACE('',#1275,0.0015);
#25=CYLINDRICAL_SURFACE('',#1277,0.0015);
#26=CYLINDRICAL_SURFACE('',#1279,0.0015);
#27=CYLINDRICAL_SURFACE('',#1281,0.0015);
#28=CYLINDRICAL_SURFACE('',#1283,0.00175);
#29=CYLINDRICAL_SURFACE('',#1285,0.00175);
#30=CYLINDRICAL_SURFACE('',#1287,0.00175);
#31=CYLINDRICAL_SURFACE('',#1289,0.00175);
#32=CYLINDRICAL_SURFACE('',#1304,0.0025);
#33=CYLINDRICAL_SURFACE('',#1312,0.0025);
#34=CYLINDRICAL_SURFACE('',#1314,0.0025);
#35=CYLINDRICAL_SURFACE('',#1322,0.00425);
#36=CYLINDRICAL_SURFACE('',#1324,0.0325);
#37=CYLINDRICAL_SURFACE('',#1326,0.0324999999999953);
#38=CYLINDRICAL_SURFACE('',#1327,0.00425);
#39=CYLINDRICAL_SURFACE('',#1329,0.0125000000000006);
#40=CYLINDRICAL_SURFACE('',#1332,0.0125000000000003);
#41=CYLINDRICAL_SURFACE('',#1340,0.0325);
#42=CYLINDRICAL_SURFACE('',#1341,0.0325);
#43=CYLINDRICAL_SURFACE('',#1342,0.0025);
#44=CYLINDRICAL_SURFACE('',#1346,0.0025);
#45=CYLINDRICAL_SURFACE('',#1356,0.002);
#46=CYLINDRICAL_SURFACE('',#1361,0.002);
#47=CYLINDRICAL_SURFACE('',#1362,0.002);
#48=CYLINDRICAL_SURFACE('',#1367,0.002);
#49=CIRCLE('',#1260,0.0015);
#50=CIRCLE('',#1261,0.0015);
#51=CIRCLE('',#1262,0.0015);
#52=CIRCLE('',#1263,0.0015);
#53=CIRCLE('',#1264,0.00175);
#54=CIRCLE('',#1265,0.00175);
#55=CIRCLE('',#1266,0.00175);
#56=CIRCLE('',#1267,0.00175);
#57=CIRCLE('',#1269,0.0299999999999938);
#58=CIRCLE('',#1270,0.03);
#59=CIRCLE('',#1271,0.0125000000000035);
#60=CIRCLE('',#1272,0.0125);
#61=CIRCLE('',#1276,0.0015);
#62=CIRCLE('',#1278,0.0015);
#63=CIRCLE('',#1280,0.0015);
#64=CIRCLE('',#1282,0.0015);
#65=CIRCLE('',#1284,0.00175);
#66=CIRCLE('',#1286,0.00175);
#67=CIRCLE('',#1288,0.00175);
#68=CIRCLE('',#1290,0.00175);
#69=CIRCLE('',#1292,0.0325);
#70=CIRCLE('',#1293,0.0324999999999953);
#71=CIRCLE('',#1294,0.0275000000000006);
#72=CIRCLE('',#1295,0.0325);
#73=CIRCLE('',#1296,0.0125000000000003);
#74=CIRCLE('',#1297,0.0125000000000006);
#75=CIRCLE('',#1298,0.0325);
#76=CIRCLE('',#1299,0.0275000000000007);
#77=CIRCLE('',#1300,0.002);
#78=CIRCLE('',#1301,0.002);
#79=CIRCLE('',#1302,0.002);
#80=CIRCLE('',#1303,0.002);
#81=CIRCLE('',#1305,0.0025);
#82=CIRCLE('',#1306,0.0025);
#83=CIRCLE('',#1308,0.0325);
#84=CIRCLE('',#1309,0.0025);
#85=CIRCLE('',#1310,0.0025);
#86=CIRCLE('',#1311,0.0325);
#87=CIRCLE('',#1313,0.0025);
#88=CIRCLE('',#1315,0.0025);
#89=CIRCLE('',#1317,0.0324999999999953);
#90=CIRCLE('',#1318,0.0324999999999953);
#91=CIRCLE('',#1320,0.0025);
#92=CIRCLE('',#1323,0.00425);
#93=CIRCLE('',#1328,0.00425);
#94=CIRCLE('',#1330,0.0125000000000006);
#95=CIRCLE('',#1333,0.0125000000000003);
#96=CIRCLE('',#1336,0.0325);
#97=CIRCLE('',#1337,0.0274842038012309);
#98=CIRCLE('',#1338,0.027484203801232);
#99=CIRCLE('',#1339,0.0325);
#100=CIRCLE('',#1343,0.0025);
#101=CIRCLE('',#1344,0.0025);
#102=CIRCLE('',#1347,0.0025);
#103=CIRCLE('',#1357,0.002);
#104=CIRCLE('',#1360,0.002);
#105=CIRCLE('',#1363,0.002);
#106=CIRCLE('',#1366,0.002);
#107=ORIENTED_EDGE('',*,*,#435,.T.);
#108=ORIENTED_EDGE('',*,*,#436,.T.);
#109=ORIENTED_EDGE('',*,*,#437,.T.);
#110=ORIENTED_EDGE('',*,*,#438,.T.);
#111=ORIENTED_EDGE('',*,*,#439,.F.);
#112=ORIENTED_EDGE('',*,*,#440,.F.);
#113=ORIENTED_EDGE('',*,*,#441,.F.);
#114=ORIENTED_EDGE('',*,*,#442,.T.);
#115=ORIENTED_EDGE('',*,*,#443,.T.);
#116=ORIENTED_EDGE('',*,*,#444,.T.);
#117=ORIENTED_EDGE('',*,*,#442,.F.);
#118=ORIENTED_EDGE('',*,*,#445,.F.);
#119=ORIENTED_EDGE('',*,*,#446,.F.);
#120=ORIENTED_EDGE('',*,*,#447,.F.);
#121=ORIENTED_EDGE('',*,*,#443,.F.);
#122=ORIENTED_EDGE('',*,*,#448,.T.);
#123=ORIENTED_EDGE('',*,*,#449,.T.);
#124=ORIENTED_EDGE('',*,*,#450,.T.);
#125=ORIENTED_EDGE('',*,*,#451,.F.);
#126=ORIENTED_EDGE('',*,*,#452,.F.);
#127=ORIENTED_EDGE('',*,*,#437,.F.);
#128=ORIENTED_EDGE('',*,*,#453,.T.);
#129=ORIENTED_EDGE('',*,*,#452,.T.);
#130=ORIENTED_EDGE('',*,*,#454,.F.);
#131=ORIENTED_EDGE('',*,*,#455,.F.);
#132=ORIENTED_EDGE('',*,*,#456,.F.);
#133=ORIENTED_EDGE('',*,*,#457,.T.);
#134=ORIENTED_EDGE('',*,*,#458,.T.);
#135=ORIENTED_EDGE('',*,*,#459,.T.);
#136=ORIENTED_EDGE('',*,*,#460,.T.);
#137=ORIENTED_EDGE('',*,*,#461,.T.);
#138=ORIENTED_EDGE('',*,*,#462,.T.);
#139=ORIENTED_EDGE('',*,*,#463,.F.);
#140=ORIENTED_EDGE('',*,*,#439,.T.);
#141=ORIENTED_EDGE('',*,*,#464,.T.);
#142=ORIENTED_EDGE('',*,*,#450,.F.);
#143=ORIENTED_EDGE('',*,*,#465,.F.);
#144=ORIENTED_EDGE('',*,*,#466,.T.);
#145=ORIENTED_EDGE('',*,*,#467,.T.);
#146=ORIENTED_EDGE('',*,*,#468,.T.);
#147=ORIENTED_EDGE('',*,*,#469,.F.);
#148=ORIENTED_EDGE('',*,*,#470,.F.);
#149=ORIENTED_EDGE('',*,*,#471,.T.);
#150=ORIENTED_EDGE('',*,*,#472,.T.);
#151=ORIENTED_EDGE('',*,*,#473,.F.);
#152=ORIENTED_EDGE('',*,*,#474,.F.);
#153=ORIENTED_EDGE('',*,*,#475,.F.);
#154=ORIENTED_EDGE('',*,*,#476,.F.);
#155=ORIENTED_EDGE('',*,*,#477,.F.);
#156=ORIENTED_EDGE('',*,*,#478,.F.);
#157=ORIENTED_EDGE('',*,*,#479,.F.);
#158=ORIENTED_EDGE('',*,*,#480,.T.);
#159=ORIENTED_EDGE('',*,*,#481,.F.);
#160=ORIENTED_EDGE('',*,*,#482,.F.);
#161=ORIENTED_EDGE('',*,*,#483,.F.);
#162=ORIENTED_EDGE('',*,*,#484,.F.);
#163=ORIENTED_EDGE('',*,*,#445,.T.);
#164=ORIENTED_EDGE('',*,*,#441,.T.);
#165=ORIENTED_EDGE('',*,*,#485,.T.);
#166=ORIENTED_EDGE('',*,*,#486,.F.);
#167=ORIENTED_EDGE('',*,*,#487,.F.);
#168=ORIENTED_EDGE('',*,*,#488,.F.);
#169=ORIENTED_EDGE('',*,*,#489,.F.);
#170=ORIENTED_EDGE('',*,*,#490,.T.);
#171=ORIENTED_EDGE('',*,*,#491,.F.);
#172=ORIENTED_EDGE('',*,*,#492,.F.);
#173=ORIENTED_EDGE('',*,*,#493,.T.);
#174=ORIENTED_EDGE('',*,*,#448,.F.);
#175=ORIENTED_EDGE('',*,*,#494,.F.);
#176=ORIENTED_EDGE('',*,*,#487,.T.);
#177=ORIENTED_EDGE('',*,*,#495,.F.);
#178=ORIENTED_EDGE('',*,*,#471,.F.);
#179=ORIENTED_EDGE('',*,*,#485,.F.);
#180=ORIENTED_EDGE('',*,*,#440,.T.);
#181=ORIENTED_EDGE('',*,*,#463,.T.);
#182=ORIENTED_EDGE('',*,*,#496,.T.);
#183=ORIENTED_EDGE('',*,*,#497,.F.);
#184=ORIENTED_EDGE('',*,*,#458,.F.);
#185=ORIENTED_EDGE('',*,*,#498,.T.);
#186=ORIENTED_EDGE('',*,*,#455,.T.);
#187=ORIENTED_EDGE('',*,*,#499,.F.);
#188=ORIENTED_EDGE('',*,*,#457,.F.);
#189=ORIENTED_EDGE('',*,*,#500,.T.);
#190=ORIENTED_EDGE('',*,*,#456,.T.);
#191=ORIENTED_EDGE('',*,*,#462,.F.);
#192=ORIENTED_EDGE('',*,*,#501,.T.);
#193=ORIENTED_EDGE('',*,*,#459,.F.);
#194=ORIENTED_EDGE('',*,*,#502,.T.);
#195=ORIENTED_EDGE('',*,*,#461,.F.);
#196=ORIENTED_EDGE('',*,*,#503,.T.);
#197=ORIENTED_EDGE('',*,*,#460,.F.);
#198=ORIENTED_EDGE('',*,*,#504,.T.);
#199=ORIENTED_EDGE('',*,*,#505,.T.);
#200=ORIENTED_EDGE('',*,*,#506,.T.);
#201=ORIENTED_EDGE('',*,*,#507,.T.);
#202=ORIENTED_EDGE('',*,*,#508,.T.);
#203=ORIENTED_EDGE('',*,*,#509,.F.);
#204=ORIENTED_EDGE('',*,*,#510,.F.);
#205=ORIENTED_EDGE('',*,*,#511,.T.);
#206=ORIENTED_EDGE('',*,*,#512,.T.);
#207=ORIENTED_EDGE('',*,*,#513,.F.);
#208=ORIENTED_EDGE('',*,*,#514,.F.);
#209=ORIENTED_EDGE('',*,*,#515,.F.);
#210=ORIENTED_EDGE('',*,*,#516,.F.);
#211=ORIENTED_EDGE('',*,*,#517,.T.);
#212=ORIENTED_EDGE('',*,*,#518,.T.);
#213=ORIENTED_EDGE('',*,*,#519,.T.);
#214=ORIENTED_EDGE('',*,*,#520,.F.);
#215=ORIENTED_EDGE('',*,*,#521,.T.);
#216=ORIENTED_EDGE('',*,*,#522,.F.);
#217=ORIENTED_EDGE('',*,*,#523,.F.);
#218=ORIENTED_EDGE('',*,*,#524,.F.);
#219=ORIENTED_EDGE('',*,*,#525,.F.);
#220=ORIENTED_EDGE('',*,*,#501,.F.);
#221=ORIENTED_EDGE('',*,*,#502,.F.);
#222=ORIENTED_EDGE('',*,*,#503,.F.);
#223=ORIENTED_EDGE('',*,*,#504,.F.);
#224=ORIENTED_EDGE('',*,*,#526,.T.);
#225=ORIENTED_EDGE('',*,*,#527,.T.);
#226=ORIENTED_EDGE('',*,*,#528,.T.);
#227=ORIENTED_EDGE('',*,*,#475,.T.);
#228=ORIENTED_EDGE('',*,*,#529,.T.);
#229=ORIENTED_EDGE('',*,*,#530,.T.);
#230=ORIENTED_EDGE('',*,*,#531,.T.);
#231=ORIENTED_EDGE('',*,*,#478,.T.);
#232=ORIENTED_EDGE('',*,*,#532,.T.);
#233=ORIENTED_EDGE('',*,*,#533,.T.);
#234=ORIENTED_EDGE('',*,*,#534,.T.);
#235=ORIENTED_EDGE('',*,*,#479,.T.);
#236=ORIENTED_EDGE('',*,*,#531,.F.);
#237=ORIENTED_EDGE('',*,*,#535,.T.);
#238=ORIENTED_EDGE('',*,*,#536,.T.);
#239=ORIENTED_EDGE('',*,*,#537,.T.);
#240=ORIENTED_EDGE('',*,*,#532,.F.);
#241=ORIENTED_EDGE('',*,*,#477,.T.);
#242=ORIENTED_EDGE('',*,*,#538,.T.);
#243=ORIENTED_EDGE('',*,*,#539,.T.);
#244=ORIENTED_EDGE('',*,*,#536,.F.);
#245=ORIENTED_EDGE('',*,*,#476,.T.);
#246=ORIENTED_EDGE('',*,*,#528,.F.);
#247=ORIENTED_EDGE('',*,*,#540,.T.);
#248=ORIENTED_EDGE('',*,*,#534,.F.);
#249=ORIENTED_EDGE('',*,*,#541,.F.);
#250=ORIENTED_EDGE('',*,*,#520,.T.);
#251=ORIENTED_EDGE('',*,*,#542,.F.);
#252=ORIENTED_EDGE('',*,*,#480,.F.);
#253=ORIENTED_EDGE('',*,*,#543,.T.);
#254=ORIENTED_EDGE('',*,*,#535,.F.);
#255=ORIENTED_EDGE('',*,*,#544,.F.);
#256=ORIENTED_EDGE('',*,*,#521,.F.);
#257=ORIENTED_EDGE('',*,*,#541,.T.);
#258=ORIENTED_EDGE('',*,*,#529,.F.);
#259=ORIENTED_EDGE('',*,*,#545,.F.);
#260=ORIENTED_EDGE('',*,*,#546,.T.);
#261=ORIENTED_EDGE('',*,*,#530,.F.);
#262=ORIENTED_EDGE('',*,*,#545,.T.);
#263=ORIENTED_EDGE('',*,*,#533,.F.);
#264=ORIENTED_EDGE('',*,*,#547,.F.);
#265=ORIENTED_EDGE('',*,*,#505,.F.);
#266=ORIENTED_EDGE('',*,*,#544,.T.);
#267=ORIENTED_EDGE('',*,*,#506,.F.);
#268=ORIENTED_EDGE('',*,*,#547,.T.);
#269=ORIENTED_EDGE('',*,*,#537,.F.);
#270=ORIENTED_EDGE('',*,*,#548,.F.);
#271=ORIENTED_EDGE('',*,*,#539,.F.);
#272=ORIENTED_EDGE('',*,*,#549,.T.);
#273=ORIENTED_EDGE('',*,*,#540,.F.);
#274=ORIENTED_EDGE('',*,*,#550,.F.);
#275=ORIENTED_EDGE('',*,*,#507,.F.);
#276=ORIENTED_EDGE('',*,*,#548,.T.);
#277=ORIENTED_EDGE('',*,*,#538,.F.);
#278=ORIENTED_EDGE('',*,*,#549,.F.);
#279=ORIENTED_EDGE('',*,*,#551,.T.);
#280=ORIENTED_EDGE('',*,*,#552,.T.);
#281=ORIENTED_EDGE('',*,*,#516,.T.);
#282=ORIENTED_EDGE('',*,*,#553,.F.);
#283=ORIENTED_EDGE('',*,*,#554,.T.);
#284=ORIENTED_EDGE('',*,*,#555,.T.);
#285=ORIENTED_EDGE('',*,*,#553,.T.);
#286=ORIENTED_EDGE('',*,*,#515,.T.);
#287=ORIENTED_EDGE('',*,*,#556,.F.);
#288=ORIENTED_EDGE('',*,*,#557,.T.);
#289=ORIENTED_EDGE('',*,*,#556,.T.);
#290=ORIENTED_EDGE('',*,*,#514,.T.);
#291=ORIENTED_EDGE('',*,*,#558,.F.);
#292=ORIENTED_EDGE('',*,*,#559,.T.);
#293=ORIENTED_EDGE('',*,*,#558,.T.);
#294=ORIENTED_EDGE('',*,*,#513,.T.);
#295=ORIENTED_EDGE('',*,*,#560,.T.);
#296=ORIENTED_EDGE('',*,*,#559,.F.);
#297=ORIENTED_EDGE('',*,*,#561,.F.);
#298=ORIENTED_EDGE('',*,*,#562,.F.);
#299=ORIENTED_EDGE('',*,*,#563,.F.);
#300=ORIENTED_EDGE('',*,*,#564,.F.);
#301=ORIENTED_EDGE('',*,*,#565,.F.);
#302=ORIENTED_EDGE('',*,*,#554,.F.);
#303=ORIENTED_EDGE('',*,*,#555,.F.);
#304=ORIENTED_EDGE('',*,*,#557,.F.);
#305=ORIENTED_EDGE('',*,*,#552,.F.);
#306=ORIENTED_EDGE('',*,*,#565,.T.);
#307=ORIENTED_EDGE('',*,*,#566,.F.);
#308=ORIENTED_EDGE('',*,*,#517,.F.);
#309=ORIENTED_EDGE('',*,*,#560,.F.);
#310=ORIENTED_EDGE('',*,*,#512,.F.);
#311=ORIENTED_EDGE('',*,*,#567,.F.);
#312=ORIENTED_EDGE('',*,*,#561,.T.);
#313=ORIENTED_EDGE('',*,*,#568,.F.);
#314=ORIENTED_EDGE('',*,*,#569,.F.);
#315=ORIENTED_EDGE('',*,*,#551,.F.);
#316=ORIENTED_EDGE('',*,*,#569,.T.);
#317=ORIENTED_EDGE('',*,*,#543,.F.);
#318=ORIENTED_EDGE('',*,*,#570,.F.);
#319=ORIENTED_EDGE('',*,*,#546,.F.);
#320=ORIENTED_EDGE('',*,*,#570,.T.);
#321=ORIENTED_EDGE('',*,*,#571,.T.);
#322=ORIENTED_EDGE('',*,*,#481,.T.);
#323=ORIENTED_EDGE('',*,*,#542,.T.);
#324=ORIENTED_EDGE('',*,*,#519,.F.);
#325=ORIENTED_EDGE('',*,*,#564,.T.);
#326=ORIENTED_EDGE('',*,*,#572,.T.);
#327=ORIENTED_EDGE('',*,*,#482,.T.);
#328=ORIENTED_EDGE('',*,*,#571,.F.);
#329=ORIENTED_EDGE('',*,*,#518,.F.);
#330=ORIENTED_EDGE('',*,*,#566,.T.);
#331=ORIENTED_EDGE('',*,*,#563,.T.);
#332=ORIENTED_EDGE('',*,*,#573,.T.);
#333=ORIENTED_EDGE('',*,*,#483,.T.);
#334=ORIENTED_EDGE('',*,*,#572,.F.);
#335=ORIENTED_EDGE('',*,*,#567,.T.);
#336=ORIENTED_EDGE('',*,*,#511,.F.);
#337=ORIENTED_EDGE('',*,*,#574,.T.);
#338=ORIENTED_EDGE('',*,*,#484,.T.);
#339=ORIENTED_EDGE('',*,*,#573,.F.);
#340=ORIENTED_EDGE('',*,*,#562,.T.);
#341=ORIENTED_EDGE('',*,*,#473,.T.);
#342=ORIENTED_EDGE('',*,*,#574,.F.);
#343=ORIENTED_EDGE('',*,*,#510,.T.);
#344=ORIENTED_EDGE('',*,*,#575,.F.);
#345=ORIENTED_EDGE('',*,*,#527,.F.);
#346=ORIENTED_EDGE('',*,*,#576,.F.);
#347=ORIENTED_EDGE('',*,*,#508,.F.);
#348=ORIENTED_EDGE('',*,*,#550,.T.);
#349=ORIENTED_EDGE('',*,*,#526,.F.);
#350=ORIENTED_EDGE('',*,*,#474,.T.);
#351=ORIENTED_EDGE('',*,*,#575,.T.);
#352=ORIENTED_EDGE('',*,*,#509,.T.);
#353=ORIENTED_EDGE('',*,*,#576,.T.);
#354=ORIENTED_EDGE('',*,*,#568,.T.);
#355=ORIENTED_EDGE('',*,*,#577,.F.);
#356=ORIENTED_EDGE('',*,*,#523,.T.);
#357=ORIENTED_EDGE('',*,*,#500,.F.);
#358=ORIENTED_EDGE('',*,*,#577,.T.);
#359=ORIENTED_EDGE('',*,*,#578,.T.);
#360=ORIENTED_EDGE('',*,*,#499,.T.);
#361=ORIENTED_EDGE('',*,*,#578,.F.);
#362=ORIENTED_EDGE('',*,*,#522,.T.);
#363=ORIENTED_EDGE('',*,*,#579,.F.);
#364=ORIENTED_EDGE('',*,*,#525,.T.);
#365=ORIENTED_EDGE('',*,*,#498,.F.);
#366=ORIENTED_EDGE('',*,*,#579,.T.);
#367=ORIENTED_EDGE('',*,*,#580,.T.);
#368=ORIENTED_EDGE('',*,*,#497,.T.);
#369=ORIENTED_EDGE('',*,*,#580,.F.);
#370=ORIENTED_EDGE('',*,*,#524,.T.);
#371=ORIENTED_EDGE('',*,*,#492,.T.);
#372=ORIENTED_EDGE('',*,*,#581,.F.);
#373=ORIENTED_EDGE('',*,*,#466,.F.);
#374=ORIENTED_EDGE('',*,*,#582,.T.);
#375=ORIENTED_EDGE('',*,*,#491,.T.);
#376=ORIENTED_EDGE('',*,*,#583,.T.);
#377=ORIENTED_EDGE('',*,*,#467,.F.);
#378=ORIENTED_EDGE('',*,*,#581,.T.);
#379=ORIENTED_EDGE('',*,*,#486,.T.);
#380=ORIENTED_EDGE('',*,*,#496,.F.);
#381=ORIENTED_EDGE('',*,*,#472,.F.);
#382=ORIENTED_EDGE('',*,*,#495,.T.);
#383=ORIENTED_EDGE('',*,*,#449,.F.);
#384=ORIENTED_EDGE('',*,*,#493,.F.);
#385=ORIENTED_EDGE('',*,*,#582,.F.);
#386=ORIENTED_EDGE('',*,*,#465,.T.);
#387=ORIENTED_EDGE('',*,*,#584,.F.);
#388=ORIENTED_EDGE('',*,*,#585,.T.);
#389=ORIENTED_EDGE('',*,*,#586,.T.);
#390=ORIENTED_EDGE('',*,*,#587,.F.);
#391=ORIENTED_EDGE('',*,*,#488,.T.);
#392=ORIENTED_EDGE('',*,*,#494,.T.);
#393=ORIENTED_EDGE('',*,*,#470,.T.);
#394=ORIENTED_EDGE('',*,*,#588,.F.);
#395=ORIENTED_EDGE('',*,*,#589,.F.);
#396=ORIENTED_EDGE('',*,*,#590,.T.);
#397=ORIENTED_EDGE('',*,*,#591,.T.);
#398=ORIENTED_EDGE('',*,*,#468,.F.);
#399=ORIENTED_EDGE('',*,*,#583,.F.);
#400=ORIENTED_EDGE('',*,*,#490,.F.);
#401=ORIENTED_EDGE('',*,*,#592,.T.);
#402=ORIENTED_EDGE('',*,*,#593,.F.);
#403=ORIENTED_EDGE('',*,*,#587,.T.);
#404=ORIENTED_EDGE('',*,*,#594,.T.);
#405=ORIENTED_EDGE('',*,*,#592,.F.);
#406=ORIENTED_EDGE('',*,*,#489,.T.);
#407=ORIENTED_EDGE('',*,*,#469,.T.);
#408=ORIENTED_EDGE('',*,*,#591,.F.);
#409=ORIENTED_EDGE('',*,*,#595,.F.);
#410=ORIENTED_EDGE('',*,*,#588,.T.);
#411=ORIENTED_EDGE('',*,*,#596,.F.);
#412=ORIENTED_EDGE('',*,*,#584,.T.);
#413=ORIENTED_EDGE('',*,*,#595,.T.);
#414=ORIENTED_EDGE('',*,*,#590,.F.);
#415=ORIENTED_EDGE('',*,*,#464,.F.);
#416=ORIENTED_EDGE('',*,*,#438,.F.);
#417=ORIENTED_EDGE('',*,*,#454,.T.);
#418=ORIENTED_EDGE('',*,*,#451,.T.);
#419=ORIENTED_EDGE('',*,*,#436,.F.);
#420=ORIENTED_EDGE('',*,*,#597,.F.);
#421=ORIENTED_EDGE('',*,*,#446,.T.);
#422=ORIENTED_EDGE('',*,*,#453,.F.);
#423=ORIENTED_EDGE('',*,*,#435,.F.);
#424=ORIENTED_EDGE('',*,*,#444,.F.);
#425=ORIENTED_EDGE('',*,*,#447,.T.);
#426=ORIENTED_EDGE('',*,*,#597,.T.);
#427=ORIENTED_EDGE('',*,*,#585,.F.);
#428=ORIENTED_EDGE('',*,*,#596,.T.);
#429=ORIENTED_EDGE('',*,*,#589,.T.);
#430=ORIENTED_EDGE('',*,*,#598,.T.);
#431=ORIENTED_EDGE('',*,*,#586,.F.);
#432=ORIENTED_EDGE('',*,*,#598,.F.);
#433=ORIENTED_EDGE('',*,*,#593,.T.);
#434=ORIENTED_EDGE('',*,*,#594,.F.);
#435=EDGE_CURVE('',#599,#600,#717,.T.);
#436=EDGE_CURVE('',#600,#601,#718,.T.);
#437=EDGE_CURVE('',#601,#602,#719,.T.);
#438=EDGE_CURVE('',#602,#603,#720,.T.);
#439=EDGE_CURVE('',#604,#603,#721,.T.);
#440=EDGE_CURVE('',#605,#604,#722,.T.);
#441=EDGE_CURVE('',#606,#605,#723,.T.);
#442=EDGE_CURVE('',#606,#599,#724,.T.);
#443=EDGE_CURVE('',#607,#608,#725,.T.);
#444=EDGE_CURVE('',#608,#599,#726,.T.);
#445=EDGE_CURVE('',#607,#606,#727,.T.);
#446=EDGE_CURVE('',#609,#610,#728,.T.);
#447=EDGE_CURVE('',#608,#609,#729,.T.);
#448=EDGE_CURVE('',#607,#611,#730,.T.);
#449=EDGE_CURVE('',#611,#612,#731,.T.);
#450=EDGE_CURVE('',#612,#613,#732,.T.);
#451=EDGE_CURVE('',#614,#613,#733,.T.);
#452=EDGE_CURVE('',#610,#614,#734,.T.);
#453=EDGE_CURVE('',#601,#610,#735,.T.);
#454=EDGE_CURVE('',#602,#614,#736,.T.);
#455=EDGE_CURVE('',#615,#615,#49,.T.);
#456=EDGE_CURVE('',#616,#616,#50,.T.);
#457=EDGE_CURVE('',#617,#617,#51,.F.);
#458=EDGE_CURVE('',#618,#618,#52,.F.);
#459=EDGE_CURVE('',#619,#619,#53,.F.);
#460=EDGE_CURVE('',#620,#620,#54,.F.);
#461=EDGE_CURVE('',#621,#621,#55,.F.);
#462=EDGE_CURVE('',#622,#622,#56,.F.);
#463=EDGE_CURVE('',#604,#623,#737,.T.);
#464=EDGE_CURVE('',#603,#613,#738,.T.);
#465=EDGE_CURVE('',#624,#612,#739,.T.);
#466=EDGE_CURVE('',#624,#625,#740,.T.);
#467=EDGE_CURVE('',#625,#626,#741,.T.);
#468=EDGE_CURVE('',#626,#627,#742,.T.);
#469=EDGE_CURVE('',#628,#627,#743,.T.);
#470=EDGE_CURVE('',#629,#628,#744,.T.);
#471=EDGE_CURVE('',#629,#630,#745,.T.);
#472=EDGE_CURVE('',#630,#623,#746,.T.);
#473=EDGE_CURVE('',#631,#632,#747,.T.);
#474=EDGE_CURVE('',#633,#631,#748,.T.);
#475=EDGE_CURVE('',#634,#633,#749,.T.);
#476=EDGE_CURVE('',#635,#634,#57,.T.);
#477=EDGE_CURVE('',#636,#635,#750,.T.);
#478=EDGE_CURVE('',#637,#636,#58,.T.);
#479=EDGE_CURVE('',#638,#637,#751,.T.);
#480=EDGE_CURVE('',#638,#639,#752,.T.);
#481=EDGE_CURVE('',#640,#639,#753,.T.);
#482=EDGE_CURVE('',#641,#640,#59,.T.);
#483=EDGE_CURVE('',#642,#641,#754,.T.);
#484=EDGE_CURVE('',#632,#642,#60,.T.);
#485=EDGE_CURVE('',#605,#643,#755,.T.);
#486=EDGE_CURVE('',#644,#643,#756,.T.);
#487=EDGE_CURVE('',#645,#644,#757,.T.);
#488=EDGE_CURVE('',#646,#645,#758,.T.);
#489=EDGE_CURVE('',#647,#646,#759,.T.);
#490=EDGE_CURVE('',#647,#648,#760,.T.);
#491=EDGE_CURVE('',#649,#648,#761,.T.);
#492=EDGE_CURVE('',#650,#649,#762,.T.);
#493=EDGE_CURVE('',#650,#611,#763,.T.);
#494=EDGE_CURVE('',#645,#629,#764,.T.);
#495=EDGE_CURVE('',#630,#644,#765,.T.);
#496=EDGE_CURVE('',#623,#643,#766,.T.);
#497=EDGE_CURVE('',#651,#651,#61,.F.);
#498=EDGE_CURVE('',#652,#652,#62,.T.);
#499=EDGE_CURVE('',#653,#653,#63,.F.);
#500=EDGE_CURVE('',#654,#654,#64,.T.);
#501=EDGE_CURVE('',#655,#655,#65,.T.);
#502=EDGE_CURVE('',#656,#656,#66,.T.);
#503=EDGE_CURVE('',#657,#657,#67,.T.);
#504=EDGE_CURVE('',#658,#658,#68,.T.);
#505=EDGE_CURVE('',#659,#660,#69,.T.);
#506=EDGE_CURVE('',#660,#661,#767,.T.);
#507=EDGE_CURVE('',#661,#662,#70,.T.);
#508=EDGE_CURVE('',#662,#663,#768,.T.);
#509=EDGE_CURVE('',#664,#663,#769,.F.);
#510=EDGE_CURVE('',#665,#664,#770,.F.);
#511=EDGE_CURVE('',#665,#666,#71,.T.);
#512=EDGE_CURVE('',#666,#667,#72,.F.);
#513=EDGE_CURVE('',#668,#667,#771,.F.);
#514=EDGE_CURVE('',#669,#668,#73,.F.);
#515=EDGE_CURVE('',#670,#669,#772,.F.);
#516=EDGE_CURVE('',#671,#670,#74,.F.);
#517=EDGE_CURVE('',#671,#672,#75,.F.);
#518=EDGE_CURVE('',#672,#673,#76,.T.);
#519=EDGE_CURVE('',#673,#674,#773,.F.);
#520=EDGE_CURVE('',#675,#674,#774,.T.);
#521=EDGE_CURVE('',#675,#659,#775,.T.);
#522=EDGE_CURVE('',#676,#676,#77,.T.);
#523=EDGE_CURVE('',#677,#677,#78,.T.);
#524=EDGE_CURVE('',#678,#678,#79,.T.);
#525=EDGE_CURVE('',#679,#679,#80,.T.);
#526=EDGE_CURVE('',#633,#680,#81,.F.);
#527=EDGE_CURVE('',#680,#681,#776,.F.);
#528=EDGE_CURVE('',#681,#634,#82,.T.);
#529=EDGE_CURVE('',#682,#683,#14,.T.);
#530=EDGE_CURVE('',#683,#684,#83,.F.);
#531=EDGE_CURVE('',#684,#637,#84,.F.);
#532=EDGE_CURVE('',#636,#685,#85,.T.);
#533=EDGE_CURVE('',#685,#682,#86,.F.);
#534=EDGE_CURVE('',#686,#638,#87,.T.);
#535=EDGE_CURVE('',#684,#686,#777,.F.);
#536=EDGE_CURVE('',#635,#687,#88,.F.);
#537=EDGE_CURVE('',#687,#685,#778,.F.);
#538=EDGE_CURVE('',#688,#689,#15,.T.);
#539=EDGE_CURVE('',#689,#687,#89,.F.);
#540=EDGE_CURVE('',#681,#688,#90,.F.);
#541=EDGE_CURVE('',#675,#686,#779,.T.);
#542=EDGE_CURVE('',#639,#674,#780,.F.);
#543=EDGE_CURVE('',#690,#690,#91,.T.);
#544=EDGE_CURVE('',#659,#684,#781,.F.);
#545=EDGE_CURVE('',#683,#682,#16,.T.);
#546=EDGE_CURVE('',#691,#691,#92,.T.);
#547=EDGE_CURVE('',#660,#685,#782,.T.);
#548=EDGE_CURVE('',#661,#687,#783,.F.);
#549=EDGE_CURVE('',#689,#688,#17,.T.);
#550=EDGE_CURVE('',#662,#681,#784,.T.);
#551=EDGE_CURVE('',#692,#692,#93,.F.);
#552=EDGE_CURVE('',#693,#671,#785,.T.);
#553=EDGE_CURVE('',#694,#670,#786,.T.);
#554=EDGE_CURVE('',#694,#693,#94,.T.);
#555=EDGE_CURVE('',#695,#694,#787,.T.);
#556=EDGE_CURVE('',#695,#669,#788,.T.);
#557=EDGE_CURVE('',#696,#695,#95,.T.);
#558=EDGE_CURVE('',#696,#668,#789,.T.);
#559=EDGE_CURVE('',#697,#696,#790,.T.);
#560=EDGE_CURVE('',#667,#697,#791,.F.);
#561=EDGE_CURVE('',#698,#697,#96,.F.);
#562=EDGE_CURVE('',#699,#698,#97,.F.);
#563=EDGE_CURVE('',#700,#699,#792,.F.);
#564=EDGE_CURVE('',#701,#700,#98,.F.);
#565=EDGE_CURVE('',#693,#701,#99,.F.);
#566=EDGE_CURVE('',#672,#701,#18,.T.);
#567=EDGE_CURVE('',#698,#666,#19,.T.);
#568=EDGE_CURVE('',#702,#702,#100,.T.);
#569=EDGE_CURVE('',#703,#703,#101,.F.);
#570=EDGE_CURVE('',#704,#704,#102,.F.);
#571=EDGE_CURVE('',#673,#640,#793,.T.);
#572=EDGE_CURVE('',#700,#641,#20,.T.);
#573=EDGE_CURVE('',#699,#642,#794,.T.);
#574=EDGE_CURVE('',#665,#632,#21,.T.);
#575=EDGE_CURVE('',#631,#664,#795,.T.);
#576=EDGE_CURVE('',#663,#680,#796,.T.);
#577=EDGE_CURVE('',#705,#705,#103,.T.);
#578=EDGE_CURVE('',#706,#706,#104,.T.);
#579=EDGE_CURVE('',#707,#707,#105,.T.);
#580=EDGE_CURVE('',#708,#708,#106,.T.);
#581=EDGE_CURVE('',#625,#649,#797,.T.);
#582=EDGE_CURVE('',#624,#650,#798,.T.);
#583=EDGE_CURVE('',#648,#626,#799,.T.);
#584=EDGE_CURVE('',#709,#710,#800,.T.);
#585=EDGE_CURVE('',#709,#711,#801,.T.);
#586=EDGE_CURVE('',#711,#712,#802,.T.);
#587=EDGE_CURVE('',#646,#712,#803,.T.);
#588=EDGE_CURVE('',#710,#628,#804,.T.);
#589=EDGE_CURVE('',#713,#714,#805,.T.);
#590=EDGE_CURVE('',#713,#715,#806,.T.);
#591=EDGE_CURVE('',#715,#627,#807,.T.);
#592=EDGE_CURVE('',#647,#716,#808,.T.);
#593=EDGE_CURVE('',#714,#716,#809,.T.);
#594=EDGE_CURVE('',#712,#716,#810,.T.);
#595=EDGE_CURVE('',#710,#715,#811,.T.);
#596=EDGE_CURVE('',#709,#713,#812,.T.);
#597=EDGE_CURVE('',#609,#600,#813,.T.);
#598=EDGE_CURVE('',#714,#711,#814,.T.);
#599=VERTEX_POINT('',#1739);
#600=VERTEX_POINT('',#1740);
#601=VERTEX_POINT('',#1742);
#602=VERTEX_POINT('',#1744);
#603=VERTEX_POINT('',#1746);
#604=VERTEX_POINT('',#1748);
#605=VERTEX_POINT('',#1750);
#606=VERTEX_POINT('',#1752);
#607=VERTEX_POINT('',#1756);
#608=VERTEX_POINT('',#1757);
#609=VERTEX_POINT('',#1762);
#610=VERTEX_POINT('',#1763);
#611=VERTEX_POINT('',#1766);
#612=VERTEX_POINT('',#1768);
#613=VERTEX_POINT('',#1770);
#614=VERTEX_POINT('',#1772);
#615=VERTEX_POINT('',#1779);
#616=VERTEX_POINT('',#1781);
#617=VERTEX_POINT('',#1783);
#618=VERTEX_POINT('',#1785);
#619=VERTEX_POINT('',#1787);
#620=VERTEX_POINT('',#1789);
#621=VERTEX_POINT('',#1791);
#622=VERTEX_POINT('',#1793);
#623=VERTEX_POINT('',#1795);
#624=VERTEX_POINT('',#1798);
#625=VERTEX_POINT('',#1800);
#626=VERTEX_POINT('',#1802);
#627=VERTEX_POINT('',#1804);
#628=VERTEX_POINT('',#1806);
#629=VERTEX_POINT('',#1808);
#630=VERTEX_POINT('',#1810);
#631=VERTEX_POINT('',#1814);
#632=VERTEX_POINT('',#1815);
#633=VERTEX_POINT('',#1817);
#634=VERTEX_POINT('',#1819);
#635=VERTEX_POINT('',#1821);
#636=VERTEX_POINT('',#1823);
#637=VERTEX_POINT('',#1825);
#638=VERTEX_POINT('',#1827);
#639=VERTEX_POINT('',#1829);
#640=VERTEX_POINT('',#1831);
#641=VERTEX_POINT('',#1833);
#642=VERTEX_POINT('',#1835);
#643=VERTEX_POINT('',#1838);
#644=VERTEX_POINT('',#1840);
#645=VERTEX_POINT('',#1842);
#646=VERTEX_POINT('',#1844);
#647=VERTEX_POINT('',#1846);
#648=VERTEX_POINT('',#1848);
#649=VERTEX_POINT('',#1850);
#650=VERTEX_POINT('',#1852);
#651=VERTEX_POINT('',#1861);
#652=VERTEX_POINT('',#1864);
#653=VERTEX_POINT('',#1867);
#654=VERTEX_POINT('',#1870);
#655=VERTEX_POINT('',#1873);
#656=VERTEX_POINT('',#1876);
#657=VERTEX_POINT('',#1879);
#658=VERTEX_POINT('',#1882);
#659=VERTEX_POINT('',#1885);
#660=VERTEX_POINT('',#1886);
#661=VERTEX_POINT('',#1888);
#662=VERTEX_POINT('',#1890);
#663=VERTEX_POINT('',#1892);
#664=VERTEX_POINT('',#1894);
#665=VERTEX_POINT('',#1896);
#666=VERTEX_POINT('',#1898);
#667=VERTEX_POINT('',#1900);
#668=VERTEX_POINT('',#1902);
#669=VERTEX_POINT('',#1904);
#670=VERTEX_POINT('',#1906);
#671=VERTEX_POINT('',#1908);
#672=VERTEX_POINT('',#1910);
#673=VERTEX_POINT('',#1912);
#674=VERTEX_POINT('',#1914);
#675=VERTEX_POINT('',#1916);
#676=VERTEX_POINT('',#1919);
#677=VERTEX_POINT('',#1921);
#678=VERTEX_POINT('',#1923);
#679=VERTEX_POINT('',#1925);
#680=VERTEX_POINT('',#1928);
#681=VERTEX_POINT('',#1930);
#682=VERTEX_POINT('',#1938);
#683=VERTEX_POINT('',#1939);
#684=VERTEX_POINT('',#1941);
#685=VERTEX_POINT('',#1944);
#686=VERTEX_POINT('',#1948);
#687=VERTEX_POINT('',#1952);
#688=VERTEX_POINT('',#1960);
#689=VERTEX_POINT('',#1961);
#690=VERTEX_POINT('',#1968);
#691=VERTEX_POINT('',#1996);
#692=VERTEX_POINT('',#2028);
#693=VERTEX_POINT('',#2031);
#694=VERTEX_POINT('',#2033);
#695=VERTEX_POINT('',#2037);
#696=VERTEX_POINT('',#2041);
#697=VERTEX_POINT('',#2045);
#698=VERTEX_POINT('',#2049);
#699=VERTEX_POINT('',#2051);
#700=VERTEX_POINT('',#2053);
#701=VERTEX_POINT('',#2055);
#702=VERTEX_POINT('',#2069);
#703=VERTEX_POINT('',#2071);
#704=VERTEX_POINT('',#2075);
#705=VERTEX_POINT('',#2098);
#706=VERTEX_POINT('',#2102);
#707=VERTEX_POINT('',#2106);
#708=VERTEX_POINT('',#2110);
#709=VERTEX_POINT('',#2121);
#710=VERTEX_POINT('',#2122);
#711=VERTEX_POINT('',#2124);
#712=VERTEX_POINT('',#2126);
#713=VERTEX_POINT('',#2131);
#714=VERTEX_POINT('',#2132);
#715=VERTEX_POINT('',#2134);
#716=VERTEX_POINT('',#2137);
#717=LINE('',#1738,#815);
#718=LINE('',#1741,#816);
#719=LINE('',#1743,#817);
#720=LINE('',#1745,#818);
#721=LINE('',#1747,#819);
#722=LINE('',#1749,#820);
#723=LINE('',#1751,#821);
#724=LINE('',#1753,#822);
#725=LINE('',#1755,#823);
#726=LINE('',#1758,#824);
#727=LINE('',#1759,#825);
#728=LINE('',#1761,#826);
#729=LINE('',#1764,#827);
#730=LINE('',#1765,#828);
#731=LINE('',#1767,#829);
#732=LINE('',#1769,#830);
#733=LINE('',#1771,#831);
#734=LINE('',#1773,#832);
#735=LINE('',#1775,#833);
#736=LINE('',#1776,#834);
#737=LINE('',#1794,#835);
#738=LINE('',#1796,#836);
#739=LINE('',#1797,#837);
#740=LINE('',#1799,#838);
#741=LINE('',#1801,#839);
#742=LINE('',#1803,#840);
#743=LINE('',#1805,#841);
#744=LINE('',#1807,#842);
#745=LINE('',#1809,#843);
#746=LINE('',#1811,#844);
#747=LINE('',#1813,#845);
#748=LINE('',#1816,#846);
#749=LINE('',#1818,#847);
#750=LINE('',#1822,#848);
#751=LINE('',#1826,#849);
#752=LINE('',#1828,#850);
#753=LINE('',#1830,#851);
#754=LINE('',#1834,#852);
#755=LINE('',#1837,#853);
#756=LINE('',#1839,#854);
#757=LINE('',#1841,#855);
#758=LINE('',#1843,#856);
#759=LINE('',#1845,#857);
#760=LINE('',#1847,#858);
#761=LINE('',#1849,#859);
#762=LINE('',#1851,#860);
#763=LINE('',#1853,#861);
#764=LINE('',#1855,#862);
#765=LINE('',#1856,#863);
#766=LINE('',#1858,#864);
#767=LINE('',#1887,#865);
#768=LINE('',#1891,#866);
#769=LINE('',#1893,#867);
#770=LINE('',#1895,#868);
#771=LINE('',#1901,#869);
#772=LINE('',#1905,#870);
#773=LINE('',#1913,#871);
#774=LINE('',#1915,#872);
#775=LINE('',#1917,#873);
#776=LINE('',#1929,#874);
#777=LINE('',#1949,#875);
#778=LINE('',#1953,#876);
#779=LINE('',#1965,#877);
#780=LINE('',#1966,#878);
#781=LINE('',#1970,#879);
#782=LINE('',#1998,#880);
#783=LINE('',#2000,#881);
#784=LINE('',#2025,#882);
#785=LINE('',#2030,#883);
#786=LINE('',#2032,#884);
#787=LINE('',#2036,#885);
#788=LINE('',#2038,#886);
#789=LINE('',#2042,#887);
#790=LINE('',#2044,#888);
#791=LINE('',#2046,#889);
#792=LINE('',#2052,#890);
#793=LINE('',#2078,#891);
#794=LINE('',#2085,#892);
#795=LINE('',#2092,#893);
#796=LINE('',#2094,#894);
#797=LINE('',#2113,#895);
#798=LINE('',#2114,#896);
#799=LINE('',#2116,#897);
#800=LINE('',#2120,#898);
#801=LINE('',#2123,#899);
#802=LINE('',#2125,#900);
#803=LINE('',#2127,#901);
#804=LINE('',#2128,#902);
#805=LINE('',#2130,#903);
#806=LINE('',#2133,#904);
#807=LINE('',#2135,#905);
#808=LINE('',#2136,#906);
#809=LINE('',#2138,#907);
#810=LINE('',#2140,#908);
#811=LINE('',#2142,#909);
#812=LINE('',#2144,#910);
#813=LINE('',#2147,#911);
#814=LINE('',#2150,#912);
#815=VECTOR('',#1386,1.);
#816=VECTOR('',#1387,1.);
#817=VECTOR('',#1388,1.);
#818=VECTOR('',#1389,1.);
#819=VECTOR('',#1390,1.);
#820=VECTOR('',#1391,1.);
#821=VECTOR('',#1392,1.);
#822=VECTOR('',#1393,1.);
#823=VECTOR('',#1396,1.);
#824=VECTOR('',#1397,1.);
#825=VECTOR('',#1398,1.);
#826=VECTOR('',#1401,1.);
#827=VECTOR('',#1402,1.);
#828=VECTOR('',#1403,1.);
#829=VECTOR('',#1404,1.);
#830=VECTOR('',#1405,1.);
#831=VECTOR('',#1406,1.);
#832=VECTOR('',#1407,1.);
#833=VECTOR('',#1410,1.);
#834=VECTOR('',#1411,1.);
#835=VECTOR('',#1430,1.);
#836=VECTOR('',#1431,1.);
#837=VECTOR('',#1432,1.);
#838=VECTOR('',#1433,1.);
#839=VECTOR('',#1434,1.);
#840=VECTOR('',#1435,1.);
#841=VECTOR('',#1436,1.);
#842=VECTOR('',#1437,1.);
#843=VECTOR('',#1438,1.);
#844=VECTOR('',#1439,1.);
#845=VECTOR('',#1442,1.);
#846=VECTOR('',#1443,1.);
#847=VECTOR('',#1444,1.);
#848=VECTOR('',#1447,1.);
#849=VECTOR('',#1450,1.);
#850=VECTOR('',#1451,1.);
#851=VECTOR('',#1452,1.);
#852=VECTOR('',#1455,1.);
#853=VECTOR('',#1458,1.);
#854=VECTOR('',#1459,1.);
#855=VECTOR('',#1460,1.);
#856=VECTOR('',#1461,1.);
#857=VECTOR('',#1462,1.);
#858=VECTOR('',#1463,1.);
#859=VECTOR('',#1464,1.);
#860=VECTOR('',#1465,1.);
#861=VECTOR('',#1466,1.);
#862=VECTOR('',#1469,1.);
#863=VECTOR('',#1470,1.);
#864=VECTOR('',#1473,1.);
#865=VECTOR('',#1510,1.);
#866=VECTOR('',#1513,1.);
#867=VECTOR('',#1514,1.);
#868=VECTOR('',#1515,1.);
#869=VECTOR('',#1520,1.);
#870=VECTOR('',#1523,1.);
#871=VECTOR('',#1530,1.);
#872=VECTOR('',#1531,1.);
#873=VECTOR('',#1532,1.);
#874=VECTOR('',#1545,1.);
#875=VECTOR('',#1562,1.);
#876=VECTOR('',#1567,1.);
#877=VECTOR('',#1576,1.);
#878=VECTOR('',#1577,1.);
#879=VECTOR('',#1582,1.);
#880=VECTOR('',#1589,1.);
#881=VECTOR('',#1592,1.);
#882=VECTOR('',#1595,1.);
#883=VECTOR('',#1602,1.);
#884=VECTOR('',#1603,1.);
#885=VECTOR('',#1608,1.);
#886=VECTOR('',#1609,1.);
#887=VECTOR('',#1614,1.);
#888=VECTOR('',#1617,1.);
#889=VECTOR('',#1618,1.);
#890=VECTOR('',#1625,1.);
#891=VECTOR('',#1650,1.);
#892=VECTOR('',#1655,1.);
#893=VECTOR('',#1660,1.);
#894=VECTOR('',#1663,1.);
#895=VECTOR('',#1692,1.);
#896=VECTOR('',#1693,1.);
#897=VECTOR('',#1696,1.);
#898=VECTOR('',#1703,1.);
#899=VECTOR('',#1704,1.);
#900=VECTOR('',#1705,1.);
#901=VECTOR('',#1706,1.);
#902=VECTOR('',#1707,1.);
#903=VECTOR('',#1710,1.);
#904=VECTOR('',#1711,1.);
#905=VECTOR('',#1712,1.);
#906=VECTOR('',#1713,1.);
#907=VECTOR('',#1714,1.);
#908=VECTOR('',#1717,1.);
#909=VECTOR('',#1720,1.);
#910=VECTOR('',#1723,1.);
#911=VECTOR('',#1728,1.);
#912=VECTOR('',#1733,1.);
#913=EDGE_LOOP('',(#107,#108,#109,#110,#111,#112,#113,#114));
#914=EDGE_LOOP('',(#115,#116,#117,#118));
#915=EDGE_LOOP('',(#119,#120,#121,#122,#123,#124,#125,#126));
#916=EDGE_LOOP('',(#127,#128,#129,#130));
#917=EDGE_LOOP('',(#131));
#918=EDGE_LOOP('',(#132));
#919=EDGE_LOOP('',(#133));
#920=EDGE_LOOP('',(#134));
#921=EDGE_LOOP('',(#135));
#922=EDGE_LOOP('',(#136));
#923=EDGE_LOOP('',(#137));
#924=EDGE_LOOP('',(#138));
#925=EDGE_LOOP('',(#139,#140,#141,#142,#143,#144,#145,#146,#147,#148,#149,
#150));
#926=EDGE_LOOP('',(#151,#152,#153,#154,#155,#156,#157,#158,#159,#160,#161,
#162));
#927=EDGE_LOOP('',(#163,#164,#165,#166,#167,#168,#169,#170,#171,#172,#173,
#174));
#928=EDGE_LOOP('',(#175,#176,#177,#178));
#929=EDGE_LOOP('',(#179,#180,#181,#182));
#930=EDGE_LOOP('',(#183));
#931=EDGE_LOOP('',(#184));
#932=EDGE_LOOP('',(#185));
#933=EDGE_LOOP('',(#186));
#934=EDGE_LOOP('',(#187));
#935=EDGE_LOOP('',(#188));
#936=EDGE_LOOP('',(#189));
#937=EDGE_LOOP('',(#190));
#938=EDGE_LOOP('',(#191));
#939=EDGE_LOOP('',(#192));
#940=EDGE_LOOP('',(#193));
#941=EDGE_LOOP('',(#194));
#942=EDGE_LOOP('',(#195));
#943=EDGE_LOOP('',(#196));
#944=EDGE_LOOP('',(#197));
#945=EDGE_LOOP('',(#198));
#946=EDGE_LOOP('',(#199,#200,#201,#202,#203,#204,#205,#206,#207,#208,#209,
#210,#211,#212,#213,#214,#215));
#947=EDGE_LOOP('',(#216));
#948=EDGE_LOOP('',(#217));
#949=EDGE_LOOP('',(#218));
#950=EDGE_LOOP('',(#219));
#951=EDGE_LOOP('',(#220));
#952=EDGE_LOOP('',(#221));
#953=EDGE_LOOP('',(#222));
#954=EDGE_LOOP('',(#223));
#955=EDGE_LOOP('',(#224,#225,#226,#227));
#956=EDGE_LOOP('',(#228,#229,#230,#231,#232,#233));
#957=EDGE_LOOP('',(#234,#235,#236,#237));
#958=EDGE_LOOP('',(#238,#239,#240,#241));
#959=EDGE_LOOP('',(#242,#243,#244,#245,#246,#247));
#960=EDGE_LOOP('',(#248,#249,#250,#251,#252));
#961=EDGE_LOOP('',(#253));
#962=EDGE_LOOP('',(#254,#255,#256,#257));
#963=EDGE_LOOP('',(#258,#259));
#964=EDGE_LOOP('',(#260));
#965=EDGE_LOOP('',(#261,#262,#263,#264,#265,#266));
#966=EDGE_LOOP('',(#267,#268,#269,#270));
#967=EDGE_LOOP('',(#271,#272,#273,#274,#275,#276));
#968=EDGE_LOOP('',(#277,#278));
#969=EDGE_LOOP('',(#279));
#970=EDGE_LOOP('',(#280,#281,#282,#283));
#971=EDGE_LOOP('',(#284,#285,#286,#287));
#972=EDGE_LOOP('',(#288,#289,#290,#291));
#973=EDGE_LOOP('',(#292,#293,#294,#295));
#974=EDGE_LOOP('',(#296,#297,#298,#299,#300,#301,#302,#303,#304));
#975=EDGE_LOOP('',(#305,#306,#307,#308));
#976=EDGE_LOOP('',(#309,#310,#311,#312));
#977=EDGE_LOOP('',(#313));
#978=EDGE_LOOP('',(#314));
#979=EDGE_LOOP('',(#315));
#980=EDGE_LOOP('',(#316));
#981=EDGE_LOOP('',(#317));
#982=EDGE_LOOP('',(#318));
#983=EDGE_LOOP('',(#319));
#984=EDGE_LOOP('',(#320));
#985=EDGE_LOOP('',(#321,#322,#323,#324));
#986=EDGE_LOOP('',(#325,#326,#327,#328,#329,#330));
#987=EDGE_LOOP('',(#331,#332,#333,#334));
#988=EDGE_LOOP('',(#335,#336,#337,#338,#339,#340));
#989=EDGE_LOOP('',(#341,#342,#343,#344));
#990=EDGE_LOOP('',(#345,#346,#347,#348));
#991=EDGE_LOOP('',(#349,#350,#351,#352,#353));
#992=EDGE_LOOP('',(#354));
#993=EDGE_LOOP('',(#355));
#994=EDGE_LOOP('',(#356));
#995=EDGE_LOOP('',(#357));
#996=EDGE_LOOP('',(#358));
#997=EDGE_LOOP('',(#359));
#998=EDGE_LOOP('',(#360));
#999=EDGE_LOOP('',(#361));
#1000=EDGE_LOOP('',(#362));
#1001=EDGE_LOOP('',(#363));
#1002=EDGE_LOOP('',(#364));
#1003=EDGE_LOOP('',(#365));
#1004=EDGE_LOOP('',(#366));
#1005=EDGE_LOOP('',(#367));
#1006=EDGE_LOOP('',(#368));
#1007=EDGE_LOOP('',(#369));
#1008=EDGE_LOOP('',(#370));
#1009=EDGE_LOOP('',(#371,#372,#373,#374));
#1010=EDGE_LOOP('',(#375,#376,#377,#378));
#1011=EDGE_LOOP('',(#379,#380,#381,#382));
#1012=EDGE_LOOP('',(#383,#384,#385,#386));
#1013=EDGE_LOOP('',(#387,#388,#389,#390,#391,#392,#393,#394));
#1014=EDGE_LOOP('',(#395,#396,#397,#398,#399,#400,#401,#402));
#1015=EDGE_LOOP('',(#403,#404,#405,#406));
#1016=EDGE_LOOP('',(#407,#408,#409,#410));
#1017=EDGE_LOOP('',(#411,#412,#413,#414));
#1018=EDGE_LOOP('',(#415,#416,#417,#418));
#1019=EDGE_LOOP('',(#419,#420,#421,#422));
#1020=EDGE_LOOP('',(#423,#424,#425,#426));
#1021=EDGE_LOOP('',(#427,#428,#429,#430));
#1022=EDGE_LOOP('',(#431,#432,#433,#434));
#1023=FACE_BOUND('',#913,.T.);
#1024=FACE_BOUND('',#914,.T.);
#1025=FACE_BOUND('',#915,.T.);
#1026=FACE_BOUND('',#916,.T.);
#1027=FACE_BOUND('',#917,.T.);
#1028=FACE_BOUND('',#918,.T.);
#1029=FACE_BOUND('',#919,.T.);
#1030=FACE_BOUND('',#920,.T.);
#1031=FACE_BOUND('',#921,.T.);
#1032=FACE_BOUND('',#922,.T.);
#1033=FACE_BOUND('',#923,.T.);
#1034=FACE_BOUND('',#924,.T.);
#1035=FACE_BOUND('',#925,.T.);
#1036=FACE_BOUND('',#926,.T.);
#1037=FACE_BOUND('',#927,.T.);
#1038=FACE_BOUND('',#928,.T.);
#1039=FACE_BOUND('',#929,.T.);
#1040=FACE_BOUND('',#930,.T.);
#1041=FACE_BOUND('',#931,.T.);
#1042=FACE_BOUND('',#932,.T.);
#1043=FACE_BOUND('',#933,.T.);
#1044=FACE_BOUND('',#934,.T.);
#1045=FACE_BOUND('',#935,.T.);
#1046=FACE_BOUND('',#936,.T.);
#1047=FACE_BOUND('',#937,.T.);
#1048=FACE_BOUND('',#938,.T.);
#1049=FACE_BOUND('',#939,.T.);
#1050=FACE_BOUND('',#940,.T.);
#1051=FACE_BOUND('',#941,.T.);
#1052=FACE_BOUND('',#942,.T.);
#1053=FACE_BOUND('',#943,.T.);
#1054=FACE_BOUND('',#944,.T.);
#1055=FACE_BOUND('',#945,.T.);
#1056=FACE_BOUND('',#946,.T.);
#1057=FACE_BOUND('',#947,.T.);
#1058=FACE_BOUND('',#948,.T.);
#1059=FACE_BOUND('',#949,.T.);
#1060=FACE_BOUND('',#950,.T.);
#1061=FACE_BOUND('',#951,.T.);
#1062=FACE_BOUND('',#952,.T.);
#1063=FACE_BOUND('',#953,.T.);
#1064=FACE_BOUND('',#954,.T.);
#1065=FACE_BOUND('',#955,.T.);
#1066=FACE_BOUND('',#956,.T.);
#1067=FACE_BOUND('',#957,.T.);
#1068=FACE_BOUND('',#958,.T.);
#1069=FACE_BOUND('',#959,.T.);
#1070=FACE_BOUND('',#960,.T.);
#1071=FACE_BOUND('',#961,.T.);
#1072=FACE_BOUND('',#962,.T.);
#1073=FACE_BOUND('',#963,.T.);
#1074=FACE_BOUND('',#964,.T.);
#1075=FACE_BOUND('',#965,.T.);
#1076=FACE_BOUND('',#966,.T.);
#1077=FACE_BOUND('',#967,.T.);
#1078=FACE_BOUND('',#968,.T.);
#1079=FACE_BOUND('',#969,.T.);
#1080=FACE_BOUND('',#970,.T.);
#1081=FACE_BOUND('',#971,.T.);
#1082=FACE_BOUND('',#972,.T.);
#1083=FACE_BOUND('',#973,.T.);
#1084=FACE_BOUND('',#974,.T.);
#1085=FACE_BOUND('',#975,.T.);
#1086=FACE_BOUND('',#976,.T.);
#1087=FACE_BOUND('',#977,.T.);
#1088=FACE_BOUND('',#978,.T.);
#1089=FACE_BOUND('',#979,.T.);
#1090=FACE_BOUND('',#980,.T.);
#1091=FACE_BOUND('',#981,.T.);
#1092=FACE_BOUND('',#982,.T.);
#1093=FACE_BOUND('',#983,.T.);
#1094=FACE_BOUND('',#984,.T.);
#1095=FACE_BOUND('',#985,.T.);
#1096=FACE_BOUND('',#986,.T.);
#1097=FACE_BOUND('',#987,.T.);
#1098=FACE_BOUND('',#988,.T.);
#1099=FACE_BOUND('',#989,.T.);
#1100=FACE_BOUND('',#990,.T.);
#1101=FACE_BOUND('',#991,.T.);
#1102=FACE_BOUND('',#992,.T.);
#1103=FACE_BOUND('',#993,.T.);
#1104=FACE_BOUND('',#994,.T.);
#1105=FACE_BOUND('',#995,.T.);
#1106=FACE_BOUND('',#996,.T.);
#1107=FACE_BOUND('',#997,.T.);
#1108=FACE_BOUND('',#998,.T.);
#1109=FACE_BOUND('',#999,.T.);
#1110=FACE_BOUND('',#1000,.T.);
#1111=FACE_BOUND('',#1001,.T.);
#1112=FACE_BOUND('',#1002,.T.);
#1113=FACE_BOUND('',#1003,.T.);
#1114=FACE_BOUND('',#1004,.T.);
#1115=FACE_BOUND('',#1005,.T.);
#1116=FACE_BOUND('',#1006,.T.);
#1117=FACE_BOUND('',#1007,.T.);
#1118=FACE_BOUND('',#1008,.T.);
#1119=FACE_BOUND('',#1009,.T.);
#1120=FACE_BOUND('',#1010,.T.);
#1121=FACE_BOUND('',#1011,.T.);
#1122=FACE_BOUND('',#1012,.T.);
#1123=FACE_BOUND('',#1013,.T.);
#1124=FACE_BOUND('',#1014,.T.);
#1125=FACE_BOUND('',#1015,.T.);
#1126=FACE_BOUND('',#1016,.T.);
#1127=FACE_BOUND('',#1017,.T.);
#1128=FACE_BOUND('',#1018,.T.);
#1129=FACE_BOUND('',#1019,.T.);
#1130=FACE_BOUND('',#1020,.T.);
#1131=FACE_BOUND('',#1021,.T.);
#1132=FACE_BOUND('',#1022,.T.);
#1133=PLANE('',#1255);
#1134=PLANE('',#1256);
#1135=PLANE('',#1257);
#1136=PLANE('',#1258);
#1137=PLANE('',#1259);
#1138=PLANE('',#1268);
#1139=PLANE('',#1273);
#1140=PLANE('',#1274);
#1141=PLANE('',#1291);
#1142=PLANE('',#1319);
#1143=PLANE('',#1321);
#1144=PLANE('',#1325);
#1145=PLANE('',#1331);
#1146=PLANE('',#1334);
#1147=PLANE('',#1335);
#1148=PLANE('',#1345);
#1149=PLANE('',#1348);
#1150=PLANE('',#1349);
#1151=PLANE('',#1351);
#1152=PLANE('',#1353);
#1153=PLANE('',#1354);
#1154=PLANE('',#1355);
#1155=PLANE('',#1358);
#1156=PLANE('',#1359);
#1157=PLANE('',#1364);
#1158=PLANE('',#1365);
#1159=PLANE('',#1368);
#1160=PLANE('',#1369);
#1161=PLANE('',#1370);
#1162=PLANE('',#1371);
#1163=PLANE('',#1372);
#1164=PLANE('',#1373);
#1165=PLANE('',#1374);
#1166=PLANE('',#1375);
#1167=PLANE('',#1376);
#1168=PLANE('',#1377);
#1169=PLANE('',#1378);
#1170=PLANE('',#1379);
#1171=PLANE('',#1380);
#1172=PLANE('',#1381);
#1173=ADVANCED_FACE('',(#1023),#1133,.T.);
#1174=ADVANCED_FACE('',(#1024),#1134,.T.);
#1175=ADVANCED_FACE('',(#1025),#1135,.F.);
#1176=ADVANCED_FACE('',(#1026),#1136,.T.);
#1177=ADVANCED_FACE('',(#1027,#1028,#1029,#1030,#1031,#1032,#1033,#1034,
#1035),#1137,.T.);
#1178=ADVANCED_FACE('',(#1036,#1037),#1138,.T.);
#1179=ADVANCED_FACE('',(#1038),#1139,.F.);
#1180=ADVANCED_FACE('',(#1039),#1140,.T.);
#1181=ADVANCED_FACE('',(#1040,#1041),#24,.F.);
#1182=ADVANCED_FACE('',(#1042,#1043),#25,.F.);
#1183=ADVANCED_FACE('',(#1044,#1045),#26,.F.);
#1184=ADVANCED_FACE('',(#1046,#1047),#27,.F.);
#1185=ADVANCED_FACE('',(#1048,#1049),#28,.F.);
#1186=ADVANCED_FACE('',(#1050,#1051),#29,.F.);
#1187=ADVANCED_FACE('',(#1052,#1053),#30,.F.);
#1188=ADVANCED_FACE('',(#1054,#1055),#31,.F.);
#1189=ADVANCED_FACE('',(#1056,#1057,#1058,#1059,#1060,#1061,#1062,#1063,
#1064),#1141,.T.);
#1190=ADVANCED_FACE('',(#1065),#32,.T.);
#1191=ADVANCED_FACE('',(#1066),#22,.T.);
#1192=ADVANCED_FACE('',(#1067),#33,.T.);
#1193=ADVANCED_FACE('',(#1068),#34,.T.);
#1194=ADVANCED_FACE('',(#1069),#23,.T.);
#1195=ADVANCED_FACE('',(#1070,#1071),#1142,.T.);
#1196=ADVANCED_FACE('',(#1072),#1143,.T.);
#1197=ADVANCED_FACE('',(#1073,#1074),#35,.F.);
#1198=ADVANCED_FACE('',(#1075),#36,.T.);
#1199=ADVANCED_FACE('',(#1076),#1144,.T.);
#1200=ADVANCED_FACE('',(#1077),#37,.T.);
#1201=ADVANCED_FACE('',(#1078,#1079),#38,.F.);
#1202=ADVANCED_FACE('',(#1080),#39,.T.);
#1203=ADVANCED_FACE('',(#1081),#1145,.T.);
#1204=ADVANCED_FACE('',(#1082),#40,.T.);
#1205=ADVANCED_FACE('',(#1083),#1146,.T.);
#1206=ADVANCED_FACE('',(#1084),#1147,.T.);
#1207=ADVANCED_FACE('',(#1085),#41,.F.);
#1208=ADVANCED_FACE('',(#1086),#42,.F.);
#1209=ADVANCED_FACE('',(#1087,#1088),#43,.F.);
#1210=ADVANCED_FACE('',(#1089,#1090),#1148,.F.);
#1211=ADVANCED_FACE('',(#1091,#1092),#44,.F.);
#1212=ADVANCED_FACE('',(#1093,#1094),#1149,.F.);
#1213=ADVANCED_FACE('',(#1095),#1150,.T.);
#1214=ADVANCED_FACE('',(#1096),#12,.T.);
#1215=ADVANCED_FACE('',(#1097),#1151,.T.);
#1216=ADVANCED_FACE('',(#1098),#13,.T.);
#1217=ADVANCED_FACE('',(#1099),#1152,.T.);
#1218=ADVANCED_FACE('',(#1100),#1153,.T.);
#1219=ADVANCED_FACE('',(#1101,#1102),#1154,.F.);
#1220=ADVANCED_FACE('',(#1103,#1104),#45,.F.);
#1221=ADVANCED_FACE('',(#1105,#1106),#1155,.T.);
#1222=ADVANCED_FACE('',(#1107,#1108),#1156,.T.);
#1223=ADVANCED_FACE('',(#1109,#1110),#46,.F.);
#1224=ADVANCED_FACE('',(#1111,#1112),#47,.F.);
#1225=ADVANCED_FACE('',(#1113,#1114),#1157,.T.);
#1226=ADVANCED_FACE('',(#1115,#1116),#1158,.T.);
#1227=ADVANCED_FACE('',(#1117,#1118),#48,.F.);
#1228=ADVANCED_FACE('',(#1119),#1159,.F.);
#1229=ADVANCED_FACE('',(#1120),#1160,.F.);
#1230=ADVANCED_FACE('',(#1121),#1161,.F.);
#1231=ADVANCED_FACE('',(#1122),#1162,.T.);
#1232=ADVANCED_FACE('',(#1123),#1163,.F.);
#1233=ADVANCED_FACE('',(#1124),#1164,.T.);
#1234=ADVANCED_FACE('',(#1125),#1165,.F.);
#1235=ADVANCED_FACE('',(#1126),#1166,.F.);
#1236=ADVANCED_FACE('',(#1127),#1167,.T.);
#1237=ADVANCED_FACE('',(#1128),#1168,.T.);
#1238=ADVANCED_FACE('',(#1129),#1169,.F.);
#1239=ADVANCED_FACE('',(#1130),#1170,.F.);
#1240=ADVANCED_FACE('',(#1131),#1171,.T.);
#1241=ADVANCED_FACE('',(#1132),#1172,.T.);
#1242=CLOSED_SHELL('',(#1173,#1174,#1175,#1176,#1177,#1178,#1179,#1180,
#1181,#1182,#1183,#1184,#1185,#1186,#1187,#1188,#1189,#1190,#1191,#1192,
#1193,#1194,#1195,#1196,#1197,#1198,#1199,#1200,#1201,#1202,#1203,#1204,
#1205,#1206,#1207,#1208,#1209,#1210,#1211,#1212,#1213,#1214,#1215,#1216,
#1217,#1218,#1219,#1220,#1221,#1222,#1223,#1224,#1225,#1226,#1227,#1228,
#1229,#1230,#1231,#1232,#1233,#1234,#1235,#1236,#1237,#1238,#1239,#1240,
#1241));
#1243=STYLED_ITEM('',(#1244),#1251);
#1244=PRESENTATION_STYLE_ASSIGNMENT((#1245));
#1245=SURFACE_STYLE_USAGE(.BOTH.,#1246);
#1246=SURFACE_SIDE_STYLE('',(#1247));
#1247=SURFACE_STYLE_FILL_AREA(#1248);
#1248=FILL_AREA_STYLE('',(#1249));
#1249=FILL_AREA_STYLE_COLOUR('',#1250);
#1250=COLOUR_RGB('',0.752941176470588,0.752941176470588,0.752941176470588);
#1251=MANIFOLD_SOLID_BREP('swap-acc-plate',#1242);
#1252=SHAPE_DEFINITION_REPRESENTATION(#2158,#1253);
#1253=SHAPE_REPRESENTATION('swap-acc-plate',(#1254),#2153);
#1254=AXIS2_PLACEMENT_3D('',#1736,#1382,#1383);
#1255=AXIS2_PLACEMENT_3D('',#1737,#1384,#1385);
#1256=AXIS2_PLACEMENT_3D('',#1754,#1394,#1395);
#1257=AXIS2_PLACEMENT_3D('',#1760,#1399,#1400);
#1258=AXIS2_PLACEMENT_3D('',#1774,#1408,#1409);
#1259=AXIS2_PLACEMENT_3D('',#1777,#1412,#1413);
#1260=AXIS2_PLACEMENT_3D('',#1778,#1414,#1415);
#1261=AXIS2_PLACEMENT_3D('',#1780,#1416,#1417);
#1262=AXIS2_PLACEMENT_3D('',#1782,#1418,#1419);
#1263=AXIS2_PLACEMENT_3D('',#1784,#1420,#1421);
#1264=AXIS2_PLACEMENT_3D('',#1786,#1422,#1423);
#1265=AXIS2_PLACEMENT_3D('',#1788,#1424,#1425);
#1266=AXIS2_PLACEMENT_3D('',#1790,#1426,#1427);
#1267=AXIS2_PLACEMENT_3D('',#1792,#1428,#1429);
#1268=AXIS2_PLACEMENT_3D('',#1812,#1440,#1441);
#1269=AXIS2_PLACEMENT_3D('',#1820,#1445,#1446);
#1270=AXIS2_PLACEMENT_3D('',#1824,#1448,#1449);
#1271=AXIS2_PLACEMENT_3D('',#1832,#1453,#1454);
#1272=AXIS2_PLACEMENT_3D('',#1836,#1456,#1457);
#1273=AXIS2_PLACEMENT_3D('',#1854,#1467,#1468);
#1274=AXIS2_PLACEMENT_3D('',#1857,#1471,#1472);
#1275=AXIS2_PLACEMENT_3D('',#1859,#1474,#1475);
#1276=AXIS2_PLACEMENT_3D('',#1860,#1476,#1477);
#1277=AXIS2_PLACEMENT_3D('',#1862,#1478,#1479);
#1278=AXIS2_PLACEMENT_3D('',#1863,#1480,#1481);
#1279=AXIS2_PLACEMENT_3D('',#1865,#1482,#1483);
#1280=AXIS2_PLACEMENT_3D('',#1866,#1484,#1485);
#1281=AXIS2_PLACEMENT_3D('',#1868,#1486,#1487);
#1282=AXIS2_PLACEMENT_3D('',#1869,#1488,#1489);
#1283=AXIS2_PLACEMENT_3D('',#1871,#1490,#1491);
#1284=AXIS2_PLACEMENT_3D('',#1872,#1492,#1493);
#1285=AXIS2_PLACEMENT_3D('',#1874,#1494,#1495);
#1286=AXIS2_PLACEMENT_3D('',#1875,#1496,#1497);
#1287=AXIS2_PLACEMENT_3D('',#1877,#1498,#1499);
#1288=AXIS2_PLACEMENT_3D('',#1878,#1500,#1501);
#1289=AXIS2_PLACEMENT_3D('',#1880,#1502,#1503);
#1290=AXIS2_PLACEMENT_3D('',#1881,#1504,#1505);
#1291=AXIS2_PLACEMENT_3D('',#1883,#1506,#1507);
#1292=AXIS2_PLACEMENT_3D('',#1884,#1508,#1509);
#1293=AXIS2_PLACEMENT_3D('',#1889,#1511,#1512);
#1294=AXIS2_PLACEMENT_3D('',#1897,#1516,#1517);
#1295=AXIS2_PLACEMENT_3D('',#1899,#1518,#1519);
#1296=AXIS2_PLACEMENT_3D('',#1903,#1521,#1522);
#1297=AXIS2_PLACEMENT_3D('',#1907,#1524,#1525);
#1298=AXIS2_PLACEMENT_3D('',#1909,#1526,#1527);
#1299=AXIS2_PLACEMENT_3D('',#1911,#1528,#1529);
#1300=AXIS2_PLACEMENT_3D('',#1918,#1533,#1534);
#1301=AXIS2_PLACEMENT_3D('',#1920,#1535,#1536);
#1302=AXIS2_PLACEMENT_3D('',#1922,#1537,#1538);
#1303=AXIS2_PLACEMENT_3D('',#1924,#1539,#1540);
#1304=AXIS2_PLACEMENT_3D('',#1926,#1541,#1542);
#1305=AXIS2_PLACEMENT_3D('',#1927,#1543,#1544);
#1306=AXIS2_PLACEMENT_3D('',#1931,#1546,#1547);
#1307=AXIS2_PLACEMENT_3D('',#1932,#1548,#1549);
#1308=AXIS2_PLACEMENT_3D('',#1940,#1550,#1551);
#1309=AXIS2_PLACEMENT_3D('',#1942,#1552,#1553);
#1310=AXIS2_PLACEMENT_3D('',#1943,#1554,#1555);
#1311=AXIS2_PLACEMENT_3D('',#1945,#1556,#1557);
#1312=AXIS2_PLACEMENT_3D('',#1946,#1558,#1559);
#1313=AXIS2_PLACEMENT_3D('',#1947,#1560,#1561);
#1314=AXIS2_PLACEMENT_3D('',#1950,#1563,#1564);
#1315=AXIS2_PLACEMENT_3D('',#1951,#1565,#1566);
#1316=AXIS2_PLACEMENT_3D('',#1954,#1568,#1569);
#1317=AXIS2_PLACEMENT_3D('',#1962,#1570,#1571);
#1318=AXIS2_PLACEMENT_3D('',#1963,#1572,#1573);
#1319=AXIS2_PLACEMENT_3D('',#1964,#1574,#1575);
#1320=AXIS2_PLACEMENT_3D('',#1967,#1578,#1579);
#1321=AXIS2_PLACEMENT_3D('',#1969,#1580,#1581);
#1322=AXIS2_PLACEMENT_3D('',#1971,#1583,#1584);
#1323=AXIS2_PLACEMENT_3D('',#1995,#1585,#1586);
#1324=AXIS2_PLACEMENT_3D('',#1997,#1587,#1588);
#1325=AXIS2_PLACEMENT_3D('',#1999,#1590,#1591);
#1326=AXIS2_PLACEMENT_3D('',#2001,#1593,#1594);
#1327=AXIS2_PLACEMENT_3D('',#2026,#1596,#1597);
#1328=AXIS2_PLACEMENT_3D('',#2027,#1598,#1599);
#1329=AXIS2_PLACEMENT_3D('',#2029,#1600,#1601);
#1330=AXIS2_PLACEMENT_3D('',#2034,#1604,#1605);
#1331=AXIS2_PLACEMENT_3D('',#2035,#1606,#1607);
#1332=AXIS2_PLACEMENT_3D('',#2039,#1610,#1611);
#1333=AXIS2_PLACEMENT_3D('',#2040,#1612,#1613);
#1334=AXIS2_PLACEMENT_3D('',#2043,#1615,#1616);
#1335=AXIS2_PLACEMENT_3D('',#2047,#1619,#1620);
#1336=AXIS2_PLACEMENT_3D('',#2048,#1621,#1622);
#1337=AXIS2_PLACEMENT_3D('',#2050,#1623,#1624);
#1338=AXIS2_PLACEMENT_3D('',#2054,#1626,#1627);
#1339=AXIS2_PLACEMENT_3D('',#2056,#1628,#1629);
#1340=AXIS2_PLACEMENT_3D('',#2057,#1630,#1631);
#1341=AXIS2_PLACEMENT_3D('',#2062,#1632,#1633);
#1342=AXIS2_PLACEMENT_3D('',#2067,#1634,#1635);
#1343=AXIS2_PLACEMENT_3D('',#2068,#1636,#1637);
#1344=AXIS2_PLACEMENT_3D('',#2070,#1638,#1639);
#1345=AXIS2_PLACEMENT_3D('',#2072,#1640,#1641);
#1346=AXIS2_PLACEMENT_3D('',#2073,#1642,#1643);
#1347=AXIS2_PLACEMENT_3D('',#2074,#1644,#1645);
#1348=AXIS2_PLACEMENT_3D('',#2076,#1646,#1647);
#1349=AXIS2_PLACEMENT_3D('',#2077,#1648,#1649);
#1350=AXIS2_PLACEMENT_3D('',#2079,#1651,#1652);
#1351=AXIS2_PLACEMENT_3D('',#2084,#1653,#1654);
#1352=AXIS2_PLACEMENT_3D('',#2086,#1656,#1657);
#1353=AXIS2_PLACEMENT_3D('',#2091,#1658,#1659);
#1354=AXIS2_PLACEMENT_3D('',#2093,#1661,#1662);
#1355=AXIS2_PLACEMENT_3D('',#2095,#1664,#1665);
#1356=AXIS2_PLACEMENT_3D('',#2096,#1666,#1667);
#1357=AXIS2_PLACEMENT_3D('',#2097,#1668,#1669);
#1358=AXIS2_PLACEMENT_3D('',#2099,#1670,#1671);
#1359=AXIS2_PLACEMENT_3D('',#2100,#1672,#1673);
#1360=AXIS2_PLACEMENT_3D('',#2101,#1674,#1675);
#1361=AXIS2_PLACEMENT_3D('',#2103,#1676,#1677);
#1362=AXIS2_PLACEMENT_3D('',#2104,#1678,#1679);
#1363=AXIS2_PLACEMENT_3D('',#2105,#1680,#1681);
#1364=AXIS2_PLACEMENT_3D('',#2107,#1682,#1683);
#1365=AXIS2_PLACEMENT_3D('',#2108,#1684,#1685);
#1366=AXIS2_PLACEMENT_3D('',#2109,#1686,#1687);
#1367=AXIS2_PLACEMENT_3D('',#2111,#1688,#1689);
#1368=AXIS2_PLACEMENT_3D('',#2112,#1690,#1691);
#1369=AXIS2_PLACEMENT_3D('',#2115,#1694,#1695);
#1370=AXIS2_PLACEMENT_3D('',#2117,#1697,#1698);
#1371=AXIS2_PLACEMENT_3D('',#2118,#1699,#1700);
#1372=AXIS2_PLACEMENT_3D('',#2119,#1701,#1702);
#1373=AXIS2_PLACEMENT_3D('',#2129,#1708,#1709);
#1374=AXIS2_PLACEMENT_3D('',#2139,#1715,#1716);
#1375=AXIS2_PLACEMENT_3D('',#2141,#1718,#1719);
#1376=AXIS2_PLACEMENT_3D('',#2143,#1721,#1722);
#1377=AXIS2_PLACEMENT_3D('',#2145,#1724,#1725);
#1378=AXIS2_PLACEMENT_3D('',#2146,#1726,#1727);
#1379=AXIS2_PLACEMENT_3D('',#2148,#1729,#1730);
#1380=AXIS2_PLACEMENT_3D('',#2149,#1731,#1732);
#1381=AXIS2_PLACEMENT_3D('',#2151,#1734,#1735);
#1382=DIRECTION('',(0.,0.,1.));
#1383=DIRECTION('',(1.,0.,0.));
#1384=DIRECTION('',(0.,0.000210630243266276,-0.99999997781745));
#1385=DIRECTION('',(0.,0.99999997781745,0.000210630243266276));
#1386=DIRECTION('',(1.,1.68551062511123E-16,3.55019520870311E-20));
#1387=DIRECTION('',(-7.52419226176029E-30,0.99999997781745,0.000210630243266276));
#1388=DIRECTION('',(1.,2.5326284561102E-19,5.33448159646825E-23));
#1389=DIRECTION('',(2.53262851229036E-19,-0.99999997781745,-0.000210630243266276));
#1390=DIRECTION('',(1.,2.5326284561102E-19,5.33448159646825E-23));
#1391=DIRECTION('',(-2.53262851229036E-19,0.99999997781745,0.000210630243266276));
#1392=DIRECTION('',(1.,2.5326284561102E-19,5.33448159646825E-23));
#1393=DIRECTION('',(-2.53262851229036E-19,0.99999997781745,0.000210630243266276));
#1394=DIRECTION('',(1.,1.38180884116622E-19,5.46369639957798E-16));
#1395=DIRECTION('',(5.46369639957798E-16,0.,-1.));
#1396=DIRECTION('',(-2.53262851229036E-19,0.99999997781745,0.000210630243266276));
#1397=DIRECTION('',(-5.46369598732853E-16,-0.000210630243600603,0.99999997781745));
#1398=DIRECTION('',(-5.46369598732853E-16,-0.000210630243266276,0.99999997781745));
#1399=DIRECTION('',(0.,0.000210630243266276,-0.99999997781745));
#1400=DIRECTION('',(0.,0.99999997781745,0.000210630243266276));
#1401=DIRECTION('',(-7.52419226176029E-30,0.99999997781745,0.000210630243266276));
#1402=DIRECTION('',(1.,1.68551062511123E-16,3.55019520870311E-20));
#1403=DIRECTION('',(1.,2.5326284561102E-19,5.33448159646825E-23));
#1404=DIRECTION('',(-2.53262851229036E-19,0.99999997781745,0.000210630243266276));
#1405=DIRECTION('',(1.,2.5326284561102E-19,5.33448159646825E-23));
#1406=DIRECTION('',(2.53262851229036E-19,-0.99999997781745,-0.000210630243266276));
#1407=DIRECTION('',(1.,2.5326284561102E-19,5.33448159646825E-23));
#1408=DIRECTION('',(2.53262851229036E-19,-0.99999997781745,-0.000210630243266276));
#1409=DIRECTION('',(1.,2.5326284561102E-19,5.33448159646825E-23));
#1410=DIRECTION('',(-2.25514051876969E-17,0.000210630243266276,-0.99999997781745));
#1411=DIRECTION('',(6.82961998416066E-17,0.000210630243266276,-0.99999997781745));
#1412=DIRECTION('',(2.53262851229036E-19,-0.99999997781745,-0.000210630243266276));
#1413=DIRECTION('',(1.,2.5326284561102E-19,5.33448159646825E-23));
#1414=DIRECTION('',(2.53262851229036E-19,-0.99999997781745,-0.000210630243266276));
#1415=DIRECTION('',(0.,0.000210630243266276,-0.99999997781745));
#1416=DIRECTION('',(2.53262851229036E-19,-0.99999997781745,-0.000210630243266276));
#1417=DIRECTION('',(0.,0.000210630243266276,-0.99999997781745));
#1418=DIRECTION('',(2.53262851229036E-19,-0.99999997781745,-0.000210630243266276));
#1419=DIRECTION('',(0.,0.000210630243266276,-0.99999997781745));
#1420=DIRECTION('',(2.53262851229036E-19,-0.99999997781745,-0.000210630243266276));
#1421=DIRECTION('',(0.,0.000210630243266276,-0.99999997781745));
#1422=DIRECTION('',(2.53262851229036E-19,-0.99999997781745,-0.000210630243266276));
#1423=DIRECTION('',(0.,0.000210630243266276,-0.99999997781745));
#1424=DIRECTION('',(2.53262851229036E-19,-0.99999997781745,-0.000210630243266276));
#1425=DIRECTION('',(0.,0.000210630243266276,-0.99999997781745));
#1426=DIRECTION('',(2.53262851229036E-19,-0.99999997781745,-0.000210630243266276));
#1427=DIRECTION('',(0.,0.000210630243266276,-0.99999997781745));
#1428=DIRECTION('',(2.53262851229036E-19,-0.99999997781745,-0.000210630243266276));
#1429=DIRECTION('',(0.,0.000210630243266276,-0.99999997781745));
#1430=DIRECTION('',(1.7580505248131E-35,-0.000210630243266276,0.99999997781745));
#1431=DIRECTION('',(6.82961998416066E-17,0.000210630243266276,-0.99999997781745));
#1432=DIRECTION('',(1.7580505248131E-35,-0.000210630243266276,0.99999997781745));
#1433=DIRECTION('',(1.,2.5326284561102E-19,5.33448159646825E-23));
#1434=DIRECTION('',(-2.44658026959543E-35,-0.000210630243266276,0.99999997781745));
#1435=DIRECTION('',(-1.,-2.5326284561102E-19,-5.33448159646825E-23));
#1436=DIRECTION('',(3.41480999208033E-16,0.000210630243266276,-0.99999997781745));
#1437=DIRECTION('',(-1.,-2.17299733441774E-19,-1.70740545373913E-16));
#1438=DIRECTION('',(-2.44658026959543E-35,-0.000210630243266276,0.99999997781745));
#1439=DIRECTION('',(-1.,-2.20870476303113E-19,-1.53787885932615E-16));
#1440=DIRECTION('',(2.53262851229036E-19,-0.99999997781745,-0.000210630243266276));
#1441=DIRECTION('',(0.999932299824433,-2.45088692002489E-6,0.01163596845188));
#1442=DIRECTION('',(1.8908627512056E-11,0.000210630268513654,-0.999999977817445));
#1443=DIRECTION('',(-1.,9.44775256248184E-14,-9.91443980556657E-16));
#1444=DIRECTION('',(2.45511247508149E-12,0.000210630509758447,-0.999999977817394));
#1445=DIRECTION('',(-2.43945488809238E-19,0.99999997781745,0.000210630243266276));
#1446=DIRECTION('',(0.,-0.000210630243266276,0.99999997781745));
#1447=DIRECTION('',(1.,2.58345048912564E-19,-2.42861286636753E-17));
#1448=DIRECTION('',(-2.53262851229036E-19,0.99999997781745,0.000210630243266276));
#1449=DIRECTION('',(0.,-0.000210630243266276,0.99999997781745));
#1450=DIRECTION('',(3.0962720248503E-11,-0.000210630675724651,0.999999977817359));
#1451=DIRECTION('',(1.,-5.37064422137349E-14,9.97812943381353E-15));
#1452=DIRECTION('',(-1.90127414138007E-11,-0.000210630217955199,0.999999977817456));
#1453=DIRECTION('',(-2.47333620598257E-19,0.99999997781745,0.000210630243198422));
#1454=DIRECTION('',(0.,-0.000210630243198422,0.99999997781745));
#1455=DIRECTION('',(-1.,2.5284040148483E-11,-1.89547080331713E-11));
#1456=DIRECTION('',(-2.5410988417629E-19,0.99999997781745,0.000210630243198422));
#1457=DIRECTION('',(0.,-0.000210630243198422,0.99999997781745));
#1458=DIRECTION('',(1.7580505248131E-35,-0.000210630243266276,0.99999997781745));
#1459=DIRECTION('',(-1.,-2.20870476303113E-19,-1.53787885932615E-16));
#1460=DIRECTION('',(-2.44658026959543E-35,-0.000210630243266276,0.99999997781745));
#1461=DIRECTION('',(-1.,-2.5326284561102E-19,-5.33448159646825E-23));
#1462=DIRECTION('',(5.46369598732853E-16,-0.000210630243266276,0.99999997781745));
#1463=DIRECTION('',(-1.,-2.5326284561102E-19,-5.33448159646825E-23));
#1464=DIRECTION('',(-2.44658026959543E-35,-0.000210630243266276,0.99999997781745));
#1465=DIRECTION('',(1.,2.5326284561102E-19,5.33448159646825E-23));
#1466=DIRECTION('',(1.7580505248131E-35,-0.000210630243266276,0.99999997781745));
#1467=DIRECTION('',(1.,2.5326284561102E-19,5.3344815964707E-23));
#1468=DIRECTION('',(-2.5326284561102E-19,1.,0.));
#1469=DIRECTION('',(-2.53262851229036E-19,0.99999997781745,0.000210630243266276));
#1470=DIRECTION('',(2.53262851229036E-19,-0.99999997781745,-0.000210630243266276));
#1471=DIRECTION('',(1.,2.5326284561102E-19,5.3344815964665E-23));
#1472=DIRECTION('',(-2.5326284561102E-19,1.,0.));
#1473=DIRECTION('',(2.53262851229036E-19,-0.99999997781745,-0.000210630243266276));
#1474=DIRECTION('',(2.53262851229036E-19,-0.99999997781745,-0.000210630243266276));
#1475=DIRECTION('',(0.,0.000210630243266276,-0.99999997781745));
#1476=DIRECTION('',(-2.54109884174713E-19,0.99999997781745,0.000210630243303221));
#1477=DIRECTION('',(0.,-0.000210630243303221,0.99999997781745));
#1478=DIRECTION('',(2.53262851229036E-19,-0.99999997781745,-0.000210630243266276));
#1479=DIRECTION('',(0.,0.000210630243266276,-0.99999997781745));
#1480=DIRECTION('',(-2.54109884174713E-19,0.99999997781745,0.000210630243303221));
#1481=DIRECTION('',(0.,-0.000210630243303221,0.99999997781745));
#1482=DIRECTION('',(2.53262851229036E-19,-0.99999997781745,-0.000210630243266276));
#1483=DIRECTION('',(0.,0.000210630243266276,-0.99999997781745));
#1484=DIRECTION('',(-2.54109884174713E-19,0.99999997781745,0.000210630243303221));
#1485=DIRECTION('',(0.,-0.000210630243303221,0.99999997781745));
#1486=DIRECTION('',(2.53262851229036E-19,-0.99999997781745,-0.000210630243266276));
#1487=DIRECTION('',(0.,0.000210630243266276,-0.99999997781745));
#1488=DIRECTION('',(-2.54109884174713E-19,0.99999997781745,0.000210630243303221));
#1489=DIRECTION('',(0.,-0.000210630243303221,0.99999997781745));
#1490=DIRECTION('',(-2.54109884174713E-19,0.99999997781745,0.000210630243303221));
#1491=DIRECTION('',(0.,-0.000210630243303221,0.99999997781745));
#1492=DIRECTION('',(-2.54109884174713E-19,0.99999997781745,0.000210630243303221));
#1493=DIRECTION('',(0.,-0.000210630243303221,0.99999997781745));
#1494=DIRECTION('',(-2.54109884174713E-19,0.99999997781745,0.000210630243303221));
#1495=DIRECTION('',(0.,-0.000210630243303221,0.99999997781745));
#1496=DIRECTION('',(-2.54109884174713E-19,0.99999997781745,0.000210630243303221));
#1497=DIRECTION('',(0.,-0.000210630243303221,0.99999997781745));
#1498=DIRECTION('',(-2.54109884174713E-19,0.99999997781745,0.000210630243303221));
#1499=DIRECTION('',(0.,-0.000210630243303221,0.99999997781745));
#1500=DIRECTION('',(-2.54109884174713E-19,0.99999997781745,0.000210630243303221));
#1501=DIRECTION('',(0.,-0.000210630243303221,0.99999997781745));
#1502=DIRECTION('',(-2.54109884174713E-19,0.99999997781745,0.000210630243303221));
#1503=DIRECTION('',(0.,-0.000210630243303221,0.99999997781745));
#1504=DIRECTION('',(-2.54109884174713E-19,0.99999997781745,0.000210630243303221));
#1505=DIRECTION('',(0.,-0.000210630243303221,0.99999997781745));
#1506=DIRECTION('',(-2.54109884174713E-19,0.99999997781745,0.000210630243303221));
#1507=DIRECTION('',(1.,-8.31375625969431E-15,3.94720627711065E-11));
#1508=DIRECTION('',(-2.53262851229036E-19,0.99999997781745,0.000210630243266276));
#1509=DIRECTION('',(0.,-0.000210630243266276,0.99999997781745));
#1510=DIRECTION('',(1.,-8.31375625969431E-15,3.94720627711065E-11));
#1511=DIRECTION('',(6.7853826076896E-14,0.99999997781745,0.000210630243198422));
#1512=DIRECTION('',(0.,-0.000210630243198422,0.99999997781745));
#1513=DIRECTION('',(1.013065179416E-15,0.000210630509758447,-0.999999977817394));
#1514=DIRECTION('',(-1.,9.44775256248184E-14,-9.91443980556657E-16));
#1515=DIRECTION('',(1.8908627512056E-11,0.000210630268513654,-0.999999977817445));
#1516=DIRECTION('',(-2.5410988417629E-19,0.99999997781745,0.000210630243198422));
#1517=DIRECTION('',(0.,-0.000210630243198422,0.99999997781745));
#1518=DIRECTION('',(-1.43420838356542E-14,0.99999997781745,0.00021063024345037));
#1519=DIRECTION('',(0.,-0.00021063024345037,0.99999997781745));
#1520=DIRECTION('',(1.2090914065804E-15,0.000210630243224539,-0.99999997781745));
#1521=DIRECTION('',(-5.16685862660434E-17,0.99999997781745,0.000210630243263292));
#1522=DIRECTION('',(0.,-0.000210630243263292,0.99999997781745));
#1523=DIRECTION('',(-1.,-1.84563830845613E-16,-2.44613751520892E-14));
#1524=DIRECTION('',(-5.16685862660403E-17,0.99999997781745,0.000210630243263292));
#1525=DIRECTION('',(0.,-0.000210630243263292,0.99999997781745));
#1526=DIRECTION('',(-1.43420296255456E-14,0.99999997781745,0.00021063024345037));
#1527=DIRECTION('',(0.,-0.00021063024345037,0.99999997781745));
#1528=DIRECTION('',(-2.47333620598257E-19,0.99999997781745,0.000210630243198422));
#1529=DIRECTION('',(0.,-0.000210630243198422,0.99999997781745));
#1530=DIRECTION('',(3.9472063646644E-11,0.000210630243303221,-0.99999997781745));
#1531=DIRECTION('',(1.,-5.37064617383108E-14,9.98069524004022E-15));
#1532=DIRECTION('',(-9.9937421132431E-15,-0.000210630675724651,0.999999977817359));
#1533=DIRECTION('',(-2.54109884174713E-19,0.99999997781745,0.000210630243303221));
#1534=DIRECTION('',(0.,-0.000210630243303221,0.99999997781745));
#1535=DIRECTION('',(-2.54109884174713E-19,0.99999997781745,0.000210630243303221));
#1536=DIRECTION('',(0.,-0.000210630243303221,0.99999997781745));
#1537=DIRECTION('',(-2.54109884174713E-19,0.99999997781745,0.000210630243303221));
#1538=DIRECTION('',(0.,-0.000210630243303221,0.99999997781745));
#1539=DIRECTION('',(-2.54109884174713E-19,0.99999997781745,0.000210630243303221));
#1540=DIRECTION('',(0.,-0.000210630243303221,0.99999997781745));
#1541=DIRECTION('',(2.45511247508149E-12,0.000210630509758447,-0.999999977817394));
#1542=DIRECTION('',(0.707106781186471,-0.707106765501153,-0.000148938260038967));
#1543=DIRECTION('',(2.45511247508149E-12,0.000210630509758447,-0.999999977817394));
#1544=DIRECTION('',(0.,0.999999977817394,0.000210630509758447));
#1545=DIRECTION('',(2.45511247508149E-12,0.000210630509758447,-0.999999977817394));
#1546=DIRECTION('',(2.45511247508149E-12,0.000210630509758447,-0.999999977817394));
#1547=DIRECTION('',(0.,0.999999977817394,0.000210630509758447));
#1548=DIRECTION('',(-2.53262851229036E-19,0.99999997781745,0.000210630243266276));
#1549=DIRECTION('',(-0.999932299824433,2.45088692002489E-6,-0.01163596845188));
#1550=DIRECTION('',(-2.53262851229036E-19,0.99999997781745,0.000210630243266276));
#1551=DIRECTION('',(0.,-0.000210630243266276,0.99999997781745));
#1552=DIRECTION('',(-2.12318865119994E-11,0.000210630243266276,-0.99999997781745));
#1553=DIRECTION('',(0.,0.99999997781745,0.000210630243266276));
#1554=DIRECTION('',(-1.,-4.47376545244701E-15,2.12386978288816E-11));
#1555=DIRECTION('',(-2.12386978288816E-11,0.,-1.));
#1556=DIRECTION('',(-2.53262851229036E-19,0.99999997781745,0.000210630243266276));
#1557=DIRECTION('',(0.,-0.000210630243266276,0.99999997781745));
#1558=DIRECTION('',(3.0962720248503E-11,-0.000210630675724651,0.999999977817359));
#1559=DIRECTION('',(-0.707106781186586,-0.707106765501018,-0.000148938357236848));
#1560=DIRECTION('',(3.0962720248503E-11,-0.000210630675724651,0.999999977817359));
#1561=DIRECTION('',(0.,-0.999999977817359,-0.000210630675724651));
#1562=DIRECTION('',(3.0962720248503E-11,-0.000210630675724651,0.999999977817359));
#1563=DIRECTION('',(1.,2.58345048912564E-19,-2.42861286636753E-17));
#1564=DIRECTION('',(1.73519847660346E-17,-0.707255703574554,0.706957827427678));
#1565=DIRECTION('',(1.,2.58345048912564E-19,-2.42861286636753E-17));
#1566=DIRECTION('',(2.42861286636753E-17,0.,1.));
#1567=DIRECTION('',(1.,2.58345048912564E-19,-2.42861286636753E-17));
#1568=DIRECTION('',(-2.43945488809238E-19,0.99999997781745,0.000210630243266276));
#1569=DIRECTION('',(0.707106781203402,-0.000148938073333006,0.707106765484262));
#1570=DIRECTION('',(-2.43945488809238E-19,0.99999997781745,0.000210630243266276));
#1571=DIRECTION('',(0.,-0.000210630243266276,0.99999997781745));
#1572=DIRECTION('',(-2.43945488809238E-19,0.99999997781745,0.000210630243266276));
#1573=DIRECTION('',(0.,-0.000210630243266276,0.99999997781745));
#1574=DIRECTION('',(9.99200722162642E-15,0.000210630203838541,-0.999999977817458));
#1575=DIRECTION('',(1.,-5.37064617383108E-14,9.98069524004022E-15));
#1576=DIRECTION('',(-5.37044044211681E-14,-0.999999977817458,-0.000210630203838541));
#1577=DIRECTION('',(0.599999999999966,-0.799999982253993,-0.00016850416295652));
#1578=DIRECTION('',(-1.16920362280837E-14,-0.000210630203838486,0.999999977817458));
#1579=DIRECTION('',(0.,-0.999999977817458,-0.000210630203838486));
#1580=DIRECTION('',(-1.,4.71827188356212E-14,3.09627323780148E-11));
#1581=DIRECTION('',(-5.37044044211681E-14,-0.999999977817458,-0.000210630203838541));
#1582=DIRECTION('',(-2.53262851229036E-19,0.99999997781745,0.000210630243266276));
#1583=DIRECTION('',(1.50573997714787E-15,0.000210630282694106,-0.999999977817442));
#1584=DIRECTION('',(-1.,1.49726022467507E-13,-1.47420317541047E-15));
#1585=DIRECTION('',(1.50573997714787E-15,0.000210630282694106,-0.999999977817442));
#1586=DIRECTION('',(0.,0.999999977817442,0.000210630282694106));
#1587=DIRECTION('',(-2.53262851229036E-19,0.99999997781745,0.000210630243266276));
#1588=DIRECTION('',(-1.,1.20692897175095E-18,-6.93248877067131E-15));
#1589=DIRECTION('',(3.94277362884501E-11,-0.99999997781745,-0.000210630243600603));
#1590=DIRECTION('',(2.25514051876969E-17,-0.000210630243600603,0.99999997781745));
#1591=DIRECTION('',(3.94277362884501E-11,-0.99999997781745,-0.000210630243600603));
#1592=DIRECTION('',(6.7853826076896E-14,0.99999997781745,0.000210630243198422));
#1593=DIRECTION('',(6.7853826076896E-14,0.99999997781745,0.000210630243198422));
#1594=DIRECTION('',(-1.33867276238476E-15,-0.000210630243198422,0.99999997781745));
#1595=DIRECTION('',(-9.44773894677511E-14,-0.999999977817442,-0.000210630282694011));
#1596=DIRECTION('',(-1.80584713849186E-15,-0.000210630282694106,0.999999977817442));
#1597=DIRECTION('',(1.,1.89848814583441E-20,1.80584718254896E-15));
#1598=DIRECTION('',(-1.80584713849186E-15,-0.000210630282694106,0.999999977817442));
#1599=DIRECTION('',(0.,-0.999999977817442,-0.000210630282694106));
#1600=DIRECTION('',(-5.16685862660403E-17,0.99999997781745,0.000210630243263292));
#1601=DIRECTION('',(-1.,-9.98895730806006E-15,4.71788302869292E-11));
#1602=DIRECTION('',(-5.16685862660403E-17,0.99999997781745,0.000210630243263292));
#1603=DIRECTION('',(-1.89716132150355E-16,0.99999997781745,0.000210630243263292));
#1604=DIRECTION('',(-5.16685862660403E-17,0.99999997781745,0.000210630243263292));
#1605=DIRECTION('',(0.,-0.000210630243263292,0.99999997781745));
#1606=DIRECTION('',(2.4461335734749E-14,0.000210630243263292,-0.99999997781745));
#1607=DIRECTION('',(-1.,-1.84563830845613E-16,-2.44613751520892E-14));
#1608=DIRECTION('',(-1.,-1.84563830845613E-16,-2.44613751520892E-14));
#1609=DIRECTION('',(-5.16685862660434E-17,0.99999997781745,0.000210630243263292));
#1610=DIRECTION('',(-5.16685862660434E-17,0.99999997781745,0.000210630243263292));
#1611=DIRECTION('',(-4.72974895360235E-11,0.000210630243263292,-0.99999997781745));
#1612=DIRECTION('',(-5.16685862660434E-17,0.99999997781745,0.000210630243263292));
#1613=DIRECTION('',(0.,-0.000210630243263292,0.99999997781745));
#1614=DIRECTION('',(-5.16687252285816E-17,0.99999997781745,0.000210630243224539));
#1615=DIRECTION('',(1.,5.14140528653888E-17,1.20910226275583E-15));
#1616=DIRECTION('',(1.2090914065804E-15,0.000210630243224539,-0.99999997781745));
#1617=DIRECTION('',(1.2090914065804E-15,0.000210630243224539,-0.99999997781745));
#1618=DIRECTION('',(-5.16687252285816E-17,0.99999997781745,0.000210630243224539));
#1619=DIRECTION('',(-2.53686367702663E-19,0.99999997781745,0.000210630243198422));
#1620=DIRECTION('',(0.999932299824433,-2.45088691923534E-6,0.0116359684518801));
#1621=DIRECTION('',(-1.43420838356542E-14,0.99999997781745,0.00021063024345037));
#1622=DIRECTION('',(0.,-0.00021063024345037,0.99999997781745));
#1623=DIRECTION('',(-2.5410988417629E-19,0.99999997781745,0.000210630243198422));
#1624=DIRECTION('',(0.,-0.000210630243198422,0.99999997781745));
#1625=DIRECTION('',(-1.,2.5284040148483E-11,-1.89547080331713E-11));
#1626=DIRECTION('',(-2.47333620598257E-19,0.99999997781745,0.000210630243198422));
#1627=DIRECTION('',(0.,-0.000210630243198422,0.99999997781745));
#1628=DIRECTION('',(-1.43420296255456E-14,0.99999997781745,0.00021063024345037));
#1629=DIRECTION('',(0.,-0.00021063024345037,0.99999997781745));
#1630=DIRECTION('',(-1.43420296255456E-14,0.99999997781745,0.00021063024345037));
#1631=DIRECTION('',(-0.707106781186549,-0.000148938073476871,0.707106765501115));
#1632=DIRECTION('',(-1.43420838356542E-14,0.99999997781745,0.00021063024345037));
#1633=DIRECTION('',(0.707106781186546,-0.000148938073456589,0.707106765501118));
#1634=DIRECTION('',(-1.16920362280837E-14,-0.000210630203838486,0.999999977817458));
#1635=DIRECTION('',(1.,-2.64538898252701E-19,1.16920364317229E-14));
#1636=DIRECTION('',(-1.16920362280837E-14,-0.000210630203838486,0.999999977817458));
#1637=DIRECTION('',(0.,-0.999999977817458,-0.000210630203838486));
#1638=DIRECTION('',(-1.16920362280837E-14,-0.000210630203838486,0.999999977817458));
#1639=DIRECTION('',(0.,-0.999999977817458,-0.000210630203838486));
#1640=DIRECTION('',(1.04343617080005E-14,0.000210630203838541,-0.999999977817458));
#1641=DIRECTION('',(1.,2.57162385138508E-22,1.04343619395153E-14));
#1642=DIRECTION('',(-1.16920362280837E-14,-0.000210630203838486,0.999999977817458));
#1643=DIRECTION('',(1.,-2.64538898252702E-19,1.16920364317229E-14));
#1644=DIRECTION('',(-1.16920362280837E-14,-0.000210630203838486,0.999999977817458));
#1645=DIRECTION('',(0.,-0.999999977817458,-0.000210630203838486));
#1646=DIRECTION('',(1.04326269845245E-14,0.000210630203838541,-0.999999977817458));
#1647=DIRECTION('',(1.,5.56869381457498E-22,1.0432627216064E-14));
#1648=DIRECTION('',(-0.800000000000026,-0.599999986690436,-0.000126378145983305));
#1649=DIRECTION('',(0.599999999999966,-0.799999982253993,-0.00016850416295652));
#1650=DIRECTION('',(0.599999999999966,-0.799999982253993,-0.00016850416295652));
#1651=DIRECTION('',(-2.47333620598257E-19,0.99999997781745,0.000210630243198422));
#1652=DIRECTION('',(3.32268934588563E-14,0.000210630243198422,-0.99999997781745));
#1653=DIRECTION('',(-1.73472347920798E-18,-0.599831482495823,-0.800126360399945));
#1654=DIRECTION('',(-3.16000576400244E-11,-0.800126360399945,0.599831482495823));
#1655=DIRECTION('',(-3.16000576400244E-11,-0.800126360399945,0.599831482495823));
#1656=DIRECTION('',(-2.5410988417629E-19,0.99999997781745,0.000210630243198422));
#1657=DIRECTION('',(1.,-2.20566351714943E-18,1.16781584403398E-14));
#1658=DIRECTION('',(0.799999999999981,-0.599999986690496,-0.000126378145981296));
#1659=DIRECTION('',(-0.600000000000026,-0.799999982253934,-0.000168504226156095));
#1660=DIRECTION('',(0.600000000000099,0.799999982253879,0.00016850422615588));
#1661=DIRECTION('',(1.,-9.49945078653446E-14,2.45508995078136E-12));
#1662=DIRECTION('',(-9.44773894677511E-14,-0.999999977817442,-0.000210630282694011));
#1663=DIRECTION('',(-9.44773147009393E-14,-0.999999977817442,-0.000210630282694011));
#1664=DIRECTION('',(-1.01134378649448E-15,-0.000210630282694011,0.999999977817442));
#1665=DIRECTION('',(-1.,9.44775256248184E-14,-9.91443980556657E-16));
#1666=DIRECTION('',(-2.54109884174713E-19,0.99999997781745,0.000210630243303221));
#1667=DIRECTION('',(0.,-0.000210630243303221,0.99999997781745));
#1668=DIRECTION('',(-2.54109884174713E-19,0.99999997781745,0.000210630243303221));
#1669=DIRECTION('',(0.,-0.000210630243303221,0.99999997781745));
#1670=DIRECTION('',(-2.54109884174713E-19,0.99999997781745,0.000210630243303221));
#1671=DIRECTION('',(-1.,-2.54109878537908E-19,-5.3523226729473E-23));
#1672=DIRECTION('',(-2.54109884174713E-19,0.99999997781745,0.000210630243303221));
#1673=DIRECTION('',(-1.,-2.54109878537908E-19,-5.3523226729473E-23));
#1674=DIRECTION('',(-2.54109884174713E-19,0.99999997781745,0.000210630243303221));
#1675=DIRECTION('',(0.,-0.000210630243303221,0.99999997781745));
#1676=DIRECTION('',(-2.54109884174713E-19,0.99999997781745,0.000210630243303221));
#1677=DIRECTION('',(0.,-0.000210630243303221,0.99999997781745));
#1678=DIRECTION('',(-2.54109884174713E-19,0.99999997781745,0.000210630243303221));
#1679=DIRECTION('',(0.,-0.000210630243303221,0.99999997781745));
#1680=DIRECTION('',(-2.54109884174713E-19,0.99999997781745,0.000210630243303221));
#1681=DIRECTION('',(0.,-0.000210630243303221,0.99999997781745));
#1682=DIRECTION('',(-2.54109884174713E-19,0.99999997781745,0.000210630243303221));
#1683=DIRECTION('',(-1.,-2.54109878537908E-19,-5.3523226729473E-23));
#1684=DIRECTION('',(-2.54109884174713E-19,0.99999997781745,0.000210630243303221));
#1685=DIRECTION('',(-1.,-2.54109878537908E-19,-5.3523226729473E-23));
#1686=DIRECTION('',(-2.54109884174713E-19,0.99999997781745,0.000210630243303221));
#1687=DIRECTION('',(0.,-0.000210630243303221,0.99999997781745));
#1688=DIRECTION('',(-2.54109884174713E-19,0.99999997781745,0.000210630243303221));
#1689=DIRECTION('',(0.,-0.000210630243303221,0.99999997781745));
#1690=DIRECTION('',(-9.03892678720386E-39,0.000210630243266276,-0.99999997781745));
#1691=DIRECTION('',(0.,0.99999997781745,0.000210630243266276));
#1692=DIRECTION('',(2.53262851229036E-19,-0.99999997781745,-0.000210630243266276));
#1693=DIRECTION('',(2.53262851229036E-19,-0.99999997781745,-0.000210630243266276));
#1694=DIRECTION('',(1.,2.5326284561102E-19,5.3344815964707E-23));
#1695=DIRECTION('',(-2.5326284561102E-19,1.,0.));
#1696=DIRECTION('',(-2.53262851229036E-19,0.99999997781745,0.000210630243266276));
#1697=DIRECTION('',(-1.53787835999206E-16,-0.000210630243266276,0.99999997781745));
#1698=DIRECTION('',(0.,-0.99999997781745,-0.000210630243266276));
#1699=DIRECTION('',(1.,2.5326284561102E-19,5.3344815964665E-23));
#1700=DIRECTION('',(-2.5326284561102E-19,1.,0.));
#1701=DIRECTION('',(0.,-0.000210630243266276,0.99999997781745));
#1702=DIRECTION('',(0.,-0.99999997781745,-0.000210630243266276));
#1703=DIRECTION('',(-1.,-2.17299733441774E-19,-1.70740545373913E-16));
#1704=DIRECTION('',(7.52418850017836E-30,-0.99999997781745,-0.000210630243266276));
#1705=DIRECTION('',(1.,2.16840427416282E-16,4.56731529898018E-20));
#1706=DIRECTION('',(-2.53262851229036E-19,0.99999997781745,0.000210630243266276));
#1707=DIRECTION('',(2.53262851229036E-19,-0.99999997781745,-0.000210630243266276));
#1708=DIRECTION('',(0.,-0.000210630243266276,0.99999997781745));
#1709=DIRECTION('',(0.,-0.99999997781745,-0.000210630243266276));
#1710=DIRECTION('',(7.52418850017836E-30,-0.99999997781745,-0.000210630243266276));
#1711=DIRECTION('',(-1.,-2.5326284561102E-19,-5.33448159646825E-23));
#1712=DIRECTION('',(2.53262851229036E-19,-0.99999997781745,-0.000210630243266276));
#1713=DIRECTION('',(-2.53262851229036E-19,0.99999997781745,0.000210630243266276));
#1714=DIRECTION('',(1.,2.16840427416282E-16,4.56731529898018E-20));
#1715=DIRECTION('',(1.,3.68344807105418E-19,-5.46369533268166E-16));
#1716=DIRECTION('',(-5.46369533268166E-16,0.,-1.));
#1717=DIRECTION('',(-5.46369598732853E-16,0.000210630243600603,-0.99999997781745));
#1718=DIRECTION('',(-1.,-1.81336619677021E-19,-3.4148104497793E-16));
#1719=DIRECTION('',(-3.4148104497793E-16,0.,1.));
#1720=DIRECTION('',(3.41480999208033E-16,0.000210630243266276,-0.99999997781745));
#1721=DIRECTION('',(2.53262851229036E-19,-0.99999997781745,-0.000210630243266276));
#1722=DIRECTION('',(1.,2.5326284561102E-19,5.33448159646825E-23));
#1723=DIRECTION('',(-2.25514051876969E-17,0.000210630243266276,-0.99999997781745));
#1724=DIRECTION('',(-1.,-2.3887760042422E-19,-6.82962516714387E-17));
#1725=DIRECTION('',(-6.82962516714387E-17,0.,1.));
#1726=DIRECTION('',(-1.,-4.75000796820515E-21,2.25514046874492E-17));
#1727=DIRECTION('',(2.25514046874492E-17,0.,1.));
#1728=DIRECTION('',(2.25514051876969E-17,-0.000210630243600603,0.99999997781745));
#1729=DIRECTION('',(-1.68551066250015E-16,0.99999997781745,0.000210630243600603));
#1730=DIRECTION('',(0.,-0.000210630243600603,0.99999997781745));
#1731=DIRECTION('',(-1.,-4.75000796820515E-21,2.25514046874492E-17));
#1732=DIRECTION('',(2.25514046874492E-17,0.,1.));
#1733=DIRECTION('',(2.25514051876969E-17,-0.000210630243600603,0.99999997781745));
#1734=DIRECTION('',(2.16840432226356E-16,-0.99999997781745,-0.000210630243600603));
#1735=DIRECTION('',(0.,0.000210630243600603,-0.99999997781745));
#1736=CARTESIAN_POINT('',(0.,0.,0.));
#1737=CARTESIAN_POINT('',(-0.0138199782,-0.0352367456374285,-0.00338846679947105));
#1738=CARTESIAN_POINT('',(-0.0138199782,-0.00507674630643301,-0.00338211419133414));
#1739=CARTESIAN_POINT('',(-0.0163599782,-0.00507674630643301,-0.00338211419133414));
#1740=CARTESIAN_POINT('',(-0.0162248626614102,-0.00507674630643301,-0.00338211419133414));
#1741=CARTESIAN_POINT('',(-0.0162248626614102,-0.0352367456374285,-0.00338846679947105));
#1742=CARTESIAN_POINT('',(-0.0162248626614102,-0.00475674631355259,-0.00338204678965629));
#1743=CARTESIAN_POINT('',(-0.0087399782,-0.00475674631355259,-0.00338204678965629));
#1744=CARTESIAN_POINT('',(-0.0061999782,-0.00475674631355259,-0.00338204678965629));
#1745=CARTESIAN_POINT('',(-0.0061999782,-0.00475674631355259,-0.00338204678965629));
#1746=CARTESIAN_POINT('',(-0.0061999782,-0.00983674620086523,-0.00338311679129209));
#1747=CARTESIAN_POINT('',(-0.0087399782,-0.00983674620086523,-0.00338311679129209));
#1748=CARTESIAN_POINT('',(-0.0112799782,-0.00983674620086523,-0.00338311679129209));
#1749=CARTESIAN_POINT('',(-0.0112799782,-0.0352367456374285,-0.00338846679947105));
#1750=CARTESIAN_POINT('',(-0.0112799782,-0.0199967459754905,-0.00338525679456367));
#1751=CARTESIAN_POINT('',(-0.0613088136732506,-0.0199967459754905,-0.00338525679456367));
#1752=CARTESIAN_POINT('',(-0.0163599782,-0.0199967459754905,-0.00338525679456367));
#1753=CARTESIAN_POINT('',(-0.0163599782,-0.0352367456374285,-0.00338846679947105));
#1754=CARTESIAN_POINT('',(-0.0163599782,-0.0352354081353837,-0.00973846665861186));
#1755=CARTESIAN_POINT('',(-0.0163599782,-0.035234070633339,-0.0160884665177526));
#1756=CARTESIAN_POINT('',(-0.0163599782,-0.019994070971401,-0.0160852565128453));
#1757=CARTESIAN_POINT('',(-0.0163599782,-0.00507407130233928,-0.0160821139096157));
#1758=CARTESIAN_POINT('',(-0.0163599782,-0.00507540880438615,-0.00973211405046486));
#1759=CARTESIAN_POINT('',(-0.0163599782,-0.0199994710800254,0.00955260261333757));
#1760=CARTESIAN_POINT('',(-0.0138199782,-0.035234070633339,-0.0160884665177526));
#1761=CARTESIAN_POINT('',(-0.0162248626614102,-0.035234070633339,-0.0160884665177526));
#1762=CARTESIAN_POINT('',(-0.0162248626614102,-0.00507407130233928,-0.0160821139096157));
#1763=CARTESIAN_POINT('',(-0.0162248626614102,-0.00475407130946311,-0.0160820465079379));
#1764=CARTESIAN_POINT('',(-0.0138199782,-0.00507407130233928,-0.0160821139096157));
#1765=CARTESIAN_POINT('',(-0.0613088136732506,-0.019994070971401,-0.0160852565128453));
#1766=CARTESIAN_POINT('',(-0.0112799782,-0.019994070971401,-0.0160852565128453));
#1767=CARTESIAN_POINT('',(-0.0112799782,-0.035234070633339,-0.0160884665177526));
#1768=CARTESIAN_POINT('',(-0.0112799782,-0.00983407119677575,-0.0160831165095737));
#1769=CARTESIAN_POINT('',(-0.0087399782,-0.00983407119677575,-0.0160831165095737));
#1770=CARTESIAN_POINT('',(-0.0061999782,-0.00983407119677575,-0.0160831165095737));
#1771=CARTESIAN_POINT('',(-0.0061999782,-0.00475407130946311,-0.0160820465079379));
#1772=CARTESIAN_POINT('',(-0.0061999782,-0.00475407130946311,-0.0160820465079379));
#1773=CARTESIAN_POINT('',(-0.0087399782,-0.00475407130946311,-0.0160820465079379));
#1774=CARTESIAN_POINT('',(1.20488752188364E-21,-0.00475587873701681,-0.00750100189828668));
#1775=CARTESIAN_POINT('',(-0.0162248626614102,-0.00475587873701681,-0.00750100189828668));
#1776=CARTESIAN_POINT('',(-0.0061999782,-0.00475540881150785,-0.0097320466487971));
#1777=CARTESIAN_POINT('',(-0.0013088136732523,-0.00983394226151415,-0.016695256802149));
#1778=CARTESIAN_POINT('',(0.008,-0.00983271917068047,-0.0225020715671842));
#1779=CARTESIAN_POINT('',(0.008,-0.00983240322531557,-0.0240020715339104));
#1780=CARTESIAN_POINT('',(0.008,-0.00983903807797845,0.00749792776733929));
#1781=CARTESIAN_POINT('',(0.008,-0.00983872213261355,0.00599792780061311));
#1782=CARTESIAN_POINT('',(-0.008,-0.00983271917068047,-0.0225020715671842));
#1783=CARTESIAN_POINT('',(-0.008,-0.00983240322531557,-0.0240020715339104));
#1784=CARTESIAN_POINT('',(-0.008,-0.00983903807797845,0.00749792776733929));
#1785=CARTESIAN_POINT('',(-0.008,-0.00983872213261355,0.00599792780061311));
#1786=CARTESIAN_POINT('',(-0.006,-0.00983745835115395,-2.07206629185862E-6));
#1787=CARTESIAN_POINT('',(-0.006,-0.00983708974822823,-0.0017520720274724));
#1788=CARTESIAN_POINT('',(0.006,-0.00983745835115395,-2.07206629185862E-6));
#1789=CARTESIAN_POINT('',(0.006,-0.00983708974822823,-0.0017520720274724));
#1790=CARTESIAN_POINT('',(3.03943268228751E-19,-0.00983619456969435,-0.00600207193319656));
#1791=CARTESIAN_POINT('',(3.03943268228751E-19,-0.00983582596676864,-0.0077520718943771));
#1792=CARTESIAN_POINT('',(1.09654238919348E-19,-0.00983872213261354,0.00599792780061284));
#1793=CARTESIAN_POINT('',(1.09654238919348E-19,-0.00983835352968782,0.0042479278394323));
#1794=CARTESIAN_POINT('',(-0.0112799782,-0.00983752996400437,0.00033792112616615));
#1795=CARTESIAN_POINT('',(-0.0112799782,-0.00983972894058462,0.010777905894581));
#1796=CARTESIAN_POINT('',(-0.0061999782,-0.00983540869882049,-0.00973311665043289));
#1797=CARTESIAN_POINT('',(-0.0112799782,-0.00983752996400437,0.00033792112616615));
#1798=CARTESIAN_POINT('',(-0.0112799782,-0.00983202830807428,-0.0257820496944259));
#1799=CARTESIAN_POINT('',(-2.573150568487E-21,-0.00983202830807428,-0.0257820496944259));
#1800=CARTESIAN_POINT('',(0.0112799782,-0.00983202830807428,-0.0257820496944259));
#1801=CARTESIAN_POINT('',(0.0112799782,-0.00983752996400437,0.000337921126166157));
#1802=CARTESIAN_POINT('',(0.0112799782,-0.00983407119677575,-0.0160831165095737));
#1803=CARTESIAN_POINT('',(0.0087399782,-0.00983407119677575,-0.0160831165095737));
#1804=CARTESIAN_POINT('',(0.0061999782,-0.00983407119677575,-0.0160831165095737));
#1805=CARTESIAN_POINT('',(0.0061999782,-0.00983540869882049,-0.00973311665043289));
#1806=CARTESIAN_POINT('',(0.0061999782,-0.00983674620086523,-0.00338311679129209));
#1807=CARTESIAN_POINT('',(0.0087399782,-0.00983674620086523,-0.00338311679129208));
#1808=CARTESIAN_POINT('',(0.0112799782,-0.00983674620086523,-0.00338311679129208));
#1809=CARTESIAN_POINT('',(0.0112799782,-0.00983752996400437,0.000337921126166157));
#1810=CARTESIAN_POINT('',(0.0112799782,-0.00983972894058462,0.010777905894581));
#1811=CARTESIAN_POINT('',(1.73215032540832E-18,-0.00983972894058462,0.010777905894581));
#1812=CARTESIAN_POINT('',(-0.0613088136732506,-0.0199994710800254,0.00955260261333754));
#1813=CARTESIAN_POINT('',(0.0386911863274092,-0.0199920990206237,-0.0254473966118495));
#1814=CARTESIAN_POINT('',(0.0386911863267475,-0.0199994655343857,0.00952627384356076));
#1815=CARTESIAN_POINT('',(0.0386911863274106,-0.0199847269621063,-0.0604473958348197));
#1816=CARTESIAN_POINT('',(0.0486911863267473,-0.0199994655343865,0.00952627384356104));
#1817=CARTESIAN_POINT('',(0.0561911863267469,-0.0199994655343873,0.00952627384356095));
#1818=CARTESIAN_POINT('',(0.0561911863267469,-0.0199994710800288,0.00955260260948262));
#1819=CARTESIAN_POINT('',(0.0561911863267469,-0.0199994710800302,0.00955260261190479));
#1820=CARTESIAN_POINT('',(0.0261911863267481,-0.0199994710800313,0.00955260261255045));
#1821=CARTESIAN_POINT('',(0.0261911863270943,-0.0200057899873262,0.0395526019470727));
#1822=CARTESIAN_POINT('',(-0.04505881367325,-0.0200057899873233,0.0395526019470727));
#1823=CARTESIAN_POINT('',(-0.0288088136729313,-0.0200057899873232,0.0395526019470727));
#1824=CARTESIAN_POINT('',(-0.0288088136732499,-0.0199994710800253,0.00955260261254891));
#1825=CARTESIAN_POINT('',(-0.0588088136732504,-0.0199994710800254,0.00955260261333183));
#1826=CARTESIAN_POINT('',(-0.0588088136732515,-0.0199994655343781,0.00952627384034126));
#1827=CARTESIAN_POINT('',(-0.0588088136732515,-0.019999465534379,0.00952627384450914));
#1828=CARTESIAN_POINT('',(-0.0613088136732514,-0.019999465534379,0.0095262738451376));
#1829=CARTESIAN_POINT('',(-0.0413088136739179,-0.0199994655334954,0.00952627384513813));
#1830=CARTESIAN_POINT('',(-0.0413088136732535,-0.0199847269629881,-0.0604473958340807));
#1831=CARTESIAN_POINT('',(-0.0413088136732535,-0.0199847269629885,-0.0604473958344944));
#1832=CARTESIAN_POINT('',(-0.0288088136732515,-0.019984726962989,-0.0604473958346708));
#1833=CARTESIAN_POINT('',(-0.0288088136735467,-0.0199820940842536,-0.0729473955579137));
#1834=CARTESIAN_POINT('',(0.0261911863261586,-0.019982094084949,-0.0729473955573924));
#1835=CARTESIAN_POINT('',(0.0261911870767039,-0.0199820940849538,-0.072947395552227));
#1836=CARTESIAN_POINT('',(0.0261911863267502,-0.0199847269629868,-0.0604473958346714));
#1837=CARTESIAN_POINT('',(-0.0112799782,-0.0199975297386297,0.000335781122894564));
#1838=CARTESIAN_POINT('',(-0.0112799782,-0.0199997287152099,0.0107757658913094));
#1839=CARTESIAN_POINT('',(1.7347234759768E-18,-0.0199997287152099,0.0107757658913094));
#1840=CARTESIAN_POINT('',(0.0112799782,-0.0199997287152099,0.0107757658913094));
#1841=CARTESIAN_POINT('',(0.0112799782,-0.0199975297386297,0.000335781122894572));
#1842=CARTESIAN_POINT('',(0.0112799782,-0.0199967459754905,-0.00338525679456367));
#1843=CARTESIAN_POINT('',(-0.0613088136732506,-0.0199967459754905,-0.00338525679456367));
#1844=CARTESIAN_POINT('',(0.0163599782,-0.0199967459754905,-0.00338525679456367));
#1845=CARTESIAN_POINT('',(0.0163599782,-0.0199994710800254,0.0095526026133375));
#1846=CARTESIAN_POINT('',(0.0163599782,-0.019994070971401,-0.0160852565128453));
#1847=CARTESIAN_POINT('',(-0.0613088136732506,-0.019994070971401,-0.0160852565128453));
#1848=CARTESIAN_POINT('',(0.0112799782,-0.019994070971401,-0.0160852565128453));
#1849=CARTESIAN_POINT('',(0.0112799782,-0.0199975297386297,0.000335781122894572));
#1850=CARTESIAN_POINT('',(0.0112799782,-0.0199920280826996,-0.0257841896976976));
#1851=CARTESIAN_POINT('',(2.56353765271336E-37,-0.0199920280826996,-0.0257841896976976));
#1852=CARTESIAN_POINT('',(-0.0112799782,-0.0199920280826996,-0.0257841896976976));
#1853=CARTESIAN_POINT('',(-0.0112799782,-0.0199975297386297,0.000335781122894564));
#1854=CARTESIAN_POINT('',(0.0112799782,-0.00983752996400437,0.000337921126166157));
#1855=CARTESIAN_POINT('',(0.0112799782,-0.0352367456374285,-0.00338846679947105));
#1856=CARTESIAN_POINT('',(0.0112799782,-0.00983972894058462,0.010777905894581));
#1857=CARTESIAN_POINT('',(-0.0112799782,-0.00983752996400437,0.00033792112616615));
#1858=CARTESIAN_POINT('',(-0.0112799782,-0.00983972894058462,0.010777905894581));
#1859=CARTESIAN_POINT('',(-0.008,0.0308009610205228,0.00750648778042563));
#1860=CARTESIAN_POINT('',(-0.008,-0.00853904890680828,0.00749820158438073));
#1861=CARTESIAN_POINT('',(-0.008,-0.00853936485217324,0.0089982015511069));
#1862=CARTESIAN_POINT('',(0.008,0.0308072799278207,-0.0224935115540979));
#1863=CARTESIAN_POINT('',(0.008,-0.00853272999950917,-0.0225017977501428));
#1864=CARTESIAN_POINT('',(0.008,-0.00853304594487412,-0.0210017977834166));
#1865=CARTESIAN_POINT('',(-0.008,0.0308072799278207,-0.0224935115540979));
#1866=CARTESIAN_POINT('',(-0.008,-0.00853272999950917,-0.0225017977501428));
#1867=CARTESIAN_POINT('',(-0.008,-0.00853304594487412,-0.0210017977834166));
#1868=CARTESIAN_POINT('',(0.008,0.0308009610205228,0.00750648778042563));
#1869=CARTESIAN_POINT('',(0.008,-0.00853904890680828,0.00749820158438073));
#1870=CARTESIAN_POINT('',(0.008,-0.00853936485217324,0.0089982015511069));
#1871=CARTESIAN_POINT('',(1.11907803956817E-19,-0.0186987219360688,0.00599606161665708));
#1872=CARTESIAN_POINT('',(1.07155949122749E-19,1.27764911746334E-6,0.00600000040220685));
#1873=CARTESIAN_POINT('',(1.07155949122749E-19,9.09046191682699E-7,0.00775000036338739));
#1874=CARTESIAN_POINT('',(-0.006,-0.018697458154609,-3.93825024761742E-6));
#1875=CARTESIAN_POINT('',(-0.006,2.54143057728266E-6,5.35302152812816E-10));
#1876=CARTESIAN_POINT('',(-0.006,2.17282765150202E-6,0.00175000049648269));
#1877=CARTESIAN_POINT('',(3.06196833266219E-19,-0.0186961943731492,-0.00600393811715232));
#1878=CARTESIAN_POINT('',(3.01444978432152E-19,3.80521203710199E-6,-0.00599999933160255));
#1879=CARTESIAN_POINT('',(3.01444978432152E-19,3.43660911132135E-6,-0.00424999937042201));
#1880=CARTESIAN_POINT('',(0.006,-0.018697458154609,-3.93825024761742E-6));
#1881=CARTESIAN_POINT('',(0.006,2.54143057728267E-6,5.35302152812816E-10));
#1882=CARTESIAN_POINT('',(0.006,2.17282765150203E-6,0.00175000049648269));
#1883=CARTESIAN_POINT('',(0.0386911863267502,7.90053484671205E-6,-0.0254431840069854));
#1884=CARTESIAN_POINT('',(-0.0288088136732499,5.2847632397296E-7,0.0095568152174142));
#1885=CARTESIAN_POINT('',(-0.0613088136732506,5.28476319893049E-7,0.00955681521731495));
#1886=CARTESIAN_POINT('',(-0.0288088136738912,-6.31700657930127E-6,0.0420568144964814));
#1887=CARTESIAN_POINT('',(0.0386911863240859,-6.31700657656356E-6,0.0420568144971557));
#1888=CARTESIAN_POINT('',(0.0261911863261078,-6.31700658219309E-6,0.0420568144965697));
#1889=CARTESIAN_POINT('',(0.0261911863267493,5.2847632177333E-7,0.00955681521741463));
#1890=CARTESIAN_POINT('',(0.0586911863267489,5.28476315738215E-7,0.00955681521711778));
#1891=CARTESIAN_POINT('',(0.0586911863267489,5.28476311783706E-7,0.00955681521741268));
#1892=CARTESIAN_POINT('',(0.058691186326749,5.34021956981413E-7,0.00953048644921493));
#1893=CARTESIAN_POINT('',(0.0486911863267492,5.34021961134251E-7,0.00953048644921492));
#1894=CARTESIAN_POINT('',(0.0536911863260883,5.34021080389848E-7,0.00953048644921474));
#1895=CARTESIAN_POINT('',(0.0536911863260885,7.90053396285406E-6,-0.025443184006196));
#1896=CARTESIAN_POINT('',(0.0536911863267503,1.52725933611407E-5,-0.0604431832295473));
#1897=CARTESIAN_POINT('',(0.0261911863267502,1.52725933615442E-5,-0.0604431832298074));
#1898=CARTESIAN_POINT('',(0.052173268382594,1.71703871908292E-5,-0.0694532558400481));
#1899=CARTESIAN_POINT('',(0.0273547831719416,2.15900742319072E-5,-0.0904364103291194));
#1900=CARTESIAN_POINT('',(0.0386911863267503,1.51745385270437E-5,-0.0599776526007986));
#1901=CARTESIAN_POINT('',(0.0386911863267502,5.28476319164306E-7,0.00955681521682005));
#1902=CARTESIAN_POINT('',(0.0386911863267503,1.52725933448185E-5,-0.0604431832301032));
#1903=CARTESIAN_POINT('',(0.0261911863267502,1.52725933447555E-5,-0.0604431832298076));
#1904=CARTESIAN_POINT('',(0.0261911863264549,1.79054713855487E-5,-0.072943182952526));
#1905=CARTESIAN_POINT('',(0.026191186326159,1.79054713855993E-5,-0.0729431829525259));
#1906=CARTESIAN_POINT('',(-0.0288088136735461,1.79054713895986E-5,-0.0729431829525273));
#1907=CARTESIAN_POINT('',(-0.0288088136732515,1.5272593352815E-5,-0.0604431832298071));
#1908=CARTESIAN_POINT('',(-0.041298795618188,1.53779823891026E-5,-0.0609435341107571));
#1909=CARTESIAN_POINT('',(-0.0276452168280584,2.15900742312792E-5,-0.0904364103291195));
#1910=CARTESIAN_POINT('',(-0.0540147565192842,1.75886684732463E-5,-0.0714391115616206));
#1911=CARTESIAN_POINT('',(-0.0288088136732515,1.52725933607444E-5,-0.0604431832298068));
#1912=CARTESIAN_POINT('',(-0.0563088136732523,1.52725933614897E-5,-0.0604431832304494));
#1913=CARTESIAN_POINT('',(-0.0563088136746337,7.90053484750186E-6,-0.0254431840107353));
#1914=CARTESIAN_POINT('',(-0.0563088136746324,5.34021963322634E-7,0.00953048644951016));
#1915=CARTESIAN_POINT('',(-0.0513088136732495,5.34021969783582E-7,0.0095304864492149));
#1916=CARTESIAN_POINT('',(-0.0613088136732505,5.3402196643225E-7,0.00953048644921476));
#1917=CARTESIAN_POINT('',(-0.0613088136732507,5.34021962543827E-7,0.00953048644921485));
#1918=CARTESIAN_POINT('',(-0.008,7.28061105160498E-6,-0.0224999989655897));
#1919=CARTESIAN_POINT('',(-0.008,6.85935056499854E-6,-0.0204999990099548));
#1920=CARTESIAN_POINT('',(0.008,9.61703752508351E-7,0.00750000036893377));
#1921=CARTESIAN_POINT('',(0.008,5.40443265901909E-7,0.00950000032456867));
#1922=CARTESIAN_POINT('',(-0.008,9.61703752508347E-7,0.00750000036893377));
#1923=CARTESIAN_POINT('',(-0.008,5.40443265901905E-7,0.00950000032456867));
#1924=CARTESIAN_POINT('',(0.008,7.28061105160498E-6,-0.0224999989655897));
#1925=CARTESIAN_POINT('',(0.008,6.85935056499854E-6,-0.0204999990099548));
#1926=CARTESIAN_POINT('',(0.0561911863267471,-0.0174994711354853,0.00955312918575702));
#1927=CARTESIAN_POINT('',(0.0561911863267472,-0.0174994655898438,0.00952680041983526));
#1928=CARTESIAN_POINT('',(0.0586911863267472,-0.017499465589844,0.00952680041955459));
#1929=CARTESIAN_POINT('',(0.0586911863267471,-0.0174994711354855,0.00955312918576316));
#1930=CARTESIAN_POINT('',(0.0586911863267471,-0.0174994711354861,0.0095531291878522));
#1931=CARTESIAN_POINT('',(0.0561911863267471,-0.0174994711354856,0.00955312918745986));
#1932=CARTESIAN_POINT('',(-0.0288088136732499,-0.0174994711354816,0.00955312918815708));
#1933=CARTESIAN_POINT('',(-0.0533726729559919,-0.0175039534731466,0.0308337963949215));
#1934=CARTESIAN_POINT('',(-0.0538926121125975,-0.0176905035071005,0.0302336014714255));
#1935=CARTESIAN_POINT('',(-0.0548765878746058,-0.0178327042319726,0.0289711524179353));
#1936=CARTESIAN_POINT('',(-0.0558173934023578,-0.0176567918612713,0.0276479249708411));
#1937=CARTESIAN_POINT('',(-0.0562449543367687,-0.0175031406273826,0.0269746151186528));
#1938=CARTESIAN_POINT('',(-0.0533726729597617,-0.0175039534699032,0.0308337963971791));
#1939=CARTESIAN_POINT('',(-0.0562449543358106,-0.0175031406277264,0.0269746151201615));
#1940=CARTESIAN_POINT('',(-0.0288088136732499,-0.0174994711354816,0.00955312918815708));
#1941=CARTESIAN_POINT('',(-0.0613088136732504,-0.0174994711354817,0.00955312918866009));
#1942=CARTESIAN_POINT('',(-0.0588088136732502,-0.0174994711354817,0.00955312918879403));
#1943=CARTESIAN_POINT('',(-0.0288088136726127,-0.0175057900427796,0.0395531285226809));
#1944=CARTESIAN_POINT('',(-0.0288088136729047,-0.0175063166183882,0.0420531284672181));
#1945=CARTESIAN_POINT('',(-0.0288088136732499,-0.0174994711354815,0.00955312918815708));
#1946=CARTESIAN_POINT('',(-0.0588088136732513,-0.0174994655898347,0.00952680041703057));
#1947=CARTESIAN_POINT('',(-0.0588088136732513,-0.0174994655898355,0.00952680042056998));
#1948=CARTESIAN_POINT('',(-0.0613088136732513,-0.0174994655898354,0.00952680042064748));
#1949=CARTESIAN_POINT('',(-0.0613088136732513,-0.0174994655898346,0.00952680041710798));
#1950=CARTESIAN_POINT('',(-0.04505881367325,-0.0175057900427796,0.0395531285226744));
#1951=CARTESIAN_POINT('',(0.0261911863274406,-0.0175057900427796,0.0395531285226744));
#1952=CARTESIAN_POINT('',(0.0261911863270943,-0.0175063166183906,0.0420531284672211));
#1953=CARTESIAN_POINT('',(-0.04505881367325,-0.0175063166183886,0.0420531284672181));
#1954=CARTESIAN_POINT('',(0.0261911863267481,-0.0174994711354876,0.00955312918815862));
#1955=CARTESIAN_POINT('',(0.0536273269902713,-0.0175031406273886,0.0269746151186381));
#1956=CARTESIAN_POINT('',(0.0531986981129946,-0.0176571756445608,0.0276496067345133));
#1957=CARTESIAN_POINT('',(0.0522744159372115,-0.0178320867480609,0.0289501966096928));
#1958=CARTESIAN_POINT('',(0.0512760973590154,-0.0176909026845831,0.0302323171452527));
#1959=CARTESIAN_POINT('',(0.0507550456614028,-0.0175039534871849,0.030833796341599));
#1960=CARTESIAN_POINT('',(0.0536273269902713,-0.0175031406273886,0.0269746151186381));
#1961=CARTESIAN_POINT('',(0.0507550456632725,-0.0175039534878552,0.0308337963394407));
#1962=CARTESIAN_POINT('',(0.0261911863267481,-0.0174994711354876,0.00955312918815862));
#1963=CARTESIAN_POINT('',(0.0261911863267481,-0.0174994711354864,0.00955312918815862));
#1964=CARTESIAN_POINT('',(-0.05130881367325,-0.00999946575620491,0.00952838014717651));
#1965=CARTESIAN_POINT('',(-0.0613088136732504,5.34021970182063E-7,0.00953048644921475));
#1966=CARTESIAN_POINT('',(-0.0563088136745823,5.34023738193086E-7,0.00953048644921239));
#1967=CARTESIAN_POINT('',(-0.0548088136732504,-0.0134994656785653,0.00952764294146268));
#1968=CARTESIAN_POINT('',(-0.0548088136732504,-0.0159994656231089,0.00952711636595309));
#1969=CARTESIAN_POINT('',(-0.0613088136732504,5.34021970182152E-7,0.00953048644921433));
#1970=CARTESIAN_POINT('',(-0.0613088136732502,-0.0099994713018507,0.00955470891498131));
#1971=CARTESIAN_POINT('',(-0.0548088136732504,-0.0134994656785651,0.0095276429403992));
#1972=CARTESIAN_POINT('',(-0.0562449543367687,-0.0175031406273826,0.0269746151186528));
#1973=CARTESIAN_POINT('',(-0.0566056947478931,-0.0173735024756671,0.0264065321780838));
#1974=CARTESIAN_POINT('',(-0.0572734516165773,-0.0170248187821454,0.0252773175252563));
#1975=CARTESIAN_POINT('',(-0.0579889021524987,-0.016374946098807,0.0238856500526661));
#1976=CARTESIAN_POINT('',(-0.0584864915929607,-0.0156683387230817,0.0228096429168646));
#1977=CARTESIAN_POINT('',(-0.0588024338513807,-0.0150206863182741,0.0220765787411351));
#1978=CARTESIAN_POINT('',(-0.0590426461662539,-0.0141896115950969,0.0214790278428244));
#1979=CARTESIAN_POINT('',(-0.0590837988082153,-0.0131073554755419,0.0213729059590617));
#1980=CARTESIAN_POINT('',(-0.0588800728548406,-0.0121941484254693,0.0218883469763716));
#1981=CARTESIAN_POINT('',(-0.0585840464098821,-0.0115097529480345,0.0225894080446773));
#1982=CARTESIAN_POINT('',(-0.0582262226646584,-0.0109496899316964,0.023379479695069));
#1983=CARTESIAN_POINT('',(-0.0576974414152194,-0.0103418034578447,0.0244665200758483));
#1984=CARTESIAN_POINT('',(-0.0569288247128489,-0.00976260477483793,0.0258888745345735));
#1985=CARTESIAN_POINT('',(-0.0558850800772449,-0.00933906812481838,0.0275679441870206));
#1986=CARTESIAN_POINT('',(-0.0547009355070407,-0.00919559146902339,0.0292337635520028));
#1987=CARTESIAN_POINT('',(-0.0534153824202083,-0.00941123944088113,0.0308178369659719));
#1988=CARTESIAN_POINT('',(-0.052096518170616,-0.0101042384055361,0.0322499971971715));
#1989=CARTESIAN_POINT('',(-0.0509254655882066,-0.0114436867221171,0.0333786769750402));
#1990=CARTESIAN_POINT('',(-0.0503816979806985,-0.0134775970365792,0.0338600645731612));
#1991=CARTESIAN_POINT('',(-0.0509010704262061,-0.015522471993113,0.0334001740464468));
#1992=CARTESIAN_POINT('',(-0.0520678100561323,-0.0168808712298807,0.0322773667550641));
#1993=CARTESIAN_POINT('',(-0.0529352472220336,-0.017347008594715,0.031338741455862));
#1994=CARTESIAN_POINT('',(-0.0533726729603582,-0.0175039534701171,0.0308337963964905));
#1995=CARTESIAN_POINT('',(-0.0548088136732504,-0.0134998869391306,0.0115276428967625));
#1996=CARTESIAN_POINT('',(-0.0548088136732504,-0.00924988703340651,0.011528538075464));
#1997=CARTESIAN_POINT('',(-0.0288088136732499,-0.0099994713018507,0.00955470891498154));
#1998=CARTESIAN_POINT('',(-0.0288088136732495,-6.31700658235701E-6,0.0420568144964811));
#1999=CARTESIAN_POINT('',(-0.0288088136732496,-6.31700658235701E-6,0.0420568144964811));
#2000=CARTESIAN_POINT('',(0.0261911863267486,-0.0100063167847569,0.0420547081940451));
#2001=CARTESIAN_POINT('',(0.0261911863267486,-0.00999947130185291,0.00955470891498265));
#2002=CARTESIAN_POINT('',(0.0507550456612993,-0.0175039534872771,0.0308337963415325));
#2003=CARTESIAN_POINT('',(0.0503168530616095,-0.0173467334739901,0.0313396266342631));
#2004=CARTESIAN_POINT('',(0.0494447077073585,-0.0168775487994456,0.0322831068338903));
#2005=CARTESIAN_POINT('',(0.0482789966063692,-0.0155138873944088,0.0334041753097736));
#2006=CARTESIAN_POINT('',(0.0477640711324871,-0.0134687126545159,0.033860080899526));
#2007=CARTESIAN_POINT('',(0.0483126544183965,-0.0114344110496459,0.0333742868826955));
#2008=CARTESIAN_POINT('',(0.0494865338172437,-0.0100980905894756,0.032242335686664));
#2009=CARTESIAN_POINT('',(0.0508073011572441,-0.00940849926625851,0.0308066065658672));
#2010=CARTESIAN_POINT('',(0.0520868371500929,-0.00919553901412076,0.0292291552361178));
#2011=CARTESIAN_POINT('',(0.0532773375799037,-0.00934104555510515,0.0275534546154499));
#2012=CARTESIAN_POINT('',(0.0543191497134982,-0.00976783372274388,0.0258747645795115));
#2013=CARTESIAN_POINT('',(0.0550858049615987,-0.010346034434073,0.0244554159350656));
#2014=CARTESIAN_POINT('',(0.0556201765980066,-0.0109651732802028,0.0233547912160297));
#2015=CARTESIAN_POINT('',(0.0559724814227337,-0.011521500864274,0.0225753986223466));
#2016=CARTESIAN_POINT('',(0.0562690243422911,-0.0122129872114521,0.021872254320409));
#2017=CARTESIAN_POINT('',(0.0564681923259907,-0.0131309908258633,0.0213675944978881));
#2018=CARTESIAN_POINT('',(0.0564214361497692,-0.0142082358468829,0.0214882353230259));
#2019=CARTESIAN_POINT('',(0.056180003966907,-0.0150322891281864,0.0220880638567345));
#2020=CARTESIAN_POINT('',(0.0558651848415026,-0.015673822649316,0.0228177117041058));
#2021=CARTESIAN_POINT('',(0.0553729071831569,-0.016372121768073,0.0238818739577525));
#2022=CARTESIAN_POINT('',(0.0546589699514974,-0.0170235074108074,0.0252721245897337));
#2023=CARTESIAN_POINT('',(0.053986222646494,-0.0173741654194638,0.0264094372415348));
#2024=CARTESIAN_POINT('',(0.0536273269902713,-0.0175031406273886,0.0269746151186381));
#2025=CARTESIAN_POINT('',(0.0586911863267488,5.2847631941688E-7,0.00955681521741313));
#2026=CARTESIAN_POINT('',(0.0521911863267474,-0.0134994656785731,0.00952764294039921));
#2027=CARTESIAN_POINT('',(0.0521911863267474,-0.0134998869391387,0.0115276428970988));
#2028=CARTESIAN_POINT('',(0.0521911863267474,-0.0177498868448628,0.0115267477183973));
#2029=CARTESIAN_POINT('',(-0.0288088136732515,-0.0199847269629966,-0.0604473958346724));
#2030=CARTESIAN_POINT('',(-0.041298795618188,-0.0199846215739665,-0.0609477467156222));
#2031=CARTESIAN_POINT('',(-0.041298795618188,-5.683615500602E-6,-0.0609435385469667));
#2032=CARTESIAN_POINT('',(-0.0288088136738411,-0.0199820940849557,-0.0729473955573926));
#2033=CARTESIAN_POINT('',(-0.0288088136735461,-3.15612649080473E-6,-0.0729431873887369));
#2034=CARTESIAN_POINT('',(-0.0288088136732515,-5.78900453159642E-6,-0.0604431876660167));
#2035=CARTESIAN_POINT('',(0.026191186326159,-0.0199820940849557,-0.0729473955573912));
#2036=CARTESIAN_POINT('',(0.026191186326159,-3.15612649081157E-6,-0.0729431873887355));
#2037=CARTESIAN_POINT('',(0.0261911863264549,-3.15612649040074E-6,-0.0729431873887356));
#2038=CARTESIAN_POINT('',(0.0261911863261593,-0.0199820940849558,-0.0729473955573913));
#2039=CARTESIAN_POINT('',(0.0261911863267502,-0.0199847269629966,-0.0604473958346729));
#2040=CARTESIAN_POINT('',(0.0261911863267502,-5.78900453078457E-6,-0.0604431876660172));
#2041=CARTESIAN_POINT('',(0.0386911863267503,-5.78900453072006E-6,-0.0604431876663128));
#2042=CARTESIAN_POINT('',(0.0386911863267503,-0.0199847269629965,-0.0604473958352632));
#2043=CARTESIAN_POINT('',(0.0386911863267502,-0.0199994710800222,0.00955260261195556));
#2044=CARTESIAN_POINT('',(0.0386911863267502,-2.05331215552863E-5,0.00955681078061047));
#2045=CARTESIAN_POINT('',(0.0386911863267503,-5.88705936062674E-6,-0.0599776570370082));
#2046=CARTESIAN_POINT('',(0.0386911863267503,-0.0199848250178284,-0.0599818652056631));
#2047=CARTESIAN_POINT('',(0.0373229119392425,-1.77345921365202E-6,-0.0795076162451324));
#2048=CARTESIAN_POINT('',(0.0273547831719416,5.28476333596457E-7,-0.090436414765329));
#2049=CARTESIAN_POINT('',(0.0521614091248968,-3.89416350133032E-6,-0.0694392414015064));
#2050=CARTESIAN_POINT('',(0.0261911863267502,-5.78900453074988E-6,-0.060443187666017));
#2051=CARTESIAN_POINT('',(0.0261911863269477,-6.95278158505985E-13,-0.087927390857057));
#2052=CARTESIAN_POINT('',(0.0261911863269477,-1.39058898876681E-12,-0.0879273908565358));
#2053=CARTESIAN_POINT('',(-0.0288088120236501,-1.30356303822045E-14,-0.08792739085646));
#2054=CARTESIAN_POINT('',(-0.0288088136732515,-5.78900453026415E-6,-0.0604431876660164));
#2055=CARTESIAN_POINT('',(-0.0540040190049107,-3.47606686670469E-6,-0.0714242204741593));
#2056=CARTESIAN_POINT('',(-0.0276452168280584,5.28476336286911E-7,-0.0904364147653291));
#2057=CARTESIAN_POINT('',(-0.0276452168280584,5.28476328653937E-7,-0.0904364147653291));
#2058=CARTESIAN_POINT('',(-0.0540147565192844,1.75886684715788E-5,-0.0714391115616208));
#2059=CARTESIAN_POINT('',(-0.0540111785517241,1.05670897236031E-5,-0.071434146434645));
#2060=CARTESIAN_POINT('',(-0.0540075993800104,3.54551127703563E-6,-0.0714291827386472));
#2061=CARTESIAN_POINT('',(-0.0540040190049107,-3.4760668680135E-6,-0.0714242204741594));
#2062=CARTESIAN_POINT('',(0.0273547831719416,5.28476328653937E-7,-0.090436414765329));
#2063=CARTESIAN_POINT('',(0.0521614091248969,-3.89416350206479E-6,-0.0694392414015067));
#2064=CARTESIAN_POINT('',(0.0521653632999236,3.12735307464588E-6,-0.0694439113607544));
#2065=CARTESIAN_POINT('',(0.0521693163860859,1.01488699716059E-5,-0.0694485828404407));
#2066=CARTESIAN_POINT('',(0.0521732683825778,1.71703871887181E-5,-0.0694532558400947));
#2067=CARTESIAN_POINT('',(0.0521911863267474,-0.0134994656785733,0.00952764294146382));
#2068=CARTESIAN_POINT('',(0.0521911863267474,-0.0134994656785733,0.00952764294146384));
#2069=CARTESIAN_POINT('',(0.0521911863267474,-0.0159994656231169,0.00952711636595424));
#2070=CARTESIAN_POINT('',(0.0521911863267474,-0.013499886938981,0.0115276428970987));
#2071=CARTESIAN_POINT('',(0.0521911863267474,-0.0159998868835246,0.0115271163215891));
#2072=CARTESIAN_POINT('',(0.0521911863267474,-0.0134998869389809,0.0115276428970986));
#2073=CARTESIAN_POINT('',(-0.0548088136732504,-0.0134994656785653,0.00952764294146267));
#2074=CARTESIAN_POINT('',(-0.0548088136732504,-0.013499886938973,0.0115276428970976));
#2075=CARTESIAN_POINT('',(-0.0548088136732504,-0.0159998868835166,0.011527116321588));
#2076=CARTESIAN_POINT('',(-0.0548088136732504,-0.0134998869389729,0.0115276428970976));
#2077=CARTESIAN_POINT('',(-0.0563088136732519,1.52725933607911E-5,-0.0604431832300068));
#2078=CARTESIAN_POINT('',(-0.0563088136732519,1.52725933607911E-5,-0.0604431832300065));
#2079=CARTESIAN_POINT('',(-0.0288088136732515,-0.00998472718481416,-0.0604452895322388));
#2080=CARTESIAN_POINT('',(-0.0288088136732506,-5.45095109695038E-13,-0.0879273908571697));
#2081=CARTESIAN_POINT('',(-0.0288088136734672,-0.00666069802867972,-0.0829340590905773));
#2082=CARTESIAN_POINT('',(-0.0288088136735658,-0.0133213960568144,-0.0779407273239849));
#2083=CARTESIAN_POINT('',(-0.0288088136735464,-0.019982094084949,-0.0729473955573925));
#2084=CARTESIAN_POINT('',(0.0261911863269486,2.10649250487194E-5,-0.0879431826197873));
#2085=CARTESIAN_POINT('',(0.0261911863269485,2.10649250487194E-5,-0.0879431826197873));
#2086=CARTESIAN_POINT('',(0.0261911863267502,-0.00998472718481302,-0.0604452895322394));
#2087=CARTESIAN_POINT('',(0.0536911863267502,1.52725933608398E-5,-0.0604431832298071));
#2088=CARTESIAN_POINT('',(0.0486911863267502,-0.00665139392542166,-0.0604445874316456));
#2089=CARTESIAN_POINT('',(0.0436911863267502,-0.0133180604442042,-0.0604459916333657));
#2090=CARTESIAN_POINT('',(0.0386911863267502,-0.0199847269629867,-0.0604473958349673));
#2091=CARTESIAN_POINT('',(0.0536911863267502,7.90053484518438E-6,-0.0254431840061958));
#2092=CARTESIAN_POINT('',(0.0386911863267471,-0.0199994655343854,0.00952627384356103));
#2093=CARTESIAN_POINT('',(0.0586911863267488,5.28476319416882E-7,0.00955681521741312));
#2094=CARTESIAN_POINT('',(0.0586911863267481,-0.00999946575621304,0.00952838014638799));
#2095=CARTESIAN_POINT('',(0.0486911863267482,-0.00999946575621209,0.00952838014638798));
#2096=CARTESIAN_POINT('',(0.008,-0.00853904890680828,0.00749820158438115));
#2097=CARTESIAN_POINT('',(0.008,-0.00853904890680828,0.00749820158438115));
#2098=CARTESIAN_POINT('',(0.008,-0.00853947016729489,0.00949820154001605));
#2099=CARTESIAN_POINT('',(-0.00130881367325079,-0.00853421637814733,-0.0154449830122811));
#2100=CARTESIAN_POINT('',(-0.00130881367325079,-0.00853421637814733,-0.0154449830122811));
#2101=CARTESIAN_POINT('',(-0.008,-0.00853272999950918,-0.0225017977501423));
#2102=CARTESIAN_POINT('',(-0.008,-0.00853315125999579,-0.0205017977945074));
#2103=CARTESIAN_POINT('',(-0.008,-0.00853272999950918,-0.0225017977501423));
#2104=CARTESIAN_POINT('',(0.008,-0.00853272999950918,-0.0225017977501423));
#2105=CARTESIAN_POINT('',(0.008,-0.00853272999950918,-0.0225017977501423));
#2106=CARTESIAN_POINT('',(0.008,-0.00853315125999579,-0.0205017977945074));
#2107=CARTESIAN_POINT('',(-0.00130881367325079,-0.00853421637814733,-0.0154449830122811));
#2108=CARTESIAN_POINT('',(-0.00130881367325079,-0.00853421637814733,-0.0154449830122811));
#2109=CARTESIAN_POINT('',(-0.008,-0.00853904890680828,0.00749820158438115));
#2110=CARTESIAN_POINT('',(-0.008,-0.00853947016729489,0.00949820154001605));
#2111=CARTESIAN_POINT('',(-0.008,-0.00853904890680828,0.00749820158438115));
#2112=CARTESIAN_POINT('',(-2.573150568487E-21,-0.00983202830807428,-0.0257820496944259));
#2113=CARTESIAN_POINT('',(0.0112799782,-0.00983202830807428,-0.0257820496944259));
#2114=CARTESIAN_POINT('',(-0.0112799782,-0.00983202830807428,-0.0257820496944259));
#2115=CARTESIAN_POINT('',(0.0112799782,-0.00983752996400437,0.000337921126166157));
#2116=CARTESIAN_POINT('',(0.0112799782,-0.035234070633339,-0.0160884665177526));
#2117=CARTESIAN_POINT('',(1.73215032540832E-18,-0.00983972894058462,0.010777905894581));
#2118=CARTESIAN_POINT('',(-0.0112799782,-0.00983752996400437,0.00033792112616615));
#2119=CARTESIAN_POINT('',(0.0138199782,-0.0352367456374285,-0.00338846679947105));
#2120=CARTESIAN_POINT('',(0.0087399782,-0.00475674631355259,-0.00338204678965629));
#2121=CARTESIAN_POINT('',(0.0136072352211753,-0.00475674631355259,-0.00338204678965629));
#2122=CARTESIAN_POINT('',(0.0061999782,-0.00475674631355259,-0.00338204678965629));
#2123=CARTESIAN_POINT('',(0.0136072352211753,-0.0352367456374285,-0.00338846679947105));
#2124=CARTESIAN_POINT('',(0.0136072352211753,-0.00507674630643301,-0.00338211419133414));
#2125=CARTESIAN_POINT('',(0.0138199782,-0.00507674630643301,-0.00338211419133414));
#2126=CARTESIAN_POINT('',(0.0163599782,-0.00507674630643301,-0.00338211419133414));
#2127=CARTESIAN_POINT('',(0.0163599782,-0.0352367456374285,-0.00338846679947105));
#2128=CARTESIAN_POINT('',(0.0061999782,-0.00475674631355259,-0.00338204678965629));
#2129=CARTESIAN_POINT('',(0.0138199782,-0.035234070633339,-0.0160884665177526));
#2130=CARTESIAN_POINT('',(0.0136072352211753,-0.035234070633339,-0.0160884665177526));
#2131=CARTESIAN_POINT('',(0.0136072352211753,-0.00475407130946311,-0.0160820465079379));
#2132=CARTESIAN_POINT('',(0.0136072352211753,-0.00507407130233928,-0.0160821139096157));
#2133=CARTESIAN_POINT('',(0.0087399782,-0.00475407130946311,-0.0160820465079379));
#2134=CARTESIAN_POINT('',(0.0061999782,-0.00475407130946311,-0.0160820465079379));
#2135=CARTESIAN_POINT('',(0.0061999782,-0.00475407130946311,-0.0160820465079379));
#2136=CARTESIAN_POINT('',(0.0163599782,-0.035234070633339,-0.0160884665177526));
#2137=CARTESIAN_POINT('',(0.0163599782,-0.00507407130233928,-0.0160821139096157));
#2138=CARTESIAN_POINT('',(0.0138199782,-0.00507407130233928,-0.0160821139096157));
#2139=CARTESIAN_POINT('',(0.0163599782,-0.0352354081353837,-0.00973846665861186));
#2140=CARTESIAN_POINT('',(0.0163599782,-0.00507540880438615,-0.00973211405046486));
#2141=CARTESIAN_POINT('',(0.0061999782,-0.00475540881150785,-0.0097320466487971));
#2142=CARTESIAN_POINT('',(0.0061999782,-0.00475540881150785,-0.0097320466487971));
#2143=CARTESIAN_POINT('',(1.20488752188364E-21,-0.00475587873701681,-0.00750100189828668));
#2144=CARTESIAN_POINT('',(0.0136072352211753,-0.00475587873701681,-0.00750100189828668));
#2145=CARTESIAN_POINT('',(-0.0061999782,-0.00475540881150785,-0.0097320466487971));
#2146=CARTESIAN_POINT('',(-0.0162248626614102,-0.00252491691748293,-0.0595437182505906));
#2147=CARTESIAN_POINT('',(-0.0162248626614102,-0.00506491686113925,-0.0595442532514093));
#2148=CARTESIAN_POINT('',(-0.0213708503910965,-0.00506491686113925,-0.0595442532514093));
#2149=CARTESIAN_POINT('',(0.0136072352211753,-0.00252491691748293,-0.0595437182505906));
#2150=CARTESIAN_POINT('',(0.0136072352211753,-0.00506491686113925,-0.0595442532514093));
#2151=CARTESIAN_POINT('',(0.0176072351743329,-0.00506491686113925,-0.0595442532514093));
#2152=MECHANICAL_DESIGN_GEOMETRIC_PRESENTATION_REPRESENTATION('',(#1243),
#2153);
#2153=(
GEOMETRIC_REPRESENTATION_CONTEXT(3)
GLOBAL_UNCERTAINTY_ASSIGNED_CONTEXT((#2154))
GLOBAL_UNIT_ASSIGNED_CONTEXT((#2157,#2156,#2155))
REPRESENTATION_CONTEXT('swap-acc-plate','TOP_LEVEL_ASSEMBLY_PART')
);
#2154=UNCERTAINTY_MEASURE_WITH_UNIT(LENGTH_MEASURE(2.E-5),#2157,
'DISTANCE_ACCURACY_VALUE','Maximum Tolerance applied to model');
#2155=(
NAMED_UNIT(*)
SI_UNIT($,.STERADIAN.)
SOLID_ANGLE_UNIT()
);
#2156=(
NAMED_UNIT(*)
PLANE_ANGLE_UNIT()
SI_UNIT($,.RADIAN.)
);
#2157=(
LENGTH_UNIT()
NAMED_UNIT(*)
SI_UNIT($,.METRE.)
);
#2158=PRODUCT_DEFINITION_SHAPE('','',#2159);
#2159=PRODUCT_DEFINITION('','',#2161,#2160);
#2160=PRODUCT_DEFINITION_CONTEXT('',#2167,'design');
#2161=PRODUCT_DEFINITION_FORMATION_WITH_SPECIFIED_SOURCE('','',#2163,
 .NOT_KNOWN.);
#2162=PRODUCT_RELATED_PRODUCT_CATEGORY('','',(#2163));
#2163=PRODUCT('swap-acc-plate','swap-acc-plate','swap-acc-plate',(#2165));
#2164=PRODUCT_CATEGORY('','');
#2165=PRODUCT_CONTEXT('',#2167,'mechanical');
#2166=APPLICATION_PROTOCOL_DEFINITION('international standard',
'ap242_managed_model_based_3d_engineering',2020,#2167);
#2167=APPLICATION_CONTEXT('managed model based 3d engineering');
ENDSEC;
END-ISO-10303-21;
