ISO-10303-21;
HEADER;
/* Generated by software containing ST-Developer
 * from STEP Tools, Inc. (www.steptools.com) 
 */
/* OPTION: using custom renumber hook */

FILE_DESCRIPTION(
/* description */ ('STEP AP242 Edition 2',
'CAx-IF Rec.Pracs.---Representation and Presentation of Product Manufa
cturing Information (PMI)---4.0---2014-10-13',
'CAx-IF Rec.Pracs.---3D Tessellated Geometry---0.4---2014-09-14','2;1',
'CAx-IF Rec.Pracs.---User Defined Attributes---1.5---2016-08-15'),
/* implementation_level */ '2;1');

FILE_NAME(
/* name */ 'Camera - Part 2',
/* time_stamp */ '2026-08-12T19:46:27Z',
/* author */ (''),
/* organization */ (''),
/* preprocessor_version */ 'ST-DEVELOPER v20',
/* originating_system */ 'ONSHAPE BY PTC INC, 1.219',
/* authorisation */ '  ');

FILE_SCHEMA (('AP242_MANAGED_MODEL_BASED_3D_ENGINEERING_MIM_LF { 1 0 10303 442 3 1 4 }'));
ENDSEC;

DATA;
#10=SHAPE_REPRESENTATION_RELATIONSHIP('','',#1044,#11);
#11=ADVANCED_BREP_SHAPE_REPRESENTATION('',(#1042),#2061);
#12=B_SPLINE_SURFACE_WITH_KNOTS('',3,1,((#1865,#1866),(#1867,#1868),(#1869,
#1870),(#1871,#1872)),.SURF_OF_LINEAR_EXTRUSION.,.F.,.F.,.F.,(4,4),(2,2),
(-1.87650659929117E-15,1.),(0.,1.),.PIECEWISE_BEZIER_KNOTS.);
#13=B_SPLINE_SURFACE_WITH_KNOTS('',3,1,((#1873,#1874),(#1875,#1876),(#1877,
#1878),(#1879,#1880)),.SURF_OF_LINEAR_EXTRUSION.,.F.,.F.,.F.,(4,4),(2,2),
(-6.04377036800294E-16,1.),(0.,1.),.PIECEWISE_BEZIER_KNOTS.);
#14=B_SPLINE_SURFACE_WITH_KNOTS('',2,3,((#1881,#1882,#1883,#1884,#1885,
#1886,#1887,#1888,#1889,#1890,#1891,#1892),(#1893,#1894,#1895,#1896,#1897,
#1898,#1899,#1900,#1901,#1902,#1903,#1904),(#1905,#1906,#1907,#1908,#1909,
#1910,#1911,#1912,#1913,#1914,#1915,#1916)),.UNSPECIFIED.,.F.,.F.,.F.,(3,
3),(4,2,2,2,2,4),(0.,1.),(0.,0.00325918001793481,0.00651836003586961,0.00977754005380442,
0.0114071300627718,0.0130367200717392),.UNSPECIFIED.);
#15=B_SPLINE_SURFACE_WITH_KNOTS('',2,3,((#1921,#1922,#1923,#1924,#1925,
#1926),(#1927,#1928,#1929,#1930,#1931,#1932),(#1933,#1934,#1935,#1936,#1937,
#1938)),.UNSPECIFIED.,.F.,.F.,.F.,(3,3),(4,2,4),(0.,1.),(0.,0.00555058108399403,
0.0111011621679881),.UNSPECIFIED.);
#16=B_SPLINE_SURFACE_WITH_KNOTS('',3,1,((#1943,#1944),(#1945,#1946),(#1947,
#1948),(#1949,#1950)),.SURF_OF_LINEAR_EXTRUSION.,.F.,.F.,.F.,(4,4),(2,2),
(-9.48789381613865E-15,1.),(0.,1.),.PIECEWISE_BEZIER_KNOTS.);
#17=B_SPLINE_SURFACE_WITH_KNOTS('',2,3,((#1955,#1956,#1957,#1958,#1959,
#1960),(#1961,#1962,#1963,#1964,#1965,#1966),(#1967,#1968,#1969,#1970,#1971,
#1972)),.UNSPECIFIED.,.F.,.F.,.F.,(3,3),(4,2,4),(0.,1.),(3.14424102828769,
3.51850103170512,3.92699081698724),.UNSPECIFIED.);
#18=B_SPLINE_SURFACE_WITH_KNOTS('',2,3,((#1973,#1974,#1975,#1976),(#1977,
#1978,#1979,#1980),(#1981,#1982,#1983,#1984)),.UNSPECIFIED.,.F.,.F.,.F.,
(3,3),(4,4),(0.,1.),(2.35619449019234,3.1394197681431),
 .PIECEWISE_BEZIER_KNOTS.);
#19=B_SPLINE_SURFACE_WITH_KNOTS('',3,1,((#1989,#1990),(#1991,#1992),(#1993,
#1994),(#1995,#1996)),.SURF_OF_LINEAR_EXTRUSION.,.F.,.F.,.F.,(4,4),(2,2),
(-5.84710222799518E-13,1.),(0.,1.),.PIECEWISE_BEZIER_KNOTS.);
#20=B_SPLINE_SURFACE_WITH_KNOTS('',2,3,((#2001,#2002,#2003,#2004,#2005,
#2006),(#2007,#2008,#2009,#2010,#2011,#2012),(#2013,#2014,#2015,#2016,#2017,
#2018)),.UNSPECIFIED.,.F.,.F.,.F.,(3,3),(4,2,4),(0.,1.),(0.,0.00555058108399403,
0.0111011621679881),.UNSPECIFIED.);
#21=B_SPLINE_SURFACE_WITH_KNOTS('',2,3,((#2023,#2024,#2025,#2026,#2027,
#2028,#2029,#2030,#2031,#2032,#2033,#2034),(#2035,#2036,#2037,#2038,#2039,
#2040,#2041,#2042,#2043,#2044,#2045,#2046),(#2047,#2048,#2049,#2050,#2051,
#2052,#2053,#2054,#2055,#2056,#2057,#2058)),.UNSPECIFIED.,.F.,.F.,.F.,(3,
3),(4,2,2,2,2,4),(0.,1.),(0.,0.00325918001793481,0.00651836003586961,0.00977754005380442,
0.0114071300627718,0.0130367200717392),.UNSPECIFIED.);
#22=TOROIDAL_SURFACE('',#1130,0.0166,0.0127);
#23=B_SPLINE_CURVE_WITH_KNOTS('',3,(#1391,#1392,#1393,#1394),
 .UNSPECIFIED.,.F.,.F.,(4,4),(0.,1.),.UNSPECIFIED.);
#24=B_SPLINE_CURVE_WITH_KNOTS('',3,(#1413,#1414,#1415,#1416),
 .UNSPECIFIED.,.F.,.F.,(4,4),(0.,1.),.UNSPECIFIED.);
#25=B_SPLINE_CURVE_WITH_KNOTS('',3,(#1477,#1478,#1479,#1480,#1481),
 .UNSPECIFIED.,.F.,.F.,(4,1,4),(0.,0.5,1.),.UNSPECIFIED.);
#26=B_SPLINE_CURVE_WITH_KNOTS('',3,(#1485,#1486,#1487,#1488,#1489),
 .UNSPECIFIED.,.F.,.F.,(4,1,4),(0.,0.5,1.),.UNSPECIFIED.);
#27=B_SPLINE_CURVE_WITH_KNOTS('',3,(#1493,#1494,#1495,#1496,#1497),
 .UNSPECIFIED.,.F.,.F.,(4,1,4),(0.,0.5,1.),.UNSPECIFIED.);
#28=B_SPLINE_CURVE_WITH_KNOTS('',3,(#1501,#1502,#1503,#1504,#1505),
 .UNSPECIFIED.,.F.,.F.,(4,1,4),(0.,0.5,1.),.UNSPECIFIED.);
#29=B_SPLINE_CURVE_WITH_KNOTS('',3,(#1515,#1516,#1517,#1518,#1519),
 .UNSPECIFIED.,.F.,.F.,(4,1,4),(0.,0.5,1.),.UNSPECIFIED.);
#30=B_SPLINE_CURVE_WITH_KNOTS('',3,(#1527,#1528,#1529,#1530,#1531),
 .UNSPECIFIED.,.F.,.F.,(4,1,4),(0.,0.5,1.),.UNSPECIFIED.);
#31=B_SPLINE_CURVE_WITH_KNOTS('',3,(#1539,#1540,#1541,#1542,#1543),
 .UNSPECIFIED.,.F.,.F.,(4,1,4),(0.,0.5,1.),.UNSPECIFIED.);
#32=B_SPLINE_CURVE_WITH_KNOTS('',3,(#1576,#1577,#1578,#1579,#1580),
 .UNSPECIFIED.,.F.,.F.,(4,1,4),(0.,0.5,1.),.UNSPECIFIED.);
#33=B_SPLINE_CURVE_WITH_KNOTS('',3,(#1603,#1604,#1605,#1606),
 .UNSPECIFIED.,.F.,.F.,(4,4),(0.,1.),.UNSPECIFIED.);
#34=B_SPLINE_CURVE_WITH_KNOTS('',3,(#1610,#1611,#1612,#1613),
 .UNSPECIFIED.,.F.,.F.,(4,4),(0.,1.),.UNSPECIFIED.);
#35=B_SPLINE_CURVE_WITH_KNOTS('',3,(#1615,#1616,#1617,#1618,#1619,#1620),
 .UNSPECIFIED.,.F.,.F.,(4,1,1,4),(0.,0.00638855350418491,0.00958283025627737,
0.0127771070083698),.UNSPECIFIED.);
#36=B_SPLINE_CURVE_WITH_KNOTS('',3,(#1629,#1630,#1631,#1632,#1633,#1634),
 .UNSPECIFIED.,.F.,.F.,(4,1,1,4),(0.,0.00638855350418491,0.00958283025627737,
0.0127771070083698),.UNSPECIFIED.);
#37=B_SPLINE_CURVE_WITH_KNOTS('',3,(#1639,#1640,#1641,#1642,#1643,#1644),
 .UNSPECIFIED.,.F.,.F.,(4,1,1,4),(0.,0.00638855350418491,0.00958283025627737,
0.0127771070083698),.UNSPECIFIED.);
#38=B_SPLINE_CURVE_WITH_KNOTS('',3,(#1645,#1646,#1647,#1648,#1649,#1650),
 .UNSPECIFIED.,.F.,.F.,(4,1,1,4),(0.,0.00638855350418491,0.00958283025627736,
0.0127771070083698),.UNSPECIFIED.);
#39=B_SPLINE_CURVE_WITH_KNOTS('',3,(#1659,#1660,#1661,#1662,#1663,#1664,
#1665),.UNSPECIFIED.,.F.,.F.,(4,1,1,1,4),(0.,0.25,0.5,0.75,1.),
 .UNSPECIFIED.);
#40=B_SPLINE_CURVE_WITH_KNOTS('',3,(#1667,#1668,#1669,#1670),
 .UNSPECIFIED.,.F.,.F.,(4,4),(0.,1.),.UNSPECIFIED.);
#41=B_SPLINE_CURVE_WITH_KNOTS('',3,(#1676,#1677,#1678,#1679),
 .UNSPECIFIED.,.F.,.F.,(4,4),(0.,1.),.UNSPECIFIED.);
#42=B_SPLINE_CURVE_WITH_KNOTS('',3,(#1681,#1682,#1683,#1684,#1685,#1686,
#1687),.UNSPECIFIED.,.F.,.F.,(4,1,1,1,4),(0.,0.25,0.5,0.75,1.),
 .UNSPECIFIED.);
#43=B_SPLINE_CURVE_WITH_KNOTS('',3,(#1691,#1692,#1693,#1694),
 .UNSPECIFIED.,.F.,.F.,(4,4),(0.,1.),.UNSPECIFIED.);
#44=B_SPLINE_CURVE_WITH_KNOTS('',3,(#1698,#1699,#1700,#1701),
 .UNSPECIFIED.,.F.,.F.,(4,4),(0.,1.),.UNSPECIFIED.);
#45=B_SPLINE_CURVE_WITH_KNOTS('',3,(#1705,#1706,#1707,#1708),
 .UNSPECIFIED.,.F.,.F.,(4,4),(0.,0.999999337184552),.UNSPECIFIED.);
#46=B_SPLINE_CURVE_WITH_KNOTS('',3,(#1711,#1712,#1713,#1714,#1715),
 .UNSPECIFIED.,.F.,.F.,(4,1,4),(0.,0.5,1.),.UNSPECIFIED.);
#47=B_SPLINE_CURVE_WITH_KNOTS('',3,(#1718,#1719,#1720,#1721,#1722,#1723,
#1724,#1725,#1726,#1727,#1728,#1729,#1730,#1731,#1732,#1733,#1734,#1735,
#1736,#1737,#1738),.UNSPECIFIED.,.F.,.F.,(4,1,1,1,1,1,1,1,1,1,1,1,1,1,1,
1,1,1,4),(0.,0.0625,0.125,0.1875,0.21875,0.234375,0.25,0.265625,0.28125,
0.3125,0.375,0.4375,0.46875,0.5,0.53125,0.5625,0.625,0.75,1.),
 .UNSPECIFIED.);
#48=B_SPLINE_CURVE_WITH_KNOTS('',3,(#1740,#1741,#1742,#1743,#1744,#1745,
#1746,#1747,#1748,#1749,#1750,#1751,#1752,#1753,#1754,#1755,#1756,#1757,
#1758,#1759,#1760),.UNSPECIFIED.,.F.,.F.,(4,1,1,1,1,1,1,1,1,1,1,1,1,1,1,
1,1,1,4),(0.,0.25,0.375,0.4375,0.46875,0.5,0.53125,0.5625,0.625,0.6875,
0.71875,0.734375,0.75,0.765625,0.78125,0.8125,0.875,0.9375,1.),
 .UNSPECIFIED.);
#49=B_SPLINE_CURVE_WITH_KNOTS('',3,(#1764,#1765,#1766,#1767),
 .UNSPECIFIED.,.F.,.F.,(4,4),(0.,1.),.UNSPECIFIED.);
#50=B_SPLINE_CURVE_WITH_KNOTS('',3,(#1770,#1771,#1772,#1773,#1774,#1775,
#1776),.UNSPECIFIED.,.F.,.F.,(4,1,1,1,4),(0.,0.25,0.5,0.75,1.),
 .UNSPECIFIED.);
#51=B_SPLINE_CURVE_WITH_KNOTS('',3,(#1777,#1778,#1779,#1780),
 .UNSPECIFIED.,.F.,.F.,(4,4),(0.,1.),.UNSPECIFIED.);
#52=B_SPLINE_CURVE_WITH_KNOTS('',3,(#1782,#1783,#1784,#1785),
 .UNSPECIFIED.,.F.,.F.,(4,4),(0.,1.),.UNSPECIFIED.);
#53=B_SPLINE_CURVE_WITH_KNOTS('',3,(#1789,#1790,#1791,#1792,#1793,#1794,
#1795,#1796,#1797,#1798,#1799,#1800,#1801,#1802,#1803,#1804,#1805,#1806,
#1807,#1808,#1809,#1810),.UNSPECIFIED.,.F.,.F.,(4,1,1,1,1,1,1,1,1,1,1,1,
1,1,1,1,1,1,1,4),(0.,0.0625,0.09375,0.109375,0.125,0.140625,0.15625,0.1875,
0.25,0.3125,0.375,0.4375,0.46875,0.5,0.53125,0.5625,0.625,0.75,0.875,1.),
 .UNSPECIFIED.);
#54=B_SPLINE_CURVE_WITH_KNOTS('',3,(#1812,#1813,#1814,#1815,#1816,#1817,
#1818,#1819,#1820,#1821,#1822,#1823,#1824,#1825,#1826),.UNSPECIFIED.,.F.,
 .F.,(4,1,1,1,1,1,1,1,1,1,1,1,4),(0.,0.125,0.25,0.375,0.4375,0.46875,0.5,
0.53125,0.5625,0.625,0.75,0.875,1.),.UNSPECIFIED.);
#55=B_SPLINE_CURVE_WITH_KNOTS('',3,(#1827,#1828,#1829,#1830,#1831,#1832,
#1833,#1834,#1835,#1836,#1837,#1838,#1839,#1840,#1841),.UNSPECIFIED.,.F.,
 .F.,(4,1,1,1,1,1,1,1,1,1,1,1,4),(0.,0.125,0.25,0.375,0.4375,0.46875,0.5,
0.53125,0.5625,0.625,0.75,0.875,1.),.UNSPECIFIED.);
#56=B_SPLINE_CURVE_WITH_KNOTS('',3,(#1843,#1844,#1845,#1846,#1847,#1848,
#1849,#1850,#1851,#1852,#1853,#1854,#1855,#1856,#1857,#1858,#1859,#1860,
#1861,#1862,#1863,#1864),.UNSPECIFIED.,.F.,.F.,(4,1,1,1,1,1,1,1,1,1,1,1,
1,1,1,1,1,1,1,4),(0.,0.125,0.25,0.375,0.4375,0.46875,0.5,0.53125,0.5625,
0.625,0.6875,0.75,0.8125,0.84375,0.859375,0.875,0.890625,0.90625,0.9375,
1.),.UNSPECIFIED.);
#57=B_SPLINE_CURVE_WITH_KNOTS('',3,(#1917,#1918,#1919,#1920),
 .UNSPECIFIED.,.F.,.F.,(4,4),(0.,1.),.UNSPECIFIED.);
#58=B_SPLINE_CURVE_WITH_KNOTS('',3,(#1939,#1940,#1941,#1942),
 .UNSPECIFIED.,.F.,.F.,(4,4),(0.,1.),.UNSPECIFIED.);
#59=B_SPLINE_CURVE_WITH_KNOTS('',3,(#1951,#1952,#1953,#1954),
 .UNSPECIFIED.,.F.,.F.,(4,4),(0.,1.),.UNSPECIFIED.);
#60=B_SPLINE_CURVE_WITH_KNOTS('',3,(#1985,#1986,#1987,#1988),
 .UNSPECIFIED.,.F.,.F.,(4,4),(0.,1.),.UNSPECIFIED.);
#61=B_SPLINE_CURVE_WITH_KNOTS('',3,(#1997,#1998,#1999,#2000),
 .UNSPECIFIED.,.F.,.F.,(4,4),(0.,1.),.UNSPECIFIED.);
#62=B_SPLINE_CURVE_WITH_KNOTS('',3,(#2019,#2020,#2021,#2022),
 .UNSPECIFIED.,.F.,.F.,(4,4),(0.,1.),.UNSPECIFIED.);
#63=PLANE('',#1053);
#64=PLANE('',#1054);
#65=PLANE('',#1055);
#66=PLANE('',#1058);
#67=PLANE('',#1063);
#68=PLANE('',#1073);
#69=PLANE('',#1075);
#70=PLANE('',#1077);
#71=PLANE('',#1079);
#72=PLANE('',#1099);
#73=PLANE('',#1112);
#74=PLANE('',#1113);
#75=PLANE('',#1116);
#76=PLANE('',#1117);
#77=PLANE('',#1118);
#78=PLANE('',#1119);
#79=PLANE('',#1126);
#80=PLANE('',#1127);
#81=PLANE('',#1128);
#82=PLANE('',#1131);
#83=LINE('',#1371,#143);
#84=LINE('',#1375,#144);
#85=LINE('',#1379,#145);
#86=LINE('',#1384,#146);
#87=LINE('',#1388,#147);
#88=LINE('',#1396,#148);
#89=LINE('',#1398,#149);
#90=LINE('',#1400,#150);
#91=LINE('',#1402,#151);
#92=LINE('',#1404,#152);
#93=LINE('',#1406,#153);
#94=LINE('',#1408,#154);
#95=LINE('',#1410,#155);
#96=LINE('',#1418,#156);
#97=LINE('',#1420,#157);
#98=LINE('',#1422,#158);
#99=LINE('',#1424,#159);
#100=LINE('',#1426,#160);
#101=LINE('',#1428,#161);
#102=LINE('',#1430,#162);
#103=LINE('',#1432,#163);
#104=LINE('',#1434,#164);
#105=LINE('',#1437,#165);
#106=LINE('',#1440,#166);
#107=LINE('',#1442,#167);
#108=LINE('',#1444,#168);
#109=LINE('',#1447,#169);
#110=LINE('',#1452,#170);
#111=LINE('',#1474,#171);
#112=LINE('',#1483,#172);
#113=LINE('',#1491,#173);
#114=LINE('',#1499,#174);
#115=LINE('',#1507,#175);
#116=LINE('',#1509,#176);
#117=LINE('',#1511,#177);
#118=LINE('',#1513,#178);
#119=LINE('',#1521,#179);
#120=LINE('',#1523,#180);
#121=LINE('',#1525,#181);
#122=LINE('',#1533,#182);
#123=LINE('',#1535,#183);
#124=LINE('',#1537,#184);
#125=LINE('',#1545,#185);
#126=LINE('',#1547,#186);
#127=LINE('',#1582,#187);
#128=LINE('',#1583,#188);
#129=LINE('',#1622,#189);
#130=LINE('',#1624,#190);
#131=LINE('',#1625,#191);
#132=LINE('',#1627,#192);
#133=LINE('',#1636,#193);
#134=LINE('',#1652,#194);
#135=LINE('',#1657,#195);
#136=LINE('',#1672,#196);
#137=LINE('',#1674,#197);
#138=LINE('',#1689,#198);
#139=LINE('',#1695,#199);
#140=LINE('',#1696,#200);
#141=LINE('',#1702,#201);
#142=LINE('',#1703,#202);
#143=VECTOR('',#1138,1.);
#144=VECTOR('',#1141,1.);
#145=VECTOR('',#1146,1.);
#146=VECTOR('',#1149,1.);
#147=VECTOR('',#1154,1.);
#148=VECTOR('',#1155,1.);
#149=VECTOR('',#1156,1.);
#150=VECTOR('',#1157,1.);
#151=VECTOR('',#1158,1.);
#152=VECTOR('',#1159,1.);
#153=VECTOR('',#1160,1.);
#154=VECTOR('',#1161,1.);
#155=VECTOR('',#1164,1.);
#156=VECTOR('',#1165,1.);
#157=VECTOR('',#1166,1.);
#158=VECTOR('',#1167,1.);
#159=VECTOR('',#1168,1.);
#160=VECTOR('',#1169,1.);
#161=VECTOR('',#1170,1.);
#162=VECTOR('',#1171,1.);
#163=VECTOR('',#1174,1.);
#164=VECTOR('',#1175,1.);
#165=VECTOR('',#1178,1.);
#166=VECTOR('',#1181,1.);
#167=VECTOR('',#1182,1.);
#168=VECTOR('',#1185,1.);
#169=VECTOR('',#1188,1.);
#170=VECTOR('',#1193,1.);
#171=VECTOR('',#1216,1.);
#172=VECTOR('',#1217,1.);
#173=VECTOR('',#1218,1.);
#174=VECTOR('',#1219,1.);
#175=VECTOR('',#1222,1.);
#176=VECTOR('',#1223,1.);
#177=VECTOR('',#1224,1.);
#178=VECTOR('',#1227,1.);
#179=VECTOR('',#1230,1.);
#180=VECTOR('',#1231,1.);
#181=VECTOR('',#1234,1.);
#182=VECTOR('',#1237,1.);
#183=VECTOR('',#1238,1.);
#184=VECTOR('',#1241,1.);
#185=VECTOR('',#1244,1.);
#186=VECTOR('',#1245,1.);
#187=VECTOR('',#1286,1.);
#188=VECTOR('',#1287,1.);
#189=VECTOR('',#1314,1.);
#190=VECTOR('',#1315,1.);
#191=VECTOR('',#1316,1.);
#192=VECTOR('',#1317,1.);
#193=VECTOR('',#1320,1.);
#194=VECTOR('',#1321,1.);
#195=VECTOR('',#1328,1.);
#196=VECTOR('',#1329,1.);
#197=VECTOR('',#1332,1.);
#198=VECTOR('',#1333,1.);
#199=VECTOR('',#1336,1.);
#200=VECTOR('',#1337,1.);
#201=VECTOR('',#1340,1.);
#202=VECTOR('',#1341,1.);
#203=ORIENTED_EDGE('',*,*,#483,.T.);
#204=ORIENTED_EDGE('',*,*,#484,.T.);
#205=ORIENTED_EDGE('',*,*,#485,.F.);
#206=ORIENTED_EDGE('',*,*,#486,.T.);
#207=ORIENTED_EDGE('',*,*,#487,.F.);
#208=ORIENTED_EDGE('',*,*,#488,.F.);
#209=ORIENTED_EDGE('',*,*,#489,.F.);
#210=ORIENTED_EDGE('',*,*,#490,.T.);
#211=ORIENTED_EDGE('',*,*,#491,.T.);
#212=ORIENTED_EDGE('',*,*,#492,.T.);
#213=ORIENTED_EDGE('',*,*,#493,.T.);
#214=ORIENTED_EDGE('',*,*,#494,.F.);
#215=ORIENTED_EDGE('',*,*,#495,.T.);
#216=ORIENTED_EDGE('',*,*,#496,.T.);
#217=ORIENTED_EDGE('',*,*,#497,.T.);
#218=ORIENTED_EDGE('',*,*,#498,.F.);
#219=ORIENTED_EDGE('',*,*,#499,.F.);
#220=ORIENTED_EDGE('',*,*,#500,.T.);
#221=ORIENTED_EDGE('',*,*,#501,.T.);
#222=ORIENTED_EDGE('',*,*,#502,.T.);
#223=ORIENTED_EDGE('',*,*,#503,.T.);
#224=ORIENTED_EDGE('',*,*,#504,.F.);
#225=ORIENTED_EDGE('',*,*,#505,.T.);
#226=ORIENTED_EDGE('',*,*,#506,.T.);
#227=ORIENTED_EDGE('',*,*,#507,.T.);
#228=ORIENTED_EDGE('',*,*,#508,.F.);
#229=ORIENTED_EDGE('',*,*,#509,.F.);
#230=ORIENTED_EDGE('',*,*,#491,.F.);
#231=ORIENTED_EDGE('',*,*,#510,.T.);
#232=ORIENTED_EDGE('',*,*,#511,.F.);
#233=ORIENTED_EDGE('',*,*,#512,.T.);
#234=ORIENTED_EDGE('',*,*,#506,.F.);
#235=ORIENTED_EDGE('',*,*,#513,.T.);
#236=ORIENTED_EDGE('',*,*,#498,.T.);
#237=ORIENTED_EDGE('',*,*,#514,.T.);
#238=ORIENTED_EDGE('',*,*,#515,.T.);
#239=ORIENTED_EDGE('',*,*,#516,.F.);
#240=ORIENTED_EDGE('',*,*,#517,.F.);
#241=ORIENTED_EDGE('',*,*,#504,.T.);
#242=ORIENTED_EDGE('',*,*,#518,.T.);
#243=ORIENTED_EDGE('',*,*,#519,.T.);
#244=ORIENTED_EDGE('',*,*,#520,.T.);
#245=ORIENTED_EDGE('',*,*,#485,.T.);
#246=ORIENTED_EDGE('',*,*,#521,.T.);
#247=ORIENTED_EDGE('',*,*,#522,.F.);
#248=ORIENTED_EDGE('',*,*,#523,.T.);
#249=ORIENTED_EDGE('',*,*,#500,.F.);
#250=ORIENTED_EDGE('',*,*,#505,.F.);
#251=ORIENTED_EDGE('',*,*,#517,.T.);
#252=ORIENTED_EDGE('',*,*,#499,.T.);
#253=ORIENTED_EDGE('',*,*,#513,.F.);
#254=ORIENTED_EDGE('',*,*,#524,.T.);
#255=ORIENTED_EDGE('',*,*,#525,.T.);
#256=ORIENTED_EDGE('',*,*,#526,.T.);
#257=ORIENTED_EDGE('',*,*,#527,.T.);
#258=ORIENTED_EDGE('',*,*,#528,.T.);
#259=ORIENTED_EDGE('',*,*,#529,.T.);
#260=ORIENTED_EDGE('',*,*,#530,.T.);
#261=ORIENTED_EDGE('',*,*,#531,.T.);
#262=ORIENTED_EDGE('',*,*,#532,.T.);
#263=ORIENTED_EDGE('',*,*,#533,.T.);
#264=ORIENTED_EDGE('',*,*,#534,.T.);
#265=ORIENTED_EDGE('',*,*,#535,.T.);
#266=ORIENTED_EDGE('',*,*,#536,.T.);
#267=ORIENTED_EDGE('',*,*,#537,.T.);
#268=ORIENTED_EDGE('',*,*,#538,.T.);
#269=ORIENTED_EDGE('',*,*,#539,.T.);
#270=ORIENTED_EDGE('',*,*,#540,.T.);
#271=ORIENTED_EDGE('',*,*,#533,.F.);
#272=ORIENTED_EDGE('',*,*,#541,.F.);
#273=ORIENTED_EDGE('',*,*,#542,.T.);
#274=ORIENTED_EDGE('',*,*,#543,.T.);
#275=ORIENTED_EDGE('',*,*,#540,.F.);
#276=ORIENTED_EDGE('',*,*,#544,.F.);
#277=ORIENTED_EDGE('',*,*,#545,.T.);
#278=ORIENTED_EDGE('',*,*,#541,.T.);
#279=ORIENTED_EDGE('',*,*,#539,.F.);
#280=ORIENTED_EDGE('',*,*,#546,.F.);
#281=ORIENTED_EDGE('',*,*,#547,.T.);
#282=ORIENTED_EDGE('',*,*,#544,.T.);
#283=ORIENTED_EDGE('',*,*,#538,.F.);
#284=ORIENTED_EDGE('',*,*,#548,.F.);
#285=ORIENTED_EDGE('',*,*,#549,.T.);
#286=ORIENTED_EDGE('',*,*,#546,.T.);
#287=ORIENTED_EDGE('',*,*,#537,.F.);
#288=ORIENTED_EDGE('',*,*,#550,.F.);
#289=ORIENTED_EDGE('',*,*,#551,.T.);
#290=ORIENTED_EDGE('',*,*,#548,.T.);
#291=ORIENTED_EDGE('',*,*,#536,.F.);
#292=ORIENTED_EDGE('',*,*,#552,.F.);
#293=ORIENTED_EDGE('',*,*,#553,.T.);
#294=ORIENTED_EDGE('',*,*,#550,.T.);
#295=ORIENTED_EDGE('',*,*,#535,.F.);
#296=ORIENTED_EDGE('',*,*,#554,.F.);
#297=ORIENTED_EDGE('',*,*,#555,.T.);
#298=ORIENTED_EDGE('',*,*,#552,.T.);
#299=ORIENTED_EDGE('',*,*,#556,.T.);
#300=ORIENTED_EDGE('',*,*,#532,.F.);
#301=ORIENTED_EDGE('',*,*,#557,.T.);
#302=ORIENTED_EDGE('',*,*,#531,.F.);
#303=ORIENTED_EDGE('',*,*,#558,.T.);
#304=ORIENTED_EDGE('',*,*,#530,.F.);
#305=ORIENTED_EDGE('',*,*,#559,.T.);
#306=ORIENTED_EDGE('',*,*,#529,.F.);
#307=ORIENTED_EDGE('',*,*,#560,.T.);
#308=ORIENTED_EDGE('',*,*,#528,.F.);
#309=ORIENTED_EDGE('',*,*,#561,.T.);
#310=ORIENTED_EDGE('',*,*,#527,.F.);
#311=ORIENTED_EDGE('',*,*,#562,.T.);
#312=ORIENTED_EDGE('',*,*,#526,.F.);
#313=ORIENTED_EDGE('',*,*,#563,.T.);
#314=ORIENTED_EDGE('',*,*,#525,.F.);
#315=ORIENTED_EDGE('',*,*,#564,.T.);
#316=ORIENTED_EDGE('',*,*,#524,.F.);
#317=ORIENTED_EDGE('',*,*,#534,.F.);
#318=ORIENTED_EDGE('',*,*,#543,.F.);
#319=ORIENTED_EDGE('',*,*,#565,.T.);
#320=ORIENTED_EDGE('',*,*,#554,.T.);
#321=ORIENTED_EDGE('',*,*,#495,.F.);
#322=ORIENTED_EDGE('',*,*,#566,.F.);
#323=ORIENTED_EDGE('',*,*,#509,.T.);
#324=ORIENTED_EDGE('',*,*,#567,.T.);
#325=ORIENTED_EDGE('',*,*,#564,.F.);
#326=ORIENTED_EDGE('',*,*,#563,.F.);
#327=ORIENTED_EDGE('',*,*,#562,.F.);
#328=ORIENTED_EDGE('',*,*,#561,.F.);
#329=ORIENTED_EDGE('',*,*,#560,.F.);
#330=ORIENTED_EDGE('',*,*,#559,.F.);
#331=ORIENTED_EDGE('',*,*,#558,.F.);
#332=ORIENTED_EDGE('',*,*,#557,.F.);
#333=ORIENTED_EDGE('',*,*,#556,.F.);
#334=ORIENTED_EDGE('',*,*,#542,.F.);
#335=ORIENTED_EDGE('',*,*,#545,.F.);
#336=ORIENTED_EDGE('',*,*,#547,.F.);
#337=ORIENTED_EDGE('',*,*,#549,.F.);
#338=ORIENTED_EDGE('',*,*,#551,.F.);
#339=ORIENTED_EDGE('',*,*,#553,.F.);
#340=ORIENTED_EDGE('',*,*,#555,.F.);
#341=ORIENTED_EDGE('',*,*,#565,.F.);
#342=ORIENTED_EDGE('',*,*,#568,.F.);
#343=ORIENTED_EDGE('',*,*,#569,.T.);
#344=ORIENTED_EDGE('',*,*,#570,.F.);
#345=ORIENTED_EDGE('',*,*,#571,.T.);
#346=ORIENTED_EDGE('',*,*,#572,.F.);
#347=ORIENTED_EDGE('',*,*,#573,.T.);
#348=ORIENTED_EDGE('',*,*,#574,.F.);
#349=ORIENTED_EDGE('',*,*,#575,.T.);
#350=ORIENTED_EDGE('',*,*,#576,.T.);
#351=ORIENTED_EDGE('',*,*,#577,.T.);
#352=ORIENTED_EDGE('',*,*,#572,.T.);
#353=ORIENTED_EDGE('',*,*,#570,.T.);
#354=ORIENTED_EDGE('',*,*,#568,.T.);
#355=ORIENTED_EDGE('',*,*,#576,.F.);
#356=ORIENTED_EDGE('',*,*,#578,.T.);
#357=ORIENTED_EDGE('',*,*,#579,.T.);
#358=ORIENTED_EDGE('',*,*,#580,.F.);
#359=ORIENTED_EDGE('',*,*,#489,.T.);
#360=ORIENTED_EDGE('',*,*,#581,.T.);
#361=ORIENTED_EDGE('',*,*,#582,.F.);
#362=ORIENTED_EDGE('',*,*,#583,.T.);
#363=ORIENTED_EDGE('',*,*,#584,.F.);
#364=ORIENTED_EDGE('',*,*,#585,.T.);
#365=ORIENTED_EDGE('',*,*,#574,.T.);
#366=ORIENTED_EDGE('',*,*,#586,.T.);
#367=ORIENTED_EDGE('',*,*,#587,.T.);
#368=ORIENTED_EDGE('',*,*,#588,.T.);
#369=ORIENTED_EDGE('',*,*,#496,.F.);
#370=ORIENTED_EDGE('',*,*,#567,.F.);
#371=ORIENTED_EDGE('',*,*,#508,.T.);
#372=ORIENTED_EDGE('',*,*,#589,.T.);
#373=ORIENTED_EDGE('',*,*,#569,.F.);
#374=ORIENTED_EDGE('',*,*,#571,.F.);
#375=ORIENTED_EDGE('',*,*,#573,.F.);
#376=ORIENTED_EDGE('',*,*,#590,.T.);
#377=ORIENTED_EDGE('',*,*,#591,.T.);
#378=ORIENTED_EDGE('',*,*,#592,.T.);
#379=ORIENTED_EDGE('',*,*,#593,.T.);
#380=ORIENTED_EDGE('',*,*,#522,.T.);
#381=ORIENTED_EDGE('',*,*,#594,.T.);
#382=ORIENTED_EDGE('',*,*,#595,.T.);
#383=ORIENTED_EDGE('',*,*,#596,.T.);
#384=ORIENTED_EDGE('',*,*,#597,.T.);
#385=ORIENTED_EDGE('',*,*,#519,.F.);
#386=ORIENTED_EDGE('',*,*,#579,.F.);
#387=ORIENTED_EDGE('',*,*,#598,.T.);
#388=ORIENTED_EDGE('',*,*,#584,.T.);
#389=ORIENTED_EDGE('',*,*,#599,.T.);
#390=ORIENTED_EDGE('',*,*,#511,.T.);
#391=ORIENTED_EDGE('',*,*,#600,.T.);
#392=ORIENTED_EDGE('',*,*,#587,.F.);
#393=ORIENTED_EDGE('',*,*,#601,.T.);
#394=ORIENTED_EDGE('',*,*,#582,.T.);
#395=ORIENTED_EDGE('',*,*,#602,.T.);
#396=ORIENTED_EDGE('',*,*,#515,.F.);
#397=ORIENTED_EDGE('',*,*,#603,.T.);
#398=ORIENTED_EDGE('',*,*,#593,.F.);
#399=ORIENTED_EDGE('',*,*,#604,.T.);
#400=ORIENTED_EDGE('',*,*,#492,.F.);
#401=ORIENTED_EDGE('',*,*,#523,.F.);
#402=ORIENTED_EDGE('',*,*,#497,.F.);
#403=ORIENTED_EDGE('',*,*,#588,.F.);
#404=ORIENTED_EDGE('',*,*,#603,.F.);
#405=ORIENTED_EDGE('',*,*,#514,.F.);
#406=ORIENTED_EDGE('',*,*,#503,.F.);
#407=ORIENTED_EDGE('',*,*,#605,.T.);
#408=ORIENTED_EDGE('',*,*,#594,.F.);
#409=ORIENTED_EDGE('',*,*,#518,.F.);
#410=ORIENTED_EDGE('',*,*,#599,.F.);
#411=ORIENTED_EDGE('',*,*,#589,.F.);
#412=ORIENTED_EDGE('',*,*,#507,.F.);
#413=ORIENTED_EDGE('',*,*,#512,.F.);
#414=ORIENTED_EDGE('',*,*,#484,.F.);
#415=ORIENTED_EDGE('',*,*,#606,.T.);
#416=ORIENTED_EDGE('',*,*,#590,.F.);
#417=ORIENTED_EDGE('',*,*,#521,.F.);
#418=ORIENTED_EDGE('',*,*,#597,.F.);
#419=ORIENTED_EDGE('',*,*,#607,.T.);
#420=ORIENTED_EDGE('',*,*,#486,.F.);
#421=ORIENTED_EDGE('',*,*,#520,.F.);
#422=ORIENTED_EDGE('',*,*,#490,.F.);
#423=ORIENTED_EDGE('',*,*,#580,.T.);
#424=ORIENTED_EDGE('',*,*,#600,.F.);
#425=ORIENTED_EDGE('',*,*,#510,.F.);
#426=ORIENTED_EDGE('',*,*,#581,.F.);
#427=ORIENTED_EDGE('',*,*,#488,.T.);
#428=ORIENTED_EDGE('',*,*,#516,.T.);
#429=ORIENTED_EDGE('',*,*,#602,.F.);
#430=ORIENTED_EDGE('',*,*,#608,.T.);
#431=ORIENTED_EDGE('',*,*,#609,.T.);
#432=ORIENTED_EDGE('',*,*,#501,.F.);
#433=ORIENTED_EDGE('',*,*,#566,.T.);
#434=ORIENTED_EDGE('',*,*,#494,.T.);
#435=ORIENTED_EDGE('',*,*,#610,.T.);
#436=ORIENTED_EDGE('',*,*,#611,.T.);
#437=ORIENTED_EDGE('',*,*,#612,.T.);
#438=ORIENTED_EDGE('',*,*,#613,.T.);
#439=ORIENTED_EDGE('',*,*,#614,.T.);
#440=ORIENTED_EDGE('',*,*,#612,.F.);
#441=ORIENTED_EDGE('',*,*,#615,.T.);
#442=ORIENTED_EDGE('',*,*,#616,.T.);
#443=ORIENTED_EDGE('',*,*,#483,.F.);
#444=ORIENTED_EDGE('',*,*,#583,.F.);
#445=ORIENTED_EDGE('',*,*,#601,.F.);
#446=ORIENTED_EDGE('',*,*,#586,.F.);
#447=ORIENTED_EDGE('',*,*,#577,.F.);
#448=ORIENTED_EDGE('',*,*,#578,.F.);
#449=ORIENTED_EDGE('',*,*,#575,.F.);
#450=ORIENTED_EDGE('',*,*,#585,.F.);
#451=ORIENTED_EDGE('',*,*,#598,.F.);
#452=ORIENTED_EDGE('',*,*,#613,.F.);
#453=ORIENTED_EDGE('',*,*,#607,.F.);
#454=ORIENTED_EDGE('',*,*,#617,.F.);
#455=ORIENTED_EDGE('',*,*,#617,.T.);
#456=ORIENTED_EDGE('',*,*,#596,.F.);
#457=ORIENTED_EDGE('',*,*,#618,.F.);
#458=ORIENTED_EDGE('',*,*,#614,.F.);
#459=ORIENTED_EDGE('',*,*,#618,.T.);
#460=ORIENTED_EDGE('',*,*,#595,.F.);
#461=ORIENTED_EDGE('',*,*,#619,.F.);
#462=ORIENTED_EDGE('',*,*,#608,.F.);
#463=ORIENTED_EDGE('',*,*,#619,.T.);
#464=ORIENTED_EDGE('',*,*,#605,.F.);
#465=ORIENTED_EDGE('',*,*,#502,.F.);
#466=ORIENTED_EDGE('',*,*,#609,.F.);
#467=ORIENTED_EDGE('',*,*,#493,.F.);
#468=ORIENTED_EDGE('',*,*,#604,.F.);
#469=ORIENTED_EDGE('',*,*,#620,.F.);
#470=ORIENTED_EDGE('',*,*,#610,.F.);
#471=ORIENTED_EDGE('',*,*,#620,.T.);
#472=ORIENTED_EDGE('',*,*,#592,.F.);
#473=ORIENTED_EDGE('',*,*,#621,.F.);
#474=ORIENTED_EDGE('',*,*,#611,.F.);
#475=ORIENTED_EDGE('',*,*,#621,.T.);
#476=ORIENTED_EDGE('',*,*,#591,.F.);
#477=ORIENTED_EDGE('',*,*,#622,.F.);
#478=ORIENTED_EDGE('',*,*,#615,.F.);
#479=ORIENTED_EDGE('',*,*,#606,.F.);
#480=ORIENTED_EDGE('',*,*,#616,.F.);
#481=ORIENTED_EDGE('',*,*,#622,.T.);
#482=ORIENTED_EDGE('',*,*,#487,.T.);
#483=EDGE_CURVE('',#623,#624,#722,.T.);
#484=EDGE_CURVE('',#624,#625,#83,.T.);
#485=EDGE_CURVE('',#626,#625,#723,.T.);
#486=EDGE_CURVE('',#626,#623,#84,.F.);
#487=EDGE_CURVE('',#627,#627,#724,.T.);
#488=EDGE_CURVE('',#628,#629,#85,.T.);
#489=EDGE_CURVE('',#630,#628,#725,.T.);
#490=EDGE_CURVE('',#630,#631,#86,.T.);
#491=EDGE_CURVE('',#631,#629,#726,.T.);
#492=EDGE_CURVE('',#632,#633,#87,.F.);
#493=EDGE_CURVE('',#633,#634,#23,.T.);
#494=EDGE_CURVE('',#635,#634,#88,.T.);
#495=EDGE_CURVE('',#635,#636,#89,.T.);
#496=EDGE_CURVE('',#636,#637,#90,.T.);
#497=EDGE_CURVE('',#637,#638,#91,.F.);
#498=EDGE_CURVE('',#639,#638,#92,.F.);
#499=EDGE_CURVE('',#640,#639,#93,.T.);
#500=EDGE_CURVE('',#640,#632,#94,.T.);
#501=EDGE_CURVE('',#641,#642,#95,.T.);
#502=EDGE_CURVE('',#642,#643,#24,.T.);
#503=EDGE_CURVE('',#643,#644,#96,.F.);
#504=EDGE_CURVE('',#645,#644,#97,.F.);
#505=EDGE_CURVE('',#645,#646,#98,.T.);
#506=EDGE_CURVE('',#646,#647,#99,.T.);
#507=EDGE_CURVE('',#647,#648,#100,.F.);
#508=EDGE_CURVE('',#649,#648,#101,.T.);
#509=EDGE_CURVE('',#641,#649,#102,.T.);
#510=EDGE_CURVE('',#631,#650,#103,.T.);
#511=EDGE_CURVE('',#651,#650,#104,.T.);
#512=EDGE_CURVE('',#651,#647,#727,.T.);
#513=EDGE_CURVE('',#646,#639,#105,.T.);
#514=EDGE_CURVE('',#638,#652,#728,.T.);
#515=EDGE_CURVE('',#652,#653,#106,.T.);
#516=EDGE_CURVE('',#629,#653,#107,.T.);
#517=EDGE_CURVE('',#645,#640,#108,.T.);
#518=EDGE_CURVE('',#644,#654,#729,.F.);
#519=EDGE_CURVE('',#654,#655,#109,.T.);
#520=EDGE_CURVE('',#655,#626,#730,.F.);
#521=EDGE_CURVE('',#625,#656,#731,.F.);
#522=EDGE_CURVE('',#657,#656,#110,.T.);
#523=EDGE_CURVE('',#657,#632,#732,.F.);
#524=EDGE_CURVE('',#658,#658,#733,.T.);
#525=EDGE_CURVE('',#659,#659,#734,.T.);
#526=EDGE_CURVE('',#660,#660,#735,.T.);
#527=EDGE_CURVE('',#661,#661,#736,.T.);
#528=EDGE_CURVE('',#662,#662,#737,.T.);
#529=EDGE_CURVE('',#663,#663,#738,.T.);
#530=EDGE_CURVE('',#664,#664,#739,.T.);
#531=EDGE_CURVE('',#665,#665,#740,.T.);
#532=EDGE_CURVE('',#666,#666,#741,.T.);
#533=EDGE_CURVE('',#667,#668,#111,.T.);
#534=EDGE_CURVE('',#668,#669,#25,.F.);
#535=EDGE_CURVE('',#669,#670,#112,.T.);
#536=EDGE_CURVE('',#670,#671,#26,.F.);
#537=EDGE_CURVE('',#671,#672,#113,.T.);
#538=EDGE_CURVE('',#672,#673,#27,.F.);
#539=EDGE_CURVE('',#673,#674,#114,.T.);
#540=EDGE_CURVE('',#674,#667,#28,.F.);
#541=EDGE_CURVE('',#675,#667,#115,.T.);
#542=EDGE_CURVE('',#675,#676,#116,.T.);
#543=EDGE_CURVE('',#676,#668,#117,.T.);
#544=EDGE_CURVE('',#677,#674,#118,.T.);
#545=EDGE_CURVE('',#677,#675,#29,.F.);
#546=EDGE_CURVE('',#678,#673,#119,.T.);
#547=EDGE_CURVE('',#678,#677,#120,.T.);
#548=EDGE_CURVE('',#679,#672,#121,.T.);
#549=EDGE_CURVE('',#679,#678,#30,.F.);
#550=EDGE_CURVE('',#680,#671,#122,.T.);
#551=EDGE_CURVE('',#680,#679,#123,.T.);
#552=EDGE_CURVE('',#681,#670,#124,.T.);
#553=EDGE_CURVE('',#681,#680,#31,.F.);
#554=EDGE_CURVE('',#682,#669,#125,.T.);
#555=EDGE_CURVE('',#682,#681,#126,.T.);
#556=EDGE_CURVE('',#683,#683,#742,.T.);
#557=EDGE_CURVE('',#684,#684,#743,.T.);
#558=EDGE_CURVE('',#685,#685,#744,.T.);
#559=EDGE_CURVE('',#686,#686,#745,.T.);
#560=EDGE_CURVE('',#687,#687,#746,.T.);
#561=EDGE_CURVE('',#688,#688,#747,.T.);
#562=EDGE_CURVE('',#689,#689,#748,.T.);
#563=EDGE_CURVE('',#690,#690,#749,.T.);
#564=EDGE_CURVE('',#691,#691,#750,.T.);
#565=EDGE_CURVE('',#676,#682,#32,.F.);
#566=EDGE_CURVE('',#641,#635,#127,.T.);
#567=EDGE_CURVE('',#649,#636,#128,.T.);
#568=EDGE_CURVE('',#692,#692,#751,.T.);
#569=EDGE_CURVE('',#693,#693,#752,.T.);
#570=EDGE_CURVE('',#694,#694,#753,.T.);
#571=EDGE_CURVE('',#695,#695,#754,.T.);
#572=EDGE_CURVE('',#696,#696,#755,.T.);
#573=EDGE_CURVE('',#697,#697,#756,.T.);
#574=EDGE_CURVE('',#698,#699,#757,.T.);
#575=EDGE_CURVE('',#698,#700,#33,.T.);
#576=EDGE_CURVE('',#700,#701,#758,.T.);
#577=EDGE_CURVE('',#701,#699,#34,.T.);
#578=EDGE_CURVE('',#700,#702,#35,.T.);
#579=EDGE_CURVE('',#702,#703,#129,.T.);
#580=EDGE_CURVE('',#630,#703,#130,.T.);
#581=EDGE_CURVE('',#628,#704,#131,.T.);
#582=EDGE_CURVE('',#705,#704,#132,.T.);
#583=EDGE_CURVE('',#705,#701,#36,.T.);
#584=EDGE_CURVE('',#706,#707,#133,.T.);
#585=EDGE_CURVE('',#706,#698,#37,.T.);
#586=EDGE_CURVE('',#699,#708,#38,.T.);
#587=EDGE_CURVE('',#708,#709,#134,.T.);
#588=EDGE_CURVE('',#709,#637,#759,.T.);
#589=EDGE_CURVE('',#648,#707,#760,.T.);
#590=EDGE_CURVE('',#656,#710,#135,.T.);
#591=EDGE_CURVE('',#710,#711,#39,.T.);
#592=EDGE_CURVE('',#711,#712,#40,.T.);
#593=EDGE_CURVE('',#712,#657,#136,.F.);
#594=EDGE_CURVE('',#654,#713,#137,.T.);
#595=EDGE_CURVE('',#713,#714,#41,.T.);
#596=EDGE_CURVE('',#714,#715,#42,.T.);
#597=EDGE_CURVE('',#715,#655,#138,.T.);
#598=EDGE_CURVE('',#702,#706,#43,.T.);
#599=EDGE_CURVE('',#707,#651,#139,.T.);
#600=EDGE_CURVE('',#650,#703,#140,.T.);
#601=EDGE_CURVE('',#708,#705,#44,.T.);
#602=EDGE_CURVE('',#704,#653,#141,.T.);
#603=EDGE_CURVE('',#652,#709,#142,.F.);
#604=EDGE_CURVE('',#712,#633,#45,.T.);
#605=EDGE_CURVE('',#643,#713,#46,.T.);
#606=EDGE_CURVE('',#624,#710,#47,.T.);
#607=EDGE_CURVE('',#715,#623,#48,.T.);
#608=EDGE_CURVE('',#716,#717,#49,.T.);
#609=EDGE_CURVE('',#717,#642,#50,.T.);
#610=EDGE_CURVE('',#634,#718,#51,.T.);
#611=EDGE_CURVE('',#718,#719,#52,.T.);
#612=EDGE_CURVE('',#719,#716,#761,.F.);
#613=EDGE_CURVE('',#623,#720,#53,.T.);
#614=EDGE_CURVE('',#720,#716,#54,.T.);
#615=EDGE_CURVE('',#719,#721,#55,.T.);
#616=EDGE_CURVE('',#721,#624,#56,.T.);
#617=EDGE_CURVE('',#720,#715,#57,.F.);
#618=EDGE_CURVE('',#716,#714,#58,.T.);
#619=EDGE_CURVE('',#717,#713,#59,.F.);
#620=EDGE_CURVE('',#718,#712,#60,.T.);
#621=EDGE_CURVE('',#719,#711,#61,.F.);
#622=EDGE_CURVE('',#721,#710,#62,.F.);
#623=VERTEX_POINT('',#1369);
#624=VERTEX_POINT('',#1370);
#625=VERTEX_POINT('',#1372);
#626=VERTEX_POINT('',#1374);
#627=VERTEX_POINT('',#1377);
#628=VERTEX_POINT('',#1380);
#629=VERTEX_POINT('',#1381);
#630=VERTEX_POINT('',#1383);
#631=VERTEX_POINT('',#1385);
#632=VERTEX_POINT('',#1389);
#633=VERTEX_POINT('',#1390);
#634=VERTEX_POINT('',#1395);
#635=VERTEX_POINT('',#1397);
#636=VERTEX_POINT('',#1399);
#637=VERTEX_POINT('',#1401);
#638=VERTEX_POINT('',#1403);
#639=VERTEX_POINT('',#1405);
#640=VERTEX_POINT('',#1407);
#641=VERTEX_POINT('',#1411);
#642=VERTEX_POINT('',#1412);
#643=VERTEX_POINT('',#1417);
#644=VERTEX_POINT('',#1419);
#645=VERTEX_POINT('',#1421);
#646=VERTEX_POINT('',#1423);
#647=VERTEX_POINT('',#1425);
#648=VERTEX_POINT('',#1427);
#649=VERTEX_POINT('',#1429);
#650=VERTEX_POINT('',#1433);
#651=VERTEX_POINT('',#1435);
#652=VERTEX_POINT('',#1439);
#653=VERTEX_POINT('',#1441);
#654=VERTEX_POINT('',#1446);
#655=VERTEX_POINT('',#1448);
#656=VERTEX_POINT('',#1451);
#657=VERTEX_POINT('',#1453);
#658=VERTEX_POINT('',#1457);
#659=VERTEX_POINT('',#1459);
#660=VERTEX_POINT('',#1461);
#661=VERTEX_POINT('',#1463);
#662=VERTEX_POINT('',#1465);
#663=VERTEX_POINT('',#1467);
#664=VERTEX_POINT('',#1469);
#665=VERTEX_POINT('',#1471);
#666=VERTEX_POINT('',#1473);
#667=VERTEX_POINT('',#1475);
#668=VERTEX_POINT('',#1476);
#669=VERTEX_POINT('',#1482);
#670=VERTEX_POINT('',#1484);
#671=VERTEX_POINT('',#1490);
#672=VERTEX_POINT('',#1492);
#673=VERTEX_POINT('',#1498);
#674=VERTEX_POINT('',#1500);
#675=VERTEX_POINT('',#1508);
#676=VERTEX_POINT('',#1510);
#677=VERTEX_POINT('',#1514);
#678=VERTEX_POINT('',#1522);
#679=VERTEX_POINT('',#1526);
#680=VERTEX_POINT('',#1534);
#681=VERTEX_POINT('',#1538);
#682=VERTEX_POINT('',#1546);
#683=VERTEX_POINT('',#1550);
#684=VERTEX_POINT('',#1553);
#685=VERTEX_POINT('',#1556);
#686=VERTEX_POINT('',#1559);
#687=VERTEX_POINT('',#1562);
#688=VERTEX_POINT('',#1565);
#689=VERTEX_POINT('',#1568);
#690=VERTEX_POINT('',#1571);
#691=VERTEX_POINT('',#1574);
#692=VERTEX_POINT('',#1586);
#693=VERTEX_POINT('',#1588);
#694=VERTEX_POINT('',#1591);
#695=VERTEX_POINT('',#1593);
#696=VERTEX_POINT('',#1596);
#697=VERTEX_POINT('',#1598);
#698=VERTEX_POINT('',#1601);
#699=VERTEX_POINT('',#1602);
#700=VERTEX_POINT('',#1607);
#701=VERTEX_POINT('',#1609);
#702=VERTEX_POINT('',#1621);
#703=VERTEX_POINT('',#1623);
#704=VERTEX_POINT('',#1626);
#705=VERTEX_POINT('',#1628);
#706=VERTEX_POINT('',#1637);
#707=VERTEX_POINT('',#1638);
#708=VERTEX_POINT('',#1651);
#709=VERTEX_POINT('',#1653);
#710=VERTEX_POINT('',#1658);
#711=VERTEX_POINT('',#1666);
#712=VERTEX_POINT('',#1671);
#713=VERTEX_POINT('',#1675);
#714=VERTEX_POINT('',#1680);
#715=VERTEX_POINT('',#1688);
#716=VERTEX_POINT('',#1768);
#717=VERTEX_POINT('',#1769);
#718=VERTEX_POINT('',#1781);
#719=VERTEX_POINT('',#1786);
#720=VERTEX_POINT('',#1811);
#721=VERTEX_POINT('',#1842);
#722=CIRCLE('',#1047,0.0039);
#723=CIRCLE('',#1048,0.0039);
#724=CIRCLE('',#1049,0.0039);
#725=CIRCLE('',#1051,0.003175);
#726=CIRCLE('',#1052,0.003175);
#727=CIRCLE('',#1056,0.01143);
#728=CIRCLE('',#1057,0.001016);
#729=CIRCLE('',#1059,0.01143);
#730=CIRCLE('',#1060,0.005079238);
#731=CIRCLE('',#1061,0.005079238);
#732=CIRCLE('',#1062,0.001016);
#733=CIRCLE('',#1064,0.00115000000006412);
#734=CIRCLE('',#1065,0.00165000000011578);
#735=CIRCLE('',#1066,0.00115000000006412);
#736=CIRCLE('',#1067,0.00155000000000003);
#737=CIRCLE('',#1068,0.00155000000000003);
#738=CIRCLE('',#1069,0.00164999999998272);
#739=CIRCLE('',#1070,0.00115000000001592);
#740=CIRCLE('',#1071,0.00115000000001592);
#741=CIRCLE('',#1072,0.00165000000009641);
#742=CIRCLE('',#1081,0.00165000000009641);
#743=CIRCLE('',#1083,0.00115000000001592);
#744=CIRCLE('',#1085,0.00115000000001592);
#745=CIRCLE('',#1087,0.00164999999998272);
#746=CIRCLE('',#1089,0.00155000000000003);
#747=CIRCLE('',#1091,0.00155000000000003);
#748=CIRCLE('',#1093,0.00115000000006412);
#749=CIRCLE('',#1095,0.00165000000011578);
#750=CIRCLE('',#1097,0.00115000000006412);
#751=CIRCLE('',#1101,0.0015);
#752=CIRCLE('',#1102,0.0015);
#753=CIRCLE('',#1104,0.0015);
#754=CIRCLE('',#1105,0.0015);
#755=CIRCLE('',#1107,0.0015);
#756=CIRCLE('',#1108,0.0015);
#757=CIRCLE('',#1110,0.0080000094);
#758=CIRCLE('',#1111,0.0080000094);
#759=CIRCLE('',#1114,0.001016);
#760=CIRCLE('',#1115,0.01143);
#761=CIRCLE('',#1129,0.0166);
#762=EDGE_LOOP('',(#203,#204,#205,#206));
#763=EDGE_LOOP('',(#207));
#764=EDGE_LOOP('',(#208,#209,#210,#211));
#765=EDGE_LOOP('',(#212,#213,#214,#215,#216,#217,#218,#219,#220));
#766=EDGE_LOOP('',(#221,#222,#223,#224,#225,#226,#227,#228,#229));
#767=EDGE_LOOP('',(#230,#231,#232,#233,#234,#235,#236,#237,#238,#239));
#768=EDGE_LOOP('',(#240,#241,#242,#243,#244,#245,#246,#247,#248,#249));
#769=EDGE_LOOP('',(#250,#251,#252,#253));
#770=EDGE_LOOP('',(#254));
#771=EDGE_LOOP('',(#255));
#772=EDGE_LOOP('',(#256));
#773=EDGE_LOOP('',(#257));
#774=EDGE_LOOP('',(#258));
#775=EDGE_LOOP('',(#259));
#776=EDGE_LOOP('',(#260));
#777=EDGE_LOOP('',(#261));
#778=EDGE_LOOP('',(#262));
#779=EDGE_LOOP('',(#263,#264,#265,#266,#267,#268,#269,#270));
#780=EDGE_LOOP('',(#271,#272,#273,#274));
#781=EDGE_LOOP('',(#275,#276,#277,#278));
#782=EDGE_LOOP('',(#279,#280,#281,#282));
#783=EDGE_LOOP('',(#283,#284,#285,#286));
#784=EDGE_LOOP('',(#287,#288,#289,#290));
#785=EDGE_LOOP('',(#291,#292,#293,#294));
#786=EDGE_LOOP('',(#295,#296,#297,#298));
#787=EDGE_LOOP('',(#299));
#788=EDGE_LOOP('',(#300));
#789=EDGE_LOOP('',(#301));
#790=EDGE_LOOP('',(#302));
#791=EDGE_LOOP('',(#303));
#792=EDGE_LOOP('',(#304));
#793=EDGE_LOOP('',(#305));
#794=EDGE_LOOP('',(#306));
#795=EDGE_LOOP('',(#307));
#796=EDGE_LOOP('',(#308));
#797=EDGE_LOOP('',(#309));
#798=EDGE_LOOP('',(#310));
#799=EDGE_LOOP('',(#311));
#800=EDGE_LOOP('',(#312));
#801=EDGE_LOOP('',(#313));
#802=EDGE_LOOP('',(#314));
#803=EDGE_LOOP('',(#315));
#804=EDGE_LOOP('',(#316));
#805=EDGE_LOOP('',(#317,#318,#319,#320));
#806=EDGE_LOOP('',(#321,#322,#323,#324));
#807=EDGE_LOOP('',(#325));
#808=EDGE_LOOP('',(#326));
#809=EDGE_LOOP('',(#327));
#810=EDGE_LOOP('',(#328));
#811=EDGE_LOOP('',(#329));
#812=EDGE_LOOP('',(#330));
#813=EDGE_LOOP('',(#331));
#814=EDGE_LOOP('',(#332));
#815=EDGE_LOOP('',(#333));
#816=EDGE_LOOP('',(#334,#335,#336,#337,#338,#339,#340,#341));
#817=EDGE_LOOP('',(#342));
#818=EDGE_LOOP('',(#343));
#819=EDGE_LOOP('',(#344));
#820=EDGE_LOOP('',(#345));
#821=EDGE_LOOP('',(#346));
#822=EDGE_LOOP('',(#347));
#823=EDGE_LOOP('',(#348,#349,#350,#351));
#824=EDGE_LOOP('',(#352));
#825=EDGE_LOOP('',(#353));
#826=EDGE_LOOP('',(#354));
#827=EDGE_LOOP('',(#355,#356,#357,#358,#359,#360,#361,#362));
#828=EDGE_LOOP('',(#363,#364,#365,#366,#367,#368,#369,#370,#371,#372));
#829=EDGE_LOOP('',(#373));
#830=EDGE_LOOP('',(#374));
#831=EDGE_LOOP('',(#375));
#832=EDGE_LOOP('',(#376,#377,#378,#379,#380));
#833=EDGE_LOOP('',(#381,#382,#383,#384,#385));
#834=EDGE_LOOP('',(#386,#387,#388,#389,#390,#391));
#835=EDGE_LOOP('',(#392,#393,#394,#395,#396,#397));
#836=EDGE_LOOP('',(#398,#399,#400,#401));
#837=EDGE_LOOP('',(#402,#403,#404,#405));
#838=EDGE_LOOP('',(#406,#407,#408,#409));
#839=EDGE_LOOP('',(#410,#411,#412,#413));
#840=EDGE_LOOP('',(#414,#415,#416,#417));
#841=EDGE_LOOP('',(#418,#419,#420,#421));
#842=EDGE_LOOP('',(#422,#423,#424,#425));
#843=EDGE_LOOP('',(#426,#427,#428,#429));
#844=EDGE_LOOP('',(#430,#431,#432,#433,#434,#435,#436,#437));
#845=EDGE_LOOP('',(#438,#439,#440,#441,#442,#443));
#846=EDGE_LOOP('',(#444,#445,#446,#447));
#847=EDGE_LOOP('',(#448,#449,#450,#451));
#848=EDGE_LOOP('',(#452,#453,#454));
#849=EDGE_LOOP('',(#455,#456,#457,#458));
#850=EDGE_LOOP('',(#459,#460,#461,#462));
#851=EDGE_LOOP('',(#463,#464,#465,#466));
#852=EDGE_LOOP('',(#467,#468,#469,#470));
#853=EDGE_LOOP('',(#471,#472,#473,#474));
#854=EDGE_LOOP('',(#475,#476,#477,#478));
#855=EDGE_LOOP('',(#479,#480,#481));
#856=EDGE_LOOP('',(#482));
#857=FACE_BOUND('',#762,.T.);
#858=FACE_BOUND('',#763,.T.);
#859=FACE_BOUND('',#764,.T.);
#860=FACE_BOUND('',#765,.T.);
#861=FACE_BOUND('',#766,.T.);
#862=FACE_BOUND('',#767,.T.);
#863=FACE_BOUND('',#768,.T.);
#864=FACE_BOUND('',#769,.T.);
#865=FACE_BOUND('',#770,.T.);
#866=FACE_BOUND('',#771,.T.);
#867=FACE_BOUND('',#772,.T.);
#868=FACE_BOUND('',#773,.T.);
#869=FACE_BOUND('',#774,.T.);
#870=FACE_BOUND('',#775,.T.);
#871=FACE_BOUND('',#776,.T.);
#872=FACE_BOUND('',#777,.T.);
#873=FACE_BOUND('',#778,.T.);
#874=FACE_BOUND('',#779,.T.);
#875=FACE_BOUND('',#780,.T.);
#876=FACE_BOUND('',#781,.T.);
#877=FACE_BOUND('',#782,.T.);
#878=FACE_BOUND('',#783,.T.);
#879=FACE_BOUND('',#784,.T.);
#880=FACE_BOUND('',#785,.T.);
#881=FACE_BOUND('',#786,.T.);
#882=FACE_BOUND('',#787,.T.);
#883=FACE_BOUND('',#788,.T.);
#884=FACE_BOUND('',#789,.T.);
#885=FACE_BOUND('',#790,.T.);
#886=FACE_BOUND('',#791,.T.);
#887=FACE_BOUND('',#792,.T.);
#888=FACE_BOUND('',#793,.T.);
#889=FACE_BOUND('',#794,.T.);
#890=FACE_BOUND('',#795,.T.);
#891=FACE_BOUND('',#796,.T.);
#892=FACE_BOUND('',#797,.T.);
#893=FACE_BOUND('',#798,.T.);
#894=FACE_BOUND('',#799,.T.);
#895=FACE_BOUND('',#800,.T.);
#896=FACE_BOUND('',#801,.T.);
#897=FACE_BOUND('',#802,.T.);
#898=FACE_BOUND('',#803,.T.);
#899=FACE_BOUND('',#804,.T.);
#900=FACE_BOUND('',#805,.T.);
#901=FACE_BOUND('',#806,.T.);
#902=FACE_BOUND('',#807,.T.);
#903=FACE_BOUND('',#808,.T.);
#904=FACE_BOUND('',#809,.T.);
#905=FACE_BOUND('',#810,.T.);
#906=FACE_BOUND('',#811,.T.);
#907=FACE_BOUND('',#812,.T.);
#908=FACE_BOUND('',#813,.T.);
#909=FACE_BOUND('',#814,.T.);
#910=FACE_BOUND('',#815,.T.);
#911=FACE_BOUND('',#816,.T.);
#912=FACE_BOUND('',#817,.T.);
#913=FACE_BOUND('',#818,.T.);
#914=FACE_BOUND('',#819,.T.);
#915=FACE_BOUND('',#820,.T.);
#916=FACE_BOUND('',#821,.T.);
#917=FACE_BOUND('',#822,.T.);
#918=FACE_BOUND('',#823,.T.);
#919=FACE_BOUND('',#824,.T.);
#920=FACE_BOUND('',#825,.T.);
#921=FACE_BOUND('',#826,.T.);
#922=FACE_BOUND('',#827,.T.);
#923=FACE_BOUND('',#828,.T.);
#924=FACE_BOUND('',#829,.T.);
#925=FACE_BOUND('',#830,.T.);
#926=FACE_BOUND('',#831,.T.);
#927=FACE_BOUND('',#832,.T.);
#928=FACE_BOUND('',#833,.T.);
#929=FACE_BOUND('',#834,.T.);
#930=FACE_BOUND('',#835,.T.);
#931=FACE_BOUND('',#836,.T.);
#932=FACE_BOUND('',#837,.T.);
#933=FACE_BOUND('',#838,.T.);
#934=FACE_BOUND('',#839,.T.);
#935=FACE_BOUND('',#840,.T.);
#936=FACE_BOUND('',#841,.T.);
#937=FACE_BOUND('',#842,.T.);
#938=FACE_BOUND('',#843,.T.);
#939=FACE_BOUND('',#844,.T.);
#940=FACE_BOUND('',#845,.T.);
#941=FACE_BOUND('',#846,.T.);
#942=FACE_BOUND('',#847,.T.);
#943=FACE_BOUND('',#848,.T.);
#944=FACE_BOUND('',#849,.T.);
#945=FACE_BOUND('',#850,.T.);
#946=FACE_BOUND('',#851,.T.);
#947=FACE_BOUND('',#852,.T.);
#948=FACE_BOUND('',#853,.T.);
#949=FACE_BOUND('',#854,.T.);
#950=FACE_BOUND('',#855,.T.);
#951=FACE_BOUND('',#856,.T.);
#952=CYLINDRICAL_SURFACE('',#1046,0.0039);
#953=CYLINDRICAL_SURFACE('',#1050,0.003175);
#954=CYLINDRICAL_SURFACE('',#1074,0.00119999999677816);
#955=CYLINDRICAL_SURFACE('',#1076,0.0011999999954614);
#956=CYLINDRICAL_SURFACE('',#1078,0.00119999999753257);
#957=CYLINDRICAL_SURFACE('',#1080,0.00165000000009641);
#958=CYLINDRICAL_SURFACE('',#1082,0.00115000000001592);
#959=CYLINDRICAL_SURFACE('',#1084,0.00115000000001592);
#960=CYLINDRICAL_SURFACE('',#1086,0.00164999999998272);
#961=CYLINDRICAL_SURFACE('',#1088,0.00155000000000003);
#962=CYLINDRICAL_SURFACE('',#1090,0.00155000000000003);
#963=CYLINDRICAL_SURFACE('',#1092,0.00115000000006412);
#964=CYLINDRICAL_SURFACE('',#1094,0.00165000000011578);
#965=CYLINDRICAL_SURFACE('',#1096,0.00115000000006412);
#966=CYLINDRICAL_SURFACE('',#1098,0.00119999999697602);
#967=CYLINDRICAL_SURFACE('',#1100,0.0015);
#968=CYLINDRICAL_SURFACE('',#1103,0.0015);
#969=CYLINDRICAL_SURFACE('',#1106,0.0015);
#970=CYLINDRICAL_SURFACE('',#1109,0.0080000094);
#971=CYLINDRICAL_SURFACE('',#1120,0.001016);
#972=CYLINDRICAL_SURFACE('',#1121,0.001016);
#973=CYLINDRICAL_SURFACE('',#1122,0.01143);
#974=CYLINDRICAL_SURFACE('',#1123,0.01143);
#975=CYLINDRICAL_SURFACE('',#1124,0.005079238);
#976=CYLINDRICAL_SURFACE('',#1125,0.005079238);
#977=ADVANCED_FACE('',(#857,#858),#952,.T.);
#978=ADVANCED_FACE('',(#859),#953,.T.);
#979=ADVANCED_FACE('',(#860),#63,.T.);
#980=ADVANCED_FACE('',(#861),#64,.F.);
#981=ADVANCED_FACE('',(#862),#65,.F.);
#982=ADVANCED_FACE('',(#863),#66,.T.);
#983=ADVANCED_FACE('',(#864,#865,#866,#867,#868,#869,#870,#871,#872,#873,
#874),#67,.F.);
#984=ADVANCED_FACE('',(#875),#68,.T.);
#985=ADVANCED_FACE('',(#876),#954,.F.);
#986=ADVANCED_FACE('',(#877),#69,.T.);
#987=ADVANCED_FACE('',(#878),#955,.F.);
#988=ADVANCED_FACE('',(#879),#70,.T.);
#989=ADVANCED_FACE('',(#880),#956,.F.);
#990=ADVANCED_FACE('',(#881),#71,.T.);
#991=ADVANCED_FACE('',(#882,#883),#957,.F.);
#992=ADVANCED_FACE('',(#884,#885),#958,.F.);
#993=ADVANCED_FACE('',(#886,#887),#959,.F.);
#994=ADVANCED_FACE('',(#888,#889),#960,.F.);
#995=ADVANCED_FACE('',(#890,#891),#961,.F.);
#996=ADVANCED_FACE('',(#892,#893),#962,.F.);
#997=ADVANCED_FACE('',(#894,#895),#963,.F.);
#998=ADVANCED_FACE('',(#896,#897),#964,.F.);
#999=ADVANCED_FACE('',(#898,#899),#965,.F.);
#1000=ADVANCED_FACE('',(#900),#966,.F.);
#1001=ADVANCED_FACE('',(#901,#902,#903,#904,#905,#906,#907,#908,#909,#910,
#911),#72,.T.);
#1002=ADVANCED_FACE('',(#912,#913),#967,.F.);
#1003=ADVANCED_FACE('',(#914,#915),#968,.F.);
#1004=ADVANCED_FACE('',(#916,#917),#969,.F.);
#1005=ADVANCED_FACE('',(#918),#970,.T.);
#1006=ADVANCED_FACE('',(#919,#920,#921,#922),#73,.F.);
#1007=ADVANCED_FACE('',(#923,#924,#925,#926),#74,.T.);
#1008=ADVANCED_FACE('',(#927),#75,.F.);
#1009=ADVANCED_FACE('',(#928),#76,.T.);
#1010=ADVANCED_FACE('',(#929),#77,.T.);
#1011=ADVANCED_FACE('',(#930),#78,.F.);
#1012=ADVANCED_FACE('',(#931),#971,.F.);
#1013=ADVANCED_FACE('',(#932),#972,.F.);
#1014=ADVANCED_FACE('',(#933),#973,.F.);
#1015=ADVANCED_FACE('',(#934),#974,.F.);
#1016=ADVANCED_FACE('',(#935),#975,.F.);
#1017=ADVANCED_FACE('',(#936),#976,.F.);
#1018=ADVANCED_FACE('',(#937),#79,.F.);
#1019=ADVANCED_FACE('',(#938),#80,.T.);
#1020=ADVANCED_FACE('',(#939),#81,.T.);
#1021=ADVANCED_FACE('',(#940),#22,.F.);
#1022=ADVANCED_FACE('',(#941),#12,.F.);
#1023=ADVANCED_FACE('',(#942),#13,.F.);
#1024=ADVANCED_FACE('',(#943),#14,.T.);
#1025=ADVANCED_FACE('',(#944),#15,.T.);
#1026=ADVANCED_FACE('',(#945),#16,.T.);
#1027=ADVANCED_FACE('',(#946),#17,.T.);
#1028=ADVANCED_FACE('',(#947),#18,.T.);
#1029=ADVANCED_FACE('',(#948),#19,.T.);
#1030=ADVANCED_FACE('',(#949),#20,.T.);
#1031=ADVANCED_FACE('',(#950),#21,.T.);
#1032=ADVANCED_FACE('',(#951),#82,.T.);
#1033=CLOSED_SHELL('',(#977,#978,#979,#980,#981,#982,#983,#984,#985,#986,
#987,#988,#989,#990,#991,#992,#993,#994,#995,#996,#997,#998,#999,#1000,
#1001,#1002,#1003,#1004,#1005,#1006,#1007,#1008,#1009,#1010,#1011,#1012,
#1013,#1014,#1015,#1016,#1017,#1018,#1019,#1020,#1021,#1022,#1023,#1024,
#1025,#1026,#1027,#1028,#1029,#1030,#1031,#1032));
#1034=STYLED_ITEM('',(#1035),#1042);
#1035=PRESENTATION_STYLE_ASSIGNMENT((#1036));
#1036=SURFACE_STYLE_USAGE(.BOTH.,#1037);
#1037=SURFACE_SIDE_STYLE('',(#1038));
#1038=SURFACE_STYLE_FILL_AREA(#1039);
#1039=FILL_AREA_STYLE('',(#1040));
#1040=FILL_AREA_STYLE_COLOUR('',#1041);
#1041=COLOUR_RGB('',0.231372549019608,0.380392156862745,0.705882352941177);
#1042=MANIFOLD_SOLID_BREP('Part 2',#1033);
#1043=SHAPE_DEFINITION_REPRESENTATION(#2066,#1044);
#1044=SHAPE_REPRESENTATION('Part 2',(#1045),#2061);
#1045=AXIS2_PLACEMENT_3D('',#1366,#1132,#1133);
#1046=AXIS2_PLACEMENT_3D('',#1367,#1134,#1135);
#1047=AXIS2_PLACEMENT_3D('',#1368,#1136,#1137);
#1048=AXIS2_PLACEMENT_3D('',#1373,#1139,#1140);
#1049=AXIS2_PLACEMENT_3D('',#1376,#1142,#1143);
#1050=AXIS2_PLACEMENT_3D('',#1378,#1144,#1145);
#1051=AXIS2_PLACEMENT_3D('',#1382,#1147,#1148);
#1052=AXIS2_PLACEMENT_3D('',#1386,#1150,#1151);
#1053=AXIS2_PLACEMENT_3D('',#1387,#1152,#1153);
#1054=AXIS2_PLACEMENT_3D('',#1409,#1162,#1163);
#1055=AXIS2_PLACEMENT_3D('',#1431,#1172,#1173);
#1056=AXIS2_PLACEMENT_3D('',#1436,#1176,#1177);
#1057=AXIS2_PLACEMENT_3D('',#1438,#1179,#1180);
#1058=AXIS2_PLACEMENT_3D('',#1443,#1183,#1184);
#1059=AXIS2_PLACEMENT_3D('',#1445,#1186,#1187);
#1060=AXIS2_PLACEMENT_3D('',#1449,#1189,#1190);
#1061=AXIS2_PLACEMENT_3D('',#1450,#1191,#1192);
#1062=AXIS2_PLACEMENT_3D('',#1454,#1194,#1195);
#1063=AXIS2_PLACEMENT_3D('',#1455,#1196,#1197);
#1064=AXIS2_PLACEMENT_3D('',#1456,#1198,#1199);
#1065=AXIS2_PLACEMENT_3D('',#1458,#1200,#1201);
#1066=AXIS2_PLACEMENT_3D('',#1460,#1202,#1203);
#1067=AXIS2_PLACEMENT_3D('',#1462,#1204,#1205);
#1068=AXIS2_PLACEMENT_3D('',#1464,#1206,#1207);
#1069=AXIS2_PLACEMENT_3D('',#1466,#1208,#1209);
#1070=AXIS2_PLACEMENT_3D('',#1468,#1210,#1211);
#1071=AXIS2_PLACEMENT_3D('',#1470,#1212,#1213);
#1072=AXIS2_PLACEMENT_3D('',#1472,#1214,#1215);
#1073=AXIS2_PLACEMENT_3D('',#1506,#1220,#1221);
#1074=AXIS2_PLACEMENT_3D('',#1512,#1225,#1226);
#1075=AXIS2_PLACEMENT_3D('',#1520,#1228,#1229);
#1076=AXIS2_PLACEMENT_3D('',#1524,#1232,#1233);
#1077=AXIS2_PLACEMENT_3D('',#1532,#1235,#1236);
#1078=AXIS2_PLACEMENT_3D('',#1536,#1239,#1240);
#1079=AXIS2_PLACEMENT_3D('',#1544,#1242,#1243);
#1080=AXIS2_PLACEMENT_3D('',#1548,#1246,#1247);
#1081=AXIS2_PLACEMENT_3D('',#1549,#1248,#1249);
#1082=AXIS2_PLACEMENT_3D('',#1551,#1250,#1251);
#1083=AXIS2_PLACEMENT_3D('',#1552,#1252,#1253);
#1084=AXIS2_PLACEMENT_3D('',#1554,#1254,#1255);
#1085=AXIS2_PLACEMENT_3D('',#1555,#1256,#1257);
#1086=AXIS2_PLACEMENT_3D('',#1557,#1258,#1259);
#1087=AXIS2_PLACEMENT_3D('',#1558,#1260,#1261);
#1088=AXIS2_PLACEMENT_3D('',#1560,#1262,#1263);
#1089=AXIS2_PLACEMENT_3D('',#1561,#1264,#1265);
#1090=AXIS2_PLACEMENT_3D('',#1563,#1266,#1267);
#1091=AXIS2_PLACEMENT_3D('',#1564,#1268,#1269);
#1092=AXIS2_PLACEMENT_3D('',#1566,#1270,#1271);
#1093=AXIS2_PLACEMENT_3D('',#1567,#1272,#1273);
#1094=AXIS2_PLACEMENT_3D('',#1569,#1274,#1275);
#1095=AXIS2_PLACEMENT_3D('',#1570,#1276,#1277);
#1096=AXIS2_PLACEMENT_3D('',#1572,#1278,#1279);
#1097=AXIS2_PLACEMENT_3D('',#1573,#1280,#1281);
#1098=AXIS2_PLACEMENT_3D('',#1575,#1282,#1283);
#1099=AXIS2_PLACEMENT_3D('',#1581,#1284,#1285);
#1100=AXIS2_PLACEMENT_3D('',#1584,#1288,#1289);
#1101=AXIS2_PLACEMENT_3D('',#1585,#1290,#1291);
#1102=AXIS2_PLACEMENT_3D('',#1587,#1292,#1293);
#1103=AXIS2_PLACEMENT_3D('',#1589,#1294,#1295);
#1104=AXIS2_PLACEMENT_3D('',#1590,#1296,#1297);
#1105=AXIS2_PLACEMENT_3D('',#1592,#1298,#1299);
#1106=AXIS2_PLACEMENT_3D('',#1594,#1300,#1301);
#1107=AXIS2_PLACEMENT_3D('',#1595,#1302,#1303);
#1108=AXIS2_PLACEMENT_3D('',#1597,#1304,#1305);
#1109=AXIS2_PLACEMENT_3D('',#1599,#1306,#1307);
#1110=AXIS2_PLACEMENT_3D('',#1600,#1308,#1309);
#1111=AXIS2_PLACEMENT_3D('',#1608,#1310,#1311);
#1112=AXIS2_PLACEMENT_3D('',#1614,#1312,#1313);
#1113=AXIS2_PLACEMENT_3D('',#1635,#1318,#1319);
#1114=AXIS2_PLACEMENT_3D('',#1654,#1322,#1323);
#1115=AXIS2_PLACEMENT_3D('',#1655,#1324,#1325);
#1116=AXIS2_PLACEMENT_3D('',#1656,#1326,#1327);
#1117=AXIS2_PLACEMENT_3D('',#1673,#1330,#1331);
#1118=AXIS2_PLACEMENT_3D('',#1690,#1334,#1335);
#1119=AXIS2_PLACEMENT_3D('',#1697,#1338,#1339);
#1120=AXIS2_PLACEMENT_3D('',#1704,#1342,#1343);
#1121=AXIS2_PLACEMENT_3D('',#1709,#1344,#1345);
#1122=AXIS2_PLACEMENT_3D('',#1710,#1346,#1347);
#1123=AXIS2_PLACEMENT_3D('',#1716,#1348,#1349);
#1124=AXIS2_PLACEMENT_3D('',#1717,#1350,#1351);
#1125=AXIS2_PLACEMENT_3D('',#1739,#1352,#1353);
#1126=AXIS2_PLACEMENT_3D('',#1761,#1354,#1355);
#1127=AXIS2_PLACEMENT_3D('',#1762,#1356,#1357);
#1128=AXIS2_PLACEMENT_3D('',#1763,#1358,#1359);
#1129=AXIS2_PLACEMENT_3D('',#1787,#1360,#1361);
#1130=AXIS2_PLACEMENT_3D('',#1788,#1362,#1363);
#1131=AXIS2_PLACEMENT_3D('',#2059,#1364,#1365);
#1132=DIRECTION('',(0.,0.,1.));
#1133=DIRECTION('',(1.,0.,0.));
#1134=DIRECTION('',(1.,-1.09143060060594E-46,2.71170936169717E-31));
#1135=DIRECTION('',(2.71170936169717E-31,0.,-1.));
#1136=DIRECTION('',(-1.,1.09143060060594E-46,-2.71170936169717E-31));
#1137=DIRECTION('',(-2.71170936169717E-31,0.,1.));
#1138=DIRECTION('',(1.,-1.09143060060594E-46,2.71170936169717E-31));
#1139=DIRECTION('',(1.,-8.11045843153337E-47,2.71170936169717E-31));
#1140=DIRECTION('',(2.71170936169717E-31,0.,-1.));
#1141=DIRECTION('',(1.,-1.09143060060594E-46,2.71170936169717E-31));
#1142=DIRECTION('',(-1.,1.09143060060594E-46,-2.71170936169717E-31));
#1143=DIRECTION('',(-2.71170936169717E-31,0.,1.));
#1144=DIRECTION('',(-1.,1.0914306011089E-46,-2.71170936169717E-31));
#1145=DIRECTION('',(-2.71170936169717E-31,0.,1.));
#1146=DIRECTION('',(-1.,1.0914306011089E-46,-2.71170936169717E-31));
#1147=DIRECTION('',(1.,-1.0914306011089E-46,2.71170936169717E-31));
#1148=DIRECTION('',(2.71170936169717E-31,0.,-1.));
#1149=DIRECTION('',(-1.,1.0914306011089E-46,-2.71170936169717E-31));
#1150=DIRECTION('',(1.,-7.50249743183671E-47,2.71170936169717E-31));
#1151=DIRECTION('',(2.71170936169717E-31,0.,-1.));
#1152=DIRECTION('',(0.,-1.,-2.77555756156283E-16));
#1153=DIRECTION('',(0.,2.77555756156283E-16,-1.));
#1154=DIRECTION('',(1.,-1.54823069779746E-46,2.71170936169717E-31));
#1155=DIRECTION('',(-2.71170936169717E-31,-2.77555756156283E-16,1.));
#1156=DIRECTION('',(1.,-7.5265054236193E-47,2.71170936169717E-31));
#1157=DIRECTION('',(-2.71170936169717E-31,-2.77555756156283E-16,1.));
#1158=DIRECTION('',(1.,-1.54823069779746E-46,2.71170936169717E-31));
#1159=DIRECTION('',(2.71170936169717E-31,2.77555756156283E-16,-1.));
#1160=DIRECTION('',(1.,-7.5265054236193E-47,2.71170936169717E-31));
#1161=DIRECTION('',(-2.71170936169717E-31,-2.77555756156283E-16,1.));
#1162=DIRECTION('',(0.,-1.,-2.77555756156283E-16));
#1163=DIRECTION('',(0.,2.77555756156283E-16,-1.));
#1164=DIRECTION('',(-2.71170936169717E-31,-2.77555756156283E-16,1.));
#1165=DIRECTION('',(-1.,7.09985533627722E-47,-2.71170936169717E-31));
#1166=DIRECTION('',(2.71170936169717E-31,2.77555756156283E-16,-1.));
#1167=DIRECTION('',(1.,-7.5265054236193E-47,2.71170936169717E-31));
#1168=DIRECTION('',(-2.71170936169717E-31,-2.77555756156283E-16,1.));
#1169=DIRECTION('',(-1.,7.09985533627722E-47,-2.71170936169717E-31));
#1170=DIRECTION('',(-2.71170936169717E-31,-2.77555756156283E-16,1.));
#1171=DIRECTION('',(1.,-7.5265054236193E-47,2.71170936169717E-31));
#1172=DIRECTION('',(1.,-7.50249743183671E-47,2.71170936169717E-31));
#1173=DIRECTION('',(2.71170936169717E-31,0.,-1.));
#1174=DIRECTION('',(1.50413939264771E-31,0.832061682323565,-0.554683113866718));
#1175=DIRECTION('',(-1.91746807826312E-31,-0.707106781186548,0.707106781186547));
#1176=DIRECTION('',(1.,-7.50249743183671E-47,2.71170936169717E-31));
#1177=DIRECTION('',(2.71170936169717E-31,0.,-1.));
#1178=DIRECTION('',(2.40079917825895E-49,-1.,-2.77555756156283E-16));
#1179=DIRECTION('',(1.,-7.50249743183671E-47,2.71170936169717E-31));
#1180=DIRECTION('',(2.71170936169717E-31,0.,-1.));
#1181=DIRECTION('',(-1.91746807826312E-31,0.707106781186548,0.707106781186548));
#1182=DIRECTION('',(1.50413939264771E-31,-0.832061682323565,-0.554683113866718));
#1183=DIRECTION('',(1.,-8.11045843153337E-47,2.71170936169717E-31));
#1184=DIRECTION('',(2.71170936169717E-31,0.,-1.));
#1185=DIRECTION('',(-5.83953007914077E-48,-1.,-2.77555756156283E-16));
#1186=DIRECTION('',(1.,-8.11045843153337E-47,2.71170936169717E-31));
#1187=DIRECTION('',(2.71170936169717E-31,0.,-1.));
#1188=DIRECTION('',(-1.91746807826312E-31,-0.707106781186548,0.707106781186547));
#1189=DIRECTION('',(1.,-8.11045843153337E-47,2.71170936169717E-31));
#1190=DIRECTION('',(2.71170936169717E-31,0.,-1.));
#1191=DIRECTION('',(1.,-8.11045843153337E-47,2.71170936169717E-31));
#1192=DIRECTION('',(2.71170936169717E-31,0.,-1.));
#1193=DIRECTION('',(-1.91746807826312E-31,0.707106781186548,0.707106781186548));
#1194=DIRECTION('',(1.,-8.11045843153337E-47,2.71170936169717E-31));
#1195=DIRECTION('',(2.71170936169717E-31,0.,-1.));
#1196=DIRECTION('',(2.71170936169717E-31,2.77555756156283E-16,-1.));
#1197=DIRECTION('',(1.,-7.5265054236193E-47,2.71170936169717E-31));
#1198=DIRECTION('',(0.,0.,-1.));
#1199=DIRECTION('',(0.,1.,0.));
#1200=DIRECTION('',(5.25673780598365E-16,0.,-1.));
#1201=DIRECTION('',(1.,0.,5.25673780598365E-16));
#1202=DIRECTION('',(0.,0.,-1.));
#1203=DIRECTION('',(0.,1.,0.));
#1204=DIRECTION('',(2.71170936169717E-31,2.77555756156283E-16,-1.));
#1205=DIRECTION('',(0.,1.,2.77555756156283E-16));
#1206=DIRECTION('',(2.71170936169717E-31,2.77555756156283E-16,-1.));
#1207=DIRECTION('',(0.,1.,2.77555756156283E-16));
#1208=DIRECTION('',(5.25673780640756E-16,0.,-1.));
#1209=DIRECTION('',(1.,0.,5.25673780640756E-16));
#1210=DIRECTION('',(0.,0.,-1.));
#1211=DIRECTION('',(0.,1.,0.));
#1212=DIRECTION('',(0.,0.,-1.));
#1213=DIRECTION('',(0.,1.,0.));
#1214=DIRECTION('',(0.,0.,-1.));
#1215=DIRECTION('',(0.,1.,0.));
#1216=DIRECTION('',(1.08420217248547E-15,1.,2.77555756156283E-16));
#1217=DIRECTION('',(1.,-2.36658271566304E-30,-6.16297582203916E-32));
#1218=DIRECTION('',(2.21867129593405E-30,-1.,-2.77555756156283E-16));
#1219=DIRECTION('',(-1.,2.36658271566304E-30,6.16297582203916E-32));
#1220=DIRECTION('',(1.,-1.08420217248547E-15,-2.97556176407735E-32));
#1221=DIRECTION('',(1.08420217248547E-15,1.,0.));
#1222=DIRECTION('',(-2.71170936169717E-31,-2.77555756156283E-16,1.));
#1223=DIRECTION('',(1.08420217248547E-15,1.,2.77555756156283E-16));
#1224=DIRECTION('',(-2.71170936169717E-31,-2.77555756156283E-16,1.));
#1225=DIRECTION('',(-2.71170936169717E-31,-2.77555756156283E-16,1.));
#1226=DIRECTION('',(-0.70710678054404,-0.707106781829055,0.));
#1227=DIRECTION('',(-2.71170936169717E-31,-2.77555756156283E-16,1.));
#1228=DIRECTION('',(2.36658271566304E-30,1.,2.77555756156283E-16));
#1229=DIRECTION('',(0.,-2.77555756156283E-16,1.));
#1230=DIRECTION('',(-2.71170936169717E-31,-2.77555756156283E-16,1.));
#1231=DIRECTION('',(-1.,2.36658271566304E-30,6.16297582203916E-32));
#1232=DIRECTION('',(-2.71170936169717E-31,-2.77555756156283E-16,1.));
#1233=DIRECTION('',(0.707106780207702,-0.707106782165393,0.));
#1234=DIRECTION('',(-2.71170936169717E-31,-2.77555756156283E-16,1.));
#1235=DIRECTION('',(-1.,-2.21867129593405E-30,-2.71170936169718E-31));
#1236=DIRECTION('',(2.21867129593405E-30,-1.,0.));
#1237=DIRECTION('',(-2.71170936169717E-31,-2.77555756156283E-16,1.));
#1238=DIRECTION('',(2.21867129593405E-30,-1.,-2.77555756156283E-16));
#1239=DIRECTION('',(-2.71170936169717E-31,-2.77555756156283E-16,1.));
#1240=DIRECTION('',(0.707106780924716,0.707106781448379,0.));
#1241=DIRECTION('',(-2.71170936169717E-31,-2.77555756156283E-16,1.));
#1242=DIRECTION('',(-2.36658271566304E-30,-1.,-2.77555756156283E-16));
#1243=DIRECTION('',(0.,2.77555756156283E-16,-1.));
#1244=DIRECTION('',(-2.71170936169717E-31,-2.77555756156283E-16,1.));
#1245=DIRECTION('',(1.,-2.36658271566304E-30,-6.16297582203916E-32));
#1246=DIRECTION('',(-2.71170936169717E-31,-2.77555756156283E-16,1.));
#1247=DIRECTION('',(0.,-1.,-2.77555756156283E-16));
#1248=DIRECTION('',(0.,0.,-1.));
#1249=DIRECTION('',(0.,1.,0.));
#1250=DIRECTION('',(-2.71170936169717E-31,-2.77555756156283E-16,1.));
#1251=DIRECTION('',(0.,-1.,-2.77555756156283E-16));
#1252=DIRECTION('',(0.,0.,-1.));
#1253=DIRECTION('',(0.,1.,0.));
#1254=DIRECTION('',(-2.71170936169717E-31,-2.77555756156283E-16,1.));
#1255=DIRECTION('',(0.,-1.,-2.77555756156283E-16));
#1256=DIRECTION('',(0.,0.,-1.));
#1257=DIRECTION('',(0.,1.,0.));
#1258=DIRECTION('',(-2.71170936169717E-31,-2.77555756156283E-16,1.));
#1259=DIRECTION('',(0.,-1.,-2.77555756156283E-16));
#1260=DIRECTION('',(5.25673780640756E-16,0.,-1.));
#1261=DIRECTION('',(1.,0.,5.25673780640756E-16));
#1262=DIRECTION('',(-2.71170936169717E-31,-2.77555756156283E-16,1.));
#1263=DIRECTION('',(0.,-1.,-2.77555756156283E-16));
#1264=DIRECTION('',(2.71170936169717E-31,2.77555756156283E-16,-1.));
#1265=DIRECTION('',(0.,1.,2.77555756156283E-16));
#1266=DIRECTION('',(-2.71170936169717E-31,-2.77555756156283E-16,1.));
#1267=DIRECTION('',(0.,-1.,-2.77555756156283E-16));
#1268=DIRECTION('',(2.71170936169717E-31,2.77555756156283E-16,-1.));
#1269=DIRECTION('',(0.,1.,2.77555756156283E-16));
#1270=DIRECTION('',(-2.71170936169717E-31,-2.77555756156283E-16,1.));
#1271=DIRECTION('',(0.,-1.,-2.77555756156283E-16));
#1272=DIRECTION('',(0.,0.,-1.));
#1273=DIRECTION('',(0.,1.,0.));
#1274=DIRECTION('',(-2.71170936169717E-31,-2.77555756156283E-16,1.));
#1275=DIRECTION('',(0.,-1.,-2.77555756156283E-16));
#1276=DIRECTION('',(5.25673780598365E-16,0.,-1.));
#1277=DIRECTION('',(1.,0.,5.25673780598365E-16));
#1278=DIRECTION('',(-2.71170936169717E-31,-2.77555756156283E-16,1.));
#1279=DIRECTION('',(0.,-1.,-2.77555756156283E-16));
#1280=DIRECTION('',(0.,0.,-1.));
#1281=DIRECTION('',(0.,1.,0.));
#1282=DIRECTION('',(-2.71170936169717E-31,-2.77555756156283E-16,1.));
#1283=DIRECTION('',(-0.707106780680691,0.707106781692405,0.));
#1284=DIRECTION('',(2.71170936169717E-31,2.77555756156283E-16,-1.));
#1285=DIRECTION('',(1.,-7.5265054236193E-47,2.71170936169717E-31));
#1286=DIRECTION('',(-3.3878005824401E-47,-1.,-2.77555756156283E-16));
#1287=DIRECTION('',(-3.38780058746975E-47,-1.,-2.77555756156283E-16));
#1288=DIRECTION('',(1.,-1.0914306011089E-46,2.71170936169717E-31));
#1289=DIRECTION('',(2.71170936169717E-31,0.,-1.));
#1290=DIRECTION('',(1.,-1.0914306011089E-46,2.71170936169717E-31));
#1291=DIRECTION('',(2.71170936169717E-31,0.,-1.));
#1292=DIRECTION('',(1.,-1.0914306011089E-46,2.71170936169717E-31));
#1293=DIRECTION('',(2.71170936169717E-31,0.,-1.));
#1294=DIRECTION('',(1.,-1.0914306011089E-46,2.71170936169717E-31));
#1295=DIRECTION('',(2.71170936169717E-31,0.,-1.));
#1296=DIRECTION('',(1.,-1.0914306011089E-46,2.71170936169717E-31));
#1297=DIRECTION('',(2.71170936169717E-31,0.,-1.));
#1298=DIRECTION('',(1.,-1.0914306011089E-46,2.71170936169717E-31));
#1299=DIRECTION('',(2.71170936169717E-31,0.,-1.));
#1300=DIRECTION('',(1.,-1.0914306011089E-46,2.71170936169717E-31));
#1301=DIRECTION('',(2.71170936169717E-31,0.,-1.));
#1302=DIRECTION('',(1.,-1.0914306011089E-46,2.71170936169717E-31));
#1303=DIRECTION('',(2.71170936169717E-31,0.,-1.));
#1304=DIRECTION('',(1.,-1.0914306011089E-46,2.71170936169717E-31));
#1305=DIRECTION('',(2.71170936169717E-31,0.,-1.));
#1306=DIRECTION('',(1.,-1.0914306011089E-46,2.71170936169717E-31));
#1307=DIRECTION('',(2.71170936169717E-31,0.,-1.));
#1308=DIRECTION('',(1.,-1.0914306011089E-46,2.71170936169717E-31));
#1309=DIRECTION('',(2.71170936169717E-31,0.,-1.));
#1310=DIRECTION('',(1.,-1.0914306011089E-46,2.71170936169717E-31));
#1311=DIRECTION('',(2.71170936169717E-31,0.,-1.));
#1312=DIRECTION('',(1.,-1.0914306011089E-46,2.71170936169717E-31));
#1313=DIRECTION('',(1.0914306011089E-46,1.,2.95964257866979E-77));
#1314=DIRECTION('',(-1.91746807826312E-31,-0.707106781186548,0.707106781186547));
#1315=DIRECTION('',(1.50413939264772E-31,0.832061682323565,-0.554683113866718));
#1316=DIRECTION('',(1.50413939264771E-31,-0.832061682323565,-0.554683113866718));
#1317=DIRECTION('',(-1.91746807826312E-31,0.707106781186548,0.707106781186548));
#1318=DIRECTION('',(1.,-1.0914306011089E-46,2.71170936169717E-31));
#1319=DIRECTION('',(1.0914306011089E-46,1.,2.95964257866979E-77));
#1320=DIRECTION('',(1.91746807826312E-31,0.707106781186548,-0.707106781186547));
#1321=DIRECTION('',(1.91746807826312E-31,-0.707106781186548,-0.707106781186548));
#1322=DIRECTION('',(-1.,1.0914306011089E-46,-2.71170936169717E-31));
#1323=DIRECTION('',(-2.71170936169717E-31,0.,1.));
#1324=DIRECTION('',(-1.,1.0914306011089E-46,-2.71170936169717E-31));
#1325=DIRECTION('',(-2.71170936169717E-31,0.,1.));
#1326=DIRECTION('',(1.91746807826312E-31,0.707106781186548,-0.707106781186548));
#1327=DIRECTION('',(0.,0.707106781186548,0.707106781186548));
#1328=DIRECTION('',(-1.,1.31371731030452E-46,-2.71170936169717E-31));
#1329=DIRECTION('',(-1.,1.53267019535527E-46,-2.71170936169717E-31));
#1330=DIRECTION('',(-1.91746807826312E-31,0.707106781186547,0.707106781186548));
#1331=DIRECTION('',(0.,-0.707106781186548,0.707106781186547));
#1332=DIRECTION('',(-1.,6.56858655152258E-47,-2.71170936169717E-31));
#1333=DIRECTION('',(1.,-1.31371731030452E-46,2.71170936169717E-31));
#1334=DIRECTION('',(-1.91746807826312E-31,0.707106781186547,0.707106781186548));
#1335=DIRECTION('',(0.,-0.707106781186548,0.707106781186547));
#1336=DIRECTION('',(-1.,6.56858655152258E-47,-2.71170936169717E-31));
#1337=DIRECTION('',(1.,-1.31371731030452E-46,2.71170936169717E-31));
#1338=DIRECTION('',(1.91746807826312E-31,0.707106781186548,-0.707106781186548));
#1339=DIRECTION('',(0.,0.707106781186548,0.707106781186548));
#1340=DIRECTION('',(-1.,1.31371731030452E-46,-2.71170936169717E-31));
#1341=DIRECTION('',(-1.,1.53267019535527E-46,-2.71170936169717E-31));
#1342=DIRECTION('',(1.,-1.54823069779746E-46,2.71170936169717E-31));
#1343=DIRECTION('',(2.71170936169717E-31,0.,-1.));
#1344=DIRECTION('',(1.,-1.54823069779746E-46,2.71170936169717E-31));
#1345=DIRECTION('',(2.71170936169717E-31,0.,-1.));
#1346=DIRECTION('',(-1.,7.09985533627722E-47,-2.71170936169717E-31));
#1347=DIRECTION('',(-2.71170936169717E-31,0.,1.));
#1348=DIRECTION('',(-1.,7.09985533627722E-47,-2.71170936169717E-31));
#1349=DIRECTION('',(-2.71170936169717E-31,0.,1.));
#1350=DIRECTION('',(1.,-1.09143060060594E-46,2.71170936169717E-31));
#1351=DIRECTION('',(2.71170936169717E-31,0.,-1.));
#1352=DIRECTION('',(1.,-1.09143060060594E-46,2.71170936169717E-31));
#1353=DIRECTION('',(2.71170936169717E-31,0.,-1.));
#1354=DIRECTION('',(2.25630945346631E-31,-0.554683113866718,-0.832061682323565));
#1355=DIRECTION('',(0.,0.832061682323565,-0.554683113866718));
#1356=DIRECTION('',(-2.25630945346631E-31,-0.554683113866718,0.832061682323565));
#1357=DIRECTION('',(0.,-0.832061682323565,-0.554683113866718));
#1358=DIRECTION('',(-1.,1.09143060060594E-46,-2.71170936169717E-31));
#1359=DIRECTION('',(-2.71170936169717E-31,0.,1.));
#1360=DIRECTION('',(-1.,1.09143060060594E-46,-2.71170936169717E-31));
#1361=DIRECTION('',(-2.71170936169717E-31,0.,1.));
#1362=DIRECTION('',(-1.,1.09143060060594E-46,-2.71170936169717E-31));
#1363=DIRECTION('',(-2.71170936169717E-31,0.,1.));
#1364=DIRECTION('',(-1.,1.09143060060594E-46,-2.71170936169717E-31));
#1365=DIRECTION('',(-1.09143060060594E-46,-1.,-2.9596425773059E-77));
#1366=CARTESIAN_POINT('',(0.,0.,0.));
#1367=CARTESIAN_POINT('',(-0.0600749914,4.55835896480039E-48,2.38806125833717E-19));
#1368=CARTESIAN_POINT('',(-0.04371,2.77223372553909E-48,2.38806125833722E-19));
#1369=CARTESIAN_POINT('',(-0.04371,0.00389999999991435,-2.58470625108469E-8));
#1370=CARTESIAN_POINT('',(-0.04371,-0.00389999999991435,-2.58470625104702E-8));
#1371=CARTESIAN_POINT('',(-0.0600749914,-0.00389999999991435,-2.58470625104702E-8));
#1372=CARTESIAN_POINT('',(-0.0151350000050001,-0.00389999999991435,-2.58470625104702E-8));
#1373=CARTESIAN_POINT('',(-0.0151350000050001,-3.46529215146658E-49,2.38806125833729E-19));
#1374=CARTESIAN_POINT('',(-0.0151350000050001,0.00389999999991435,-2.58470625108469E-8));
#1375=CARTESIAN_POINT('',(-0.0600749914,0.00389999999991435,-2.58470625108469E-8));
#1376=CARTESIAN_POINT('',(-0.0651549914,5.11280570990821E-48,2.38806125833716E-19));
#1377=CARTESIAN_POINT('',(-0.0651549914,5.11280570990821E-48,0.0039));
#1378=CARTESIAN_POINT('',(0.0296150066,-1.23386301489781E-48,1.94412679364651E-19));
#1379=CARTESIAN_POINT('',(0.0296150066,-0.00264179584137732,-0.00176111888652682));
#1380=CARTESIAN_POINT('',(0.0283150066,-0.00264179584137732,-0.00176111888652683));
#1381=CARTESIAN_POINT('',(0.0151349999949999,-0.00264179584137732,-0.00176111888652683));
#1382=CARTESIAN_POINT('',(0.0283150066,-1.09197703675366E-48,1.9441267936465E-19));
#1383=CARTESIAN_POINT('',(0.0283150066,0.00264179584137732,-0.00176111888652683));
#1384=CARTESIAN_POINT('',(0.0296150066,0.00264179584137732,-0.00176111888652683));
#1385=CARTESIAN_POINT('',(0.0151349999949999,0.00264179584137732,-0.00176111888652683));
#1386=CARTESIAN_POINT('',(0.0151349999949999,3.46529216397805E-49,1.94412679364647E-19));
#1387=CARTESIAN_POINT('',(-0.0159050000000482,-0.0166917805190005,-0.0176750000000005));
#1388=CARTESIAN_POINT('',(-0.0167225000025001,-0.0166917805190005,-0.014499689619568));
#1389=CARTESIAN_POINT('',(-0.0151350000050001,-0.0166917805190005,-0.014499689619568));
#1390=CARTESIAN_POINT('',(-0.02847,-0.0166917805190005,-0.0144996707695477));
#1391=CARTESIAN_POINT('',(-0.02847,-0.0166917805190005,-0.0144996519195274));
#1392=CARTESIAN_POINT('',(-0.0301633333333333,-0.0166917805190005,-0.0144996519195274));
#1393=CARTESIAN_POINT('',(-0.03101,-0.0166917805190005,-0.0153463834425726));
#1394=CARTESIAN_POINT('',(-0.03101,-0.0166917805190005,-0.0170398464886632));
#1395=CARTESIAN_POINT('',(-0.03101,-0.0166917805190005,-0.0170398464886631));
#1396=CARTESIAN_POINT('',(-0.03101,-0.0166917805190005,-0.0176750000000005));
#1397=CARTESIAN_POINT('',(-0.03101,-0.0166917805190005,-0.0176750000000005));
#1398=CARTESIAN_POINT('',(-0.0159050000000482,-0.0166917805190005,-0.0176750000000005));
#1399=CARTESIAN_POINT('',(0.0296150066,-0.0166917805190005,-0.0176750000000005));
#1400=CARTESIAN_POINT('',(0.0296150066,-0.0166917805190005,-0.0176750000000005));
#1401=CARTESIAN_POINT('',(0.0296150066,-0.0166917805190005,-0.014499689619568));
#1402=CARTESIAN_POINT('',(0.0167224999974999,-0.0166917805190005,-0.014499689619568));
#1403=CARTESIAN_POINT('',(0.0151349999949999,-0.0166917805190005,-0.014499689619568));
#1404=CARTESIAN_POINT('',(0.0151349999949999,-0.0166917805190005,0.0159799999999996));
#1405=CARTESIAN_POINT('',(0.0151349999949999,-0.0166917805190005,-0.0145000000000004));
#1406=CARTESIAN_POINT('',(-0.0159050000000482,-0.0166917805190005,-0.0145000000000004));
#1407=CARTESIAN_POINT('',(-0.0151350000050001,-0.0166917805190005,-0.0145000000000004));
#1408=CARTESIAN_POINT('',(-0.0151350000050001,-0.0166917805190005,-0.0176750000000005));
#1409=CARTESIAN_POINT('',(-0.015905,0.0209282194810039,-0.0176750000000004));
#1410=CARTESIAN_POINT('',(-0.03101,0.0209282194810039,-0.0176750000000004));
#1411=CARTESIAN_POINT('',(-0.03101,0.0209282194810039,-0.0176750000000004));
#1412=CARTESIAN_POINT('',(-0.03101,0.0209282194810039,-0.0170395102498282));
#1413=CARTESIAN_POINT('',(-0.03101,0.0209282194810039,-0.0170395102498282));
#1414=CARTESIAN_POINT('',(-0.03101,0.0209282194810039,-0.0153461306161302));
#1415=CARTESIAN_POINT('',(-0.0301633333333333,0.0209282194810039,-0.0144994407992812));
#1416=CARTESIAN_POINT('',(-0.02847,0.0209282194810039,-0.0144994407992812));
#1417=CARTESIAN_POINT('',(-0.02847,0.0209282199548078,-0.0144994915322705));
#1418=CARTESIAN_POINT('',(-0.0167225000025001,0.0209282194810039,-0.0144995422564086));
#1419=CARTESIAN_POINT('',(-0.0151350000050001,0.0209282194810039,-0.0144995422564086));
#1420=CARTESIAN_POINT('',(-0.0151350000050001,0.0209282194810039,0.0159799999999996));
#1421=CARTESIAN_POINT('',(-0.0151350000050001,0.0209282194810039,-0.0145000000000004));
#1422=CARTESIAN_POINT('',(-0.015905,0.0209282194810039,-0.0145000000000004));
#1423=CARTESIAN_POINT('',(0.0151349999949999,0.0209282194810039,-0.0145000000000004));
#1424=CARTESIAN_POINT('',(0.0151349999949999,0.0209282194810039,-0.0176750000000004));
#1425=CARTESIAN_POINT('',(0.0151349999949999,0.0209282194810039,-0.0144995422564086));
#1426=CARTESIAN_POINT('',(0.0167224999974999,0.0209282194810039,-0.0144995422564086));
#1427=CARTESIAN_POINT('',(0.0296150066,0.0209282194810039,-0.0144995422564086));
#1428=CARTESIAN_POINT('',(0.0296150066,0.0209282194810039,-0.0176750000000004));
#1429=CARTESIAN_POINT('',(0.0296150066,0.0209282194810039,-0.0176750000000004));
#1430=CARTESIAN_POINT('',(-0.015905,0.0209282194810039,-0.0176750000000004));
#1431=CARTESIAN_POINT('',(0.0151349999949999,0.00211821948100175,0.0159799999999996));
#1432=CARTESIAN_POINT('',(0.0151349999949999,-0.00590875864396486,0.00393899720819831));
#1433=CARTESIAN_POINT('',(0.0151349999949999,0.00538767436674241,-0.00359162314252857));
#1434=CARTESIAN_POINT('',(0.0151349999949999,-0.006032864647392,0.00782891587160583));
#1435=CARTESIAN_POINT('',(0.0151349999949999,0.0129482817331765,-0.0111522305089627));
#1436=CARTESIAN_POINT('',(0.0151349999949999,0.0210305122421388,-0.00307000000000042));
#1437=CARTESIAN_POINT('',(0.0151349999949999,0.00211821948100176,-0.0145000000000004));
#1438=CARTESIAN_POINT('',(0.0151349999949999,-0.0167168922035854,-0.0134840000000004));
#1439=CARTESIAN_POINT('',(0.0151349999949999,-0.0159984717138998,-0.014202420489686));
#1440=CARTESIAN_POINT('',(0.0151349999949999,0.00815108412839375,0.00994713535260758));
#1441=CARTESIAN_POINT('',(0.0151349999949999,-0.00538767436674241,-0.00359162314252857));
#1442=CARTESIAN_POINT('',(0.0151349999949999,0.00884175820961282,0.00589424327541319));
#1443=CARTESIAN_POINT('',(-0.0151350000050001,0.00211821948228693,0.0159799999999996));
#1444=CARTESIAN_POINT('',(-0.0151350000050001,0.00211821948228694,-0.0145000000000004));
#1445=CARTESIAN_POINT('',(-0.0151350000050001,0.0210305122421388,-0.00307000000000042));
#1446=CARTESIAN_POINT('',(-0.0151350000050001,0.0129482817331765,-0.0111522305089627));
#1447=CARTESIAN_POINT('',(-0.0151350000050001,-0.00603286464674941,0.00782891587096323));
#1448=CARTESIAN_POINT('',(-0.0151350000050001,0.00538767436674241,-0.00359162314252857));
#1449=CARTESIAN_POINT('',(-0.0151350000050001,0.0089792379998028,-5.95094681761499E-8));
#1450=CARTESIAN_POINT('',(-0.0151350000050001,-0.0089792379998028,-5.95094681752825E-8));
#1451=CARTESIAN_POINT('',(-0.0151350000050001,-0.00538767436674241,-0.00359162314252857));
#1452=CARTESIAN_POINT('',(-0.0151350000050001,0.00815108412903634,0.00994713535325017));
#1453=CARTESIAN_POINT('',(-0.0151350000050001,-0.0159984717138998,-0.014202420489686));
#1454=CARTESIAN_POINT('',(-0.0151350000050001,-0.0167168922035854,-0.0134840000000004));
#1455=CARTESIAN_POINT('',(3.93197857446101E-33,0.00211821948100176,-0.0145000000000004));
#1456=CARTESIAN_POINT('',(0.006,0.013618219484999,-0.0144999999999982));
#1457=CARTESIAN_POINT('',(0.006,0.0147682194850631,-0.0144999999999982));
#1458=CARTESIAN_POINT('',(5.97661217679692E-29,0.013818219484999,-0.0145000000001119));
#1459=CARTESIAN_POINT('',(0.00165000000011578,0.013818219484999,-0.0145000000001119));
#1460=CARTESIAN_POINT('',(-0.006,0.013618219484999,-0.0144999999999982));
#1461=CARTESIAN_POINT('',(-0.006,0.0147682194850631,-0.0144999999999982));
#1462=CARTESIAN_POINT('',(0.0119,0.0136182194809998,-0.0145000000000004));
#1463=CARTESIAN_POINT('',(0.0119,0.0151682194809999,-0.0145000000000004));
#1464=CARTESIAN_POINT('',(-0.0119,0.0136182194810002,-0.0145000000000004));
#1465=CARTESIAN_POINT('',(-0.0119,0.0151682194810002,-0.0145000000000004));
#1466=CARTESIAN_POINT('',(-0.01,-0.00988178051500099,-0.0144999999999413));
#1467=CARTESIAN_POINT('',(-0.00835000000001728,-0.00988178051500099,-0.0144999999999413));
#1468=CARTESIAN_POINT('',(-0.006,-0.00838178051500099,-0.0144999999999982));
#1469=CARTESIAN_POINT('',(-0.006,-0.00723178051498507,-0.0144999999999982));
#1470=CARTESIAN_POINT('',(0.006,-0.00838178051500099,-0.0144999999999982));
#1471=CARTESIAN_POINT('',(0.006,-0.00723178051498507,-0.0144999999999982));
#1472=CARTESIAN_POINT('',(0.01,-0.00988178051500099,-0.0144999999999982));
#1473=CARTESIAN_POINT('',(0.01,-0.00823178051490458,-0.0144999999999982));
#1474=CARTESIAN_POINT('',(-0.0131499999999907,-0.00253178052000012,-0.0145000000000004));
#1475=CARTESIAN_POINT('',(-0.0131499999998486,-0.00253178051911764,-0.0145000000000004));
#1476=CARTESIAN_POINT('',(-0.0131499999999925,0.00866821948028509,-0.0145000000000004));
#1477=CARTESIAN_POINT('',(-0.0119500000007773,0.0098682194787799,-0.0145000000000004));
#1478=CARTESIAN_POINT('',(-0.012232842712838,0.00986821947967315,-0.0145000000000004));
#1479=CARTESIAN_POINT('',(-0.0129056349185285,0.00962385439955049,-0.0145000000000004));
#1480=CARTESIAN_POINT('',(-0.0131499999999967,0.00895106219290344,-0.0145000000000004));
#1481=CARTESIAN_POINT('',(-0.0131499999999943,0.00866821948021378,-0.0145000000000004));
#1482=CARTESIAN_POINT('',(-0.0119500000009206,0.00986821947877992,-0.0145000000000004));
#1483=CARTESIAN_POINT('',(-0.011950000011,0.00986821947877992,-0.0145000000000004));
#1484=CARTESIAN_POINT('',(0.0119500000020715,0.00986821947881595,-0.0145000000000004));
#1485=CARTESIAN_POINT('',(0.013149999999997,0.00866821948040261,-0.0145000000000004));
#1486=CARTESIAN_POINT('',(0.0131499999999981,0.00895106219263258,-0.0145000000000004));
#1487=CARTESIAN_POINT('',(0.0129056349185236,0.0096238543990434,-0.0145000000000004));
#1488=CARTESIAN_POINT('',(0.0122328427133204,0.0098682194797163,-0.0145000000000004));
#1489=CARTESIAN_POINT('',(0.0119500000015536,0.00986821947885197,-0.0145000000000004));
#1490=CARTESIAN_POINT('',(0.0131499999998807,0.00866821948032208,-0.0145000000000004));
#1491=CARTESIAN_POINT('',(0.0131499999999969,0.00866821948099972,-0.0145000000000003));
#1492=CARTESIAN_POINT('',(0.0131499999999973,-0.00253178051911416,-0.0145000000000003));
#1493=CARTESIAN_POINT('',(0.0119499999998109,-0.00373178051658314,-0.0145000000000004));
#1494=CARTESIAN_POINT('',(0.0122328427122603,-0.00373178051795823,-0.0145000000000004));
#1495=CARTESIAN_POINT('',(0.0129056349185337,-0.00348741543855902,-0.0145000000000004));
#1496=CARTESIAN_POINT('',(0.0131499999999986,-0.00281462323183057,-0.0145000000000004));
#1497=CARTESIAN_POINT('',(0.0131499999999978,-0.00253178051909139,-0.0145000000000004));
#1498=CARTESIAN_POINT('',(0.0119499999995425,-0.00373178051658314,-0.0145000000000004));
#1499=CARTESIAN_POINT('',(0.01195,-0.00373178051658314,-0.0145000000000003));
#1500=CARTESIAN_POINT('',(-0.011950000000542,-0.00373178051705916,-0.0145000000000003));
#1501=CARTESIAN_POINT('',(-0.0131499999999907,-0.00253178051911684,-0.0145000000000004));
#1502=CARTESIAN_POINT('',(-0.0131499999999945,-0.00281462323183605,-0.0145000000000004));
#1503=CARTESIAN_POINT('',(-0.0129056349185319,-0.00348741543855264,-0.0145000000000004));
#1504=CARTESIAN_POINT('',(-0.0122328427124573,-0.00373178051852704,-0.0145000000000004));
#1505=CARTESIAN_POINT('',(-0.0119500000001564,-0.00373178051753519,-0.0145000000000004));
#1506=CARTESIAN_POINT('',(-0.0131499999999907,-0.00253178052000012,-0.0176750000000004));
#1507=CARTESIAN_POINT('',(-0.0131499999998486,-0.00253178051911764,-0.0176750000000004));
#1508=CARTESIAN_POINT('',(-0.0131499999998486,-0.00253178051911764,-0.0176750000000004));
#1509=CARTESIAN_POINT('',(-0.0131499999999907,-0.00253178052000012,-0.0176750000000004));
#1510=CARTESIAN_POINT('',(-0.0131499999999925,0.00866821948028509,-0.0176750000000004));
#1511=CARTESIAN_POINT('',(-0.0131499999999925,0.00866821948028509,-0.0176750000000004));
#1512=CARTESIAN_POINT('',(-0.0119500000029977,-0.00253178052094383,-0.0176750000000005));
#1513=CARTESIAN_POINT('',(-0.011950000000542,-0.00373178051705916,-0.0176750000000004));
#1514=CARTESIAN_POINT('',(-0.011950000000542,-0.00373178051705916,-0.0176750000000004));
#1515=CARTESIAN_POINT('',(-0.0131499999999907,-0.00253178051911685,-0.0176750000000004));
#1516=CARTESIAN_POINT('',(-0.0131499999999945,-0.00281462323183605,-0.0176750000000004));
#1517=CARTESIAN_POINT('',(-0.0129056349185319,-0.00348741543855264,-0.0176750000000004));
#1518=CARTESIAN_POINT('',(-0.0122328427124573,-0.00373178051852704,-0.0176750000000004));
#1519=CARTESIAN_POINT('',(-0.0119500000001564,-0.0037317805175352,-0.0176750000000004));
#1520=CARTESIAN_POINT('',(0.01195,-0.00373178051658314,-0.0176750000000004));
#1521=CARTESIAN_POINT('',(0.0119499999995425,-0.00373178051658314,-0.0176750000000004));
#1522=CARTESIAN_POINT('',(0.0119499999995425,-0.00373178051658314,-0.0176750000000004));
#1523=CARTESIAN_POINT('',(0.01195,-0.00373178051658314,-0.0176750000000004));
#1524=CARTESIAN_POINT('',(0.0119500000042788,-0.0025317805213247,-0.0176750000000005));
#1525=CARTESIAN_POINT('',(0.0131499999999973,-0.00253178051911416,-0.0176750000000004));
#1526=CARTESIAN_POINT('',(0.0131499999999973,-0.00253178051911416,-0.0176750000000004));
#1527=CARTESIAN_POINT('',(0.011949999999811,-0.00373178051658315,-0.0176750000000004));
#1528=CARTESIAN_POINT('',(0.0122328427122603,-0.00373178051795823,-0.0176750000000004));
#1529=CARTESIAN_POINT('',(0.0129056349185338,-0.00348741543855902,-0.0176750000000004));
#1530=CARTESIAN_POINT('',(0.0131499999999986,-0.00281462323183058,-0.0176750000000004));
#1531=CARTESIAN_POINT('',(0.0131499999999978,-0.0025317805190914,-0.0176750000000004));
#1532=CARTESIAN_POINT('',(0.0131499999999969,0.00866821948099972,-0.0176750000000003));
#1533=CARTESIAN_POINT('',(0.0131499999998807,0.00866821948032208,-0.0176750000000004));
#1534=CARTESIAN_POINT('',(0.0131499999998807,0.00866821948032208,-0.0176750000000004));
#1535=CARTESIAN_POINT('',(0.0131499999999969,0.00866821948099972,-0.0176750000000003));
#1536=CARTESIAN_POINT('',(0.0119500000022522,0.00866821948164131,-0.0176750000000003));
#1537=CARTESIAN_POINT('',(0.0119500000020715,0.00986821947881595,-0.0176750000000004));
#1538=CARTESIAN_POINT('',(0.0119500000020715,0.00986821947881595,-0.0176750000000004));
#1539=CARTESIAN_POINT('',(0.013149999999997,0.00866821948040261,-0.0176750000000004));
#1540=CARTESIAN_POINT('',(0.0131499999999981,0.00895106219263257,-0.0176750000000004));
#1541=CARTESIAN_POINT('',(0.0129056349185236,0.00962385439904339,-0.0176750000000004));
#1542=CARTESIAN_POINT('',(0.0122328427133204,0.0098682194797163,-0.0176750000000004));
#1543=CARTESIAN_POINT('',(0.0119500000015537,0.00986821947885196,-0.0176750000000004));
#1544=CARTESIAN_POINT('',(-0.011950000011,0.00986821947877992,-0.0176750000000004));
#1545=CARTESIAN_POINT('',(-0.0119500000009206,0.00986821947877992,-0.0176750000000004));
#1546=CARTESIAN_POINT('',(-0.0119500000009206,0.00986821947877992,-0.0176750000000004));
#1547=CARTESIAN_POINT('',(-0.011950000011,0.00986821947877992,-0.0176750000000004));
#1548=CARTESIAN_POINT('',(0.01,-0.00988178051500099,-0.0176749999999982));
#1549=CARTESIAN_POINT('',(0.01,-0.00988178051500099,-0.0176749999999982));
#1550=CARTESIAN_POINT('',(0.01,-0.00823178051490458,-0.0176749999999982));
#1551=CARTESIAN_POINT('',(0.006,-0.00838178051500099,-0.0176749999999982));
#1552=CARTESIAN_POINT('',(0.006,-0.00838178051500099,-0.0176749999999982));
#1553=CARTESIAN_POINT('',(0.006,-0.00723178051498507,-0.0176749999999982));
#1554=CARTESIAN_POINT('',(-0.006,-0.00838178051500099,-0.0176749999999982));
#1555=CARTESIAN_POINT('',(-0.006,-0.00838178051500099,-0.0176749999999982));
#1556=CARTESIAN_POINT('',(-0.006,-0.00723178051498507,-0.0176749999999982));
#1557=CARTESIAN_POINT('',(-0.01,-0.00988178051500099,-0.0176749999999413));
#1558=CARTESIAN_POINT('',(-0.01,-0.00988178051500099,-0.0176749999999413));
#1559=CARTESIAN_POINT('',(-0.00835000000001728,-0.00988178051500099,-0.0176749999999413));
#1560=CARTESIAN_POINT('',(-0.0119,0.0136182194810002,-0.0176750000000004));
#1561=CARTESIAN_POINT('',(-0.0119,0.0136182194810002,-0.0176750000000004));
#1562=CARTESIAN_POINT('',(-0.0119,0.0151682194810002,-0.0176750000000004));
#1563=CARTESIAN_POINT('',(0.0119,0.0136182194809998,-0.0176750000000004));
#1564=CARTESIAN_POINT('',(0.0119,0.0136182194809998,-0.0176750000000004));
#1565=CARTESIAN_POINT('',(0.0119,0.0151682194809999,-0.0176750000000004));
#1566=CARTESIAN_POINT('',(-0.006,0.013618219484999,-0.0176749999999982));
#1567=CARTESIAN_POINT('',(-0.006,0.013618219484999,-0.0176749999999982));
#1568=CARTESIAN_POINT('',(-0.006,0.0147682194850631,-0.0176749999999982));
#1569=CARTESIAN_POINT('',(5.97669827356915E-29,0.013818219484999,-0.0176750000001119));
#1570=CARTESIAN_POINT('',(5.97669827356915E-29,0.013818219484999,-0.0176750000001119));
#1571=CARTESIAN_POINT('',(0.00165000000011578,0.013818219484999,-0.0176750000001119));
#1572=CARTESIAN_POINT('',(0.006,0.013618219484999,-0.0176749999999982));
#1573=CARTESIAN_POINT('',(0.006,0.013618219484999,-0.0176749999999982));
#1574=CARTESIAN_POINT('',(0.006,0.0147682194850631,-0.0176749999999982));
#1575=CARTESIAN_POINT('',(-0.011950000002794,0.00866821948202635,-0.0176750000000004));
#1576=CARTESIAN_POINT('',(-0.0119500000007773,0.00986821947877989,-0.0176750000000004));
#1577=CARTESIAN_POINT('',(-0.012232842712838,0.00986821947967315,-0.0176750000000004));
#1578=CARTESIAN_POINT('',(-0.0129056349185285,0.00962385439955049,-0.0176750000000004));
#1579=CARTESIAN_POINT('',(-0.0131499999999967,0.00895106219290344,-0.0176750000000004));
#1580=CARTESIAN_POINT('',(-0.0131499999999943,0.00866821948021378,-0.0176750000000004));
#1581=CARTESIAN_POINT('',(4.79294629679986E-33,0.00211821948100176,-0.0176750000000004));
#1582=CARTESIAN_POINT('',(-0.03101,-0.0145367805184733,-0.0176750000000005));
#1583=CARTESIAN_POINT('',(0.0296150066,0.0187732194814699,-0.0176750000000004));
#1584=CARTESIAN_POINT('',(0.0283150066,-0.006,9.18485099360592E-20));
#1585=CARTESIAN_POINT('',(0.0283150066,-0.006,9.18485099360592E-20));
#1586=CARTESIAN_POINT('',(0.0283150066,-0.006,-0.0015));
#1587=CARTESIAN_POINT('',(0.0296150066,-0.006,9.18485099360595E-20));
#1588=CARTESIAN_POINT('',(0.0296150066,-0.006,-0.0015));
#1589=CARTESIAN_POINT('',(0.0283150066,-9.18485099360515E-20,0.006));
#1590=CARTESIAN_POINT('',(0.0283150066,-9.18485099360515E-20,0.006));
#1591=CARTESIAN_POINT('',(0.0283150066,-9.18485099360515E-20,0.0045));
#1592=CARTESIAN_POINT('',(0.0296150066,-9.18485099360515E-20,0.006));
#1593=CARTESIAN_POINT('',(0.0296150066,-9.18485099360515E-20,0.0045));
#1594=CARTESIAN_POINT('',(0.0283150066,0.006,9.18485099360592E-20));
#1595=CARTESIAN_POINT('',(0.0283150066,0.006,9.18485099360592E-20));
#1596=CARTESIAN_POINT('',(0.0283150066,0.006,-0.0015));
#1597=CARTESIAN_POINT('',(0.0296150066,0.006,9.18485099360595E-20));
#1598=CARTESIAN_POINT('',(0.0296150066,0.006,-0.0015));
#1599=CARTESIAN_POINT('',(0.0283150066,1.41885978144158E-49,4.89859295242945E-19));
#1600=CARTESIAN_POINT('',(0.0296150066,1.44980842775817E-95,4.89859295242945E-19));
#1601=CARTESIAN_POINT('',(0.0296150066,0.00799581869451889,0.000258908872908243));
#1602=CARTESIAN_POINT('',(0.0296150066,-0.00799581869451889,0.00025890887290824));
#1603=CARTESIAN_POINT('',(0.0296150066,0.00799581869451889,0.000258908872908247));
#1604=CARTESIAN_POINT('',(0.0291816732666667,0.00799581869451889,0.000258908872908247));
#1605=CARTESIAN_POINT('',(0.0287483399333333,0.00799581869451889,0.000258908872908247));
#1606=CARTESIAN_POINT('',(0.0283150066,0.00799581869451889,0.000258908872908247));
#1607=CARTESIAN_POINT('',(0.0283150066,0.00799581869451889,0.000258908872908243));
#1608=CARTESIAN_POINT('',(0.0283150066,1.41885978144158E-49,4.89859295242945E-19));
#1609=CARTESIAN_POINT('',(0.0283150066,-0.00799581869451889,0.00025890887290824));
#1610=CARTESIAN_POINT('',(0.0283150066,-0.00799581869451889,0.000258908872908263));
#1611=CARTESIAN_POINT('',(0.0287483399333333,-0.00799581869451889,0.000258908872908263));
#1612=CARTESIAN_POINT('',(0.0291816732666667,-0.00799581869451889,0.000258908872908263));
#1613=CARTESIAN_POINT('',(0.0296150066,-0.00799581869451889,0.000258908872908263));
#1614=CARTESIAN_POINT('',(0.0283150066,-3.09038646738406E-48,7.67820684737372E-33));
#1615=CARTESIAN_POINT('',(0.0283150066,0.00799581869451889,0.000258908872908243));
#1616=CARTESIAN_POINT('',(0.0283150066,0.00806494569514571,-0.00187592319251831));
#1617=CARTESIAN_POINT('',(0.0283150066,0.00871079101374058,-0.00503240775911101));
#1618=CARTESIAN_POINT('',(0.0283150066,0.0108064703000571,-0.00876443000075723));
#1619=CARTESIAN_POINT('',(0.0283150066,0.0121792522484152,-0.0103832010242014));
#1620=CARTESIAN_POINT('',(0.0283150066,0.0129342299131083,-0.0111381786888945));
#1621=CARTESIAN_POINT('',(0.0283150066,0.0129342299131083,-0.0111381786888945));
#1622=CARTESIAN_POINT('',(0.0283150066,0.000898025612106913,0.000898025612106913));
#1623=CARTESIAN_POINT('',(0.0283150066,0.00538767436674241,-0.00359162314252857));
#1624=CARTESIAN_POINT('',(0.0283150066,-2.40555454838128E-19,-3.60849233446853E-19));
#1625=CARTESIAN_POINT('',(0.0283150066,-3.09038646738406E-48,7.67820684737372E-33));
#1626=CARTESIAN_POINT('',(0.0283150066,-0.00538767436674241,-0.00359162314252857));
#1627=CARTESIAN_POINT('',(0.0283150066,-0.000898025612106919,0.000898025612106919));
#1628=CARTESIAN_POINT('',(0.0283150066,-0.0129342299131083,-0.0111381786888945));
#1629=CARTESIAN_POINT('',(0.0283150066,-0.0129342299131083,-0.0111381786888945));
#1630=CARTESIAN_POINT('',(0.0283150066,-0.011423884507284,-0.00962783328307017));
#1631=CARTESIAN_POINT('',(0.0283150066,-0.00956251001307276,-0.00699804317985117));
#1632=CARTESIAN_POINT('',(0.0283150066,-0.00827268289034161,-0.00291684143567027));
#1633=CARTESIAN_POINT('',(0.0283150066,-0.00803037326812783,-0.000808231478598273));
#1634=CARTESIAN_POINT('',(0.0283150066,-0.00799581869451889,0.00025890887290824));
#1635=CARTESIAN_POINT('',(0.0296150066,0.00211821948100175,-0.000847500000000424));
#1636=CARTESIAN_POINT('',(0.0296150066,0.0191221353528421,-0.0173260841286283));
#1637=CARTESIAN_POINT('',(0.0296150066,0.0129342299131083,-0.0111381786888945));
#1638=CARTESIAN_POINT('',(0.0296150066,0.0129482817331765,-0.0111522305089627));
#1639=CARTESIAN_POINT('',(0.0296150066,0.0129342299131083,-0.0111381786888945));
#1640=CARTESIAN_POINT('',(0.0296150066,0.011423884507284,-0.00962783328307017));
#1641=CARTESIAN_POINT('',(0.0296150066,0.00956251001307277,-0.00699804317985117));
#1642=CARTESIAN_POINT('',(0.0296150066,0.0082726828903416,-0.00291684143567027));
#1643=CARTESIAN_POINT('',(0.0296150066,0.00803037326812783,-0.000808231478598271));
#1644=CARTESIAN_POINT('',(0.0296150066,0.00799581869451889,0.000258908872908243));
#1645=CARTESIAN_POINT('',(0.0296150066,-0.00799581869451889,0.00025890887290824));
#1646=CARTESIAN_POINT('',(0.0296150066,-0.00806494569514571,-0.00187592319251831));
#1647=CARTESIAN_POINT('',(0.0296150066,-0.00871079101374058,-0.00503240775911101));
#1648=CARTESIAN_POINT('',(0.0296150066,-0.0108064703000571,-0.00876443000075723));
#1649=CARTESIAN_POINT('',(0.0296150066,-0.0121792522484152,-0.0103832010242014));
#1650=CARTESIAN_POINT('',(0.0296150066,-0.0129342299131083,-0.0111381786888945));
#1651=CARTESIAN_POINT('',(0.0296150066,-0.0129342299131083,-0.0111381786888945));
#1652=CARTESIAN_POINT('',(0.0296150066,-0.000348915871372153,0.00144713535284168));
#1653=CARTESIAN_POINT('',(0.0296150066,-0.0159984717138998,-0.014202420489686));
#1654=CARTESIAN_POINT('',(0.0296150066,-0.0167168922035854,-0.0134840000000004));
#1655=CARTESIAN_POINT('',(0.0296150066,0.0210305122421388,-0.00307000000000042));
#1656=CARTESIAN_POINT('',(0.02487,-0.00519058828821842,-0.00339453706400459));
#1657=CARTESIAN_POINT('',(-0.01831,-0.0053876743667424,-0.00359162314252857));
#1658=CARTESIAN_POINT('',(-0.032319486419081,-0.0053876743667424,-0.00359162314252857));
#1659=CARTESIAN_POINT('',(-0.0323194864190811,-0.0053876743667424,-0.00359162314252857));
#1660=CARTESIAN_POINT('',(-0.0316987890306603,-0.00589121614921146,-0.00409516492499763));
#1661=CARTESIAN_POINT('',(-0.0306036184518821,-0.00695371777398241,-0.00515766654976858));
#1662=CARTESIAN_POINT('',(-0.0293891069987909,-0.00873190960300701,-0.00693585837879318));
#1663=CARTESIAN_POINT('',(-0.0286341244981158,-0.0106399851867907,-0.00884393396257684));
#1664=CARTESIAN_POINT('',(-0.0284700000007875,-0.0119398270033132,-0.0101437757790994));
#1665=CARTESIAN_POINT('',(-0.0284700000000001,-0.0126015955802833,-0.0108055443560695));
#1666=CARTESIAN_POINT('',(-0.02847,-0.0126015955802833,-0.0108055443560695));
#1667=CARTESIAN_POINT('',(-0.0284700000000001,-0.0126015955802833,-0.0108055443560695));
#1668=CARTESIAN_POINT('',(-0.0284700000000001,-0.0137338876248221,-0.0119378364006083));
#1669=CARTESIAN_POINT('',(-0.0284700000000001,-0.014866179669361,-0.0130701284451471));
#1670=CARTESIAN_POINT('',(-0.0284700000000001,-0.0159984717138998,-0.014202420489686));
#1671=CARTESIAN_POINT('',(-0.02847,-0.0159984717138998,-0.014202420489686));
#1672=CARTESIAN_POINT('',(-0.0151350000050001,-0.0159984717138998,-0.014202420489686));
#1673=CARTESIAN_POINT('',(0.02487,0.00738989393509475,-0.00559384271088091));
#1674=CARTESIAN_POINT('',(0.02487,0.0129482817331765,-0.0111522305089627));
#1675=CARTESIAN_POINT('',(-0.02847,0.0129482817331765,-0.0111522305089627));
#1676=CARTESIAN_POINT('',(-0.02847,0.0129482817331765,-0.0111522305089627));
#1677=CARTESIAN_POINT('',(-0.02847,0.0128327196822121,-0.0110366684579983));
#1678=CARTESIAN_POINT('',(-0.02847,0.0127171576312477,-0.0109211064070339));
#1679=CARTESIAN_POINT('',(-0.02847,0.0126015955802833,-0.0108055443560695));
#1680=CARTESIAN_POINT('',(-0.02847,0.0126015955802833,-0.0108055443560695));
#1681=CARTESIAN_POINT('',(-0.02847,0.0126015955802833,-0.0108055443560695));
#1682=CARTESIAN_POINT('',(-0.0284700000007872,0.011940004760078,-0.0101439535358641));
#1683=CARTESIAN_POINT('',(-0.028634094674729,0.0106404220306944,-0.00884437080648053));
#1684=CARTESIAN_POINT('',(-0.0293892113806428,0.00873171382507998,-0.00693566260086614));
#1685=CARTESIAN_POINT('',(-0.0306032307478605,0.00695406404178688,-0.00515801281757304));
#1686=CARTESIAN_POINT('',(-0.0316986220196972,0.00589135163712995,-0.00409530041291611));
#1687=CARTESIAN_POINT('',(-0.032319486419081,0.00538767436674241,-0.00359162314252857));
#1688=CARTESIAN_POINT('',(-0.032319486419081,0.00538767436674241,-0.00359162314252857));
#1689=CARTESIAN_POINT('',(0.02487,0.00538767436674241,-0.00359162314252857));
#1690=CARTESIAN_POINT('',(0.02487,0.00738989393509475,-0.00559384271088091));
#1691=CARTESIAN_POINT('',(0.0283150066,0.0129342299131083,-0.0111381786888945));
#1692=CARTESIAN_POINT('',(0.0287483399333333,0.0129342299131083,-0.0111381786888945));
#1693=CARTESIAN_POINT('',(0.0291816732666667,0.0129342299131083,-0.0111381786888945));
#1694=CARTESIAN_POINT('',(0.0296150066,0.0129342299131083,-0.0111381786888945));
#1695=CARTESIAN_POINT('',(0.02487,0.0129482817331765,-0.0111522305089627));
#1696=CARTESIAN_POINT('',(0.01831,0.00538767436674241,-0.00359162314252857));
#1697=CARTESIAN_POINT('',(0.02487,-0.00519058828821842,-0.00339453706400459));
#1698=CARTESIAN_POINT('',(0.0296150066,-0.0129342299131083,-0.0111381786888945));
#1699=CARTESIAN_POINT('',(0.0291816732666667,-0.0129342299131083,-0.0111381786888945));
#1700=CARTESIAN_POINT('',(0.0287483399333333,-0.0129342299131083,-0.0111381786888945));
#1701=CARTESIAN_POINT('',(0.0283150066,-0.0129342299131083,-0.0111381786888945));
#1702=CARTESIAN_POINT('',(0.02487,-0.0053876743667424,-0.00359162314252857));
#1703=CARTESIAN_POINT('',(0.01831,-0.0159984717138998,-0.014202420489686));
#1704=CARTESIAN_POINT('',(3.65646890331258E-33,-0.0167168922035854,-0.0134840000000004));
#1705=CARTESIAN_POINT('',(-0.02847,-0.0159984717138998,-0.0142024204896859));
#1706=CARTESIAN_POINT('',(-0.02847,-0.0161806341648485,-0.0143845829406346));
#1707=CARTESIAN_POINT('',(-0.02847,-0.0164342421474211,-0.0144933221798922));
#1708=CARTESIAN_POINT('',(-0.02847,-0.0166917800532328,-0.0144996896080523));
#1709=CARTESIAN_POINT('',(3.65646890331258E-33,-0.0167168922035854,-0.0134840000000004));
#1710=CARTESIAN_POINT('',(0.02487,0.0210305122421388,-0.00307000000000042));
#1711=CARTESIAN_POINT('',(-0.02847,0.0209282195206679,-0.0144995422567636));
#1712=CARTESIAN_POINT('',(-0.02847,0.0194491442695772,-0.0144863047508954));
#1713=CARTESIAN_POINT('',(-0.02847,0.0164967956940185,-0.01387830789779));
#1714=CARTESIAN_POINT('',(-0.02847,0.0139941877590581,-0.0121981365348442));
#1715=CARTESIAN_POINT('',(-0.02847,0.0129482817331765,-0.0111522305089627));
#1716=CARTESIAN_POINT('',(0.02487,0.0210305122421388,-0.00307000000000042));
#1717=CARTESIAN_POINT('',(-0.0600749914,-0.0089792379998028,-5.95094681752825E-8));
#1718=CARTESIAN_POINT('',(-0.04371,-0.00389999999991435,-2.58470624981157E-8));
#1719=CARTESIAN_POINT('',(-0.0433616709924229,-0.00389999957642955,-6.39244321501268E-5));
#1720=CARTESIAN_POINT('',(-0.0427079976735488,-0.00390241122151465,-0.000185398864099095));
#1721=CARTESIAN_POINT('',(-0.0418586275388374,-0.0039111461117376,-0.000347968035450266));
#1722=CARTESIAN_POINT('',(-0.0412546379093447,-0.00392129962023483,-0.000468211904949336));
#1723=CARTESIAN_POINT('',(-0.0408968689919344,-0.00392891647848743,-0.000542092490912872));
#1724=CARTESIAN_POINT('',(-0.0406957075624475,-0.00393374576393444,-0.000584724982169818));
#1725=CARTESIAN_POINT('',(-0.0405893709034411,-0.00393640414787028,-0.000607515103231577));
#1726=CARTESIAN_POINT('',(-0.0403518886187145,-0.00394291231309672,-0.000659591987768272));
#1727=CARTESIAN_POINT('',(-0.0400853924789879,-0.00395106335432358,-0.000719535132674839));
#1728=CARTESIAN_POINT('',(-0.0396066137000899,-0.00396761233844551,-0.00083055082873459));
#1729=CARTESIAN_POINT('',(-0.0389590883280498,-0.00399633574490423,-0.000991146014414962));
#1730=CARTESIAN_POINT('',(-0.0383469170911294,-0.00403244204258353,-0.00115629075348359));
#1731=CARTESIAN_POINT('',(-0.037869168543963,-0.00406728124718615,-0.00129410817120418));
#1732=CARTESIAN_POINT('',(-0.0375481746876593,-0.00409350121819021,-0.00139034118819904));
#1733=CARTESIAN_POINT('',(-0.0371349133020547,-0.00413214902928729,-0.00152014095431576));
#1734=CARTESIAN_POINT('',(-0.0366309213311989,-0.00418681743251817,-0.00168673737407824));
#1735=CARTESIAN_POINT('',(-0.0357634142954164,-0.00430061700294566,-0.00199332908676435));
#1736=CARTESIAN_POINT('',(-0.0341636402084504,-0.0046024296884943,-0.00263715886030333));
#1737=CARTESIAN_POINT('',(-0.0330001441599516,-0.00501956963021625,-0.00322351840600242));
#1738=CARTESIAN_POINT('',(-0.032319486419081,-0.0053876743667424,-0.00359162314252857));
#1739=CARTESIAN_POINT('',(-0.0600749914,0.0089792379998028,-5.95094681761499E-8));
#1740=CARTESIAN_POINT('',(-0.032319486419081,0.00538767436674241,-0.00359162314252858));
#1741=CARTESIAN_POINT('',(-0.0330000944918116,0.0050195964911129,-0.00322354526689907));
#1742=CARTESIAN_POINT('',(-0.0341635562092235,0.00460246362229176,-0.00263721559634687));
#1743=CARTESIAN_POINT('',(-0.0357633452126251,0.00430063627767592,-0.00199337651357573));
#1744=CARTESIAN_POINT('',(-0.0366308887790633,0.00418682640020242,-0.00168676311416589));
#1745=CARTESIAN_POINT('',(-0.0371348858408405,0.00413215385370652,-0.00152015712837822));
#1746=CARTESIAN_POINT('',(-0.0375482110431887,0.00409349795645188,-0.00139032960373892));
#1747=CARTESIAN_POINT('',(-0.0378690505830598,0.00406728946972026,-0.00129413833498228));
#1748=CARTESIAN_POINT('',(-0.0383467185807993,0.00403245380246927,-0.00115634045042523));
#1749=CARTESIAN_POINT('',(-0.0389588338924361,0.00399634872809475,-0.000991210870628585));
#1750=CARTESIAN_POINT('',(-0.0396064062581057,0.00396762082674276,-0.000830603822318669));
#1751=CARTESIAN_POINT('',(-0.040085277400305,0.00395106754623462,-0.000719564800722909));
#1752=CARTESIAN_POINT('',(-0.0403518250403093,0.00394291435562349,-0.000659608112554351));
#1753=CARTESIAN_POINT('',(-0.0405893985665376,0.00393640337246409,-0.000607508848581267));
#1754=CARTESIAN_POINT('',(-0.0406956604884667,0.00393374682303242,-0.000584733875984896));
#1755=CARTESIAN_POINT('',(-0.0408967888550465,0.00392891803976027,-0.000542106924469372));
#1756=CARTESIAN_POINT('',(-0.0412544901806986,0.00392130223375158,-0.000468239012018646));
#1757=CARTESIAN_POINT('',(-0.0418584494693608,0.003911148337546,-0.000348000586214353));
#1758=CARTESIAN_POINT('',(-0.0427078595949202,0.00390241198347916,-0.000185424201424999));
#1759=CARTESIAN_POINT('',(-0.0433616158803666,0.00389999957636254,-6.39345420772815E-5));
#1760=CARTESIAN_POINT('',(-0.04371,0.00389999999991435,-2.58470624921E-8));
#1761=CARTESIAN_POINT('',(0.0296150066,0.00401473510405987,-0.0026763710145277));
#1762=CARTESIAN_POINT('',(0.0296150066,-0.00401473510405986,-0.0026763710145277));
#1763=CARTESIAN_POINT('',(-0.03101,-0.0145367805184733,-0.0176750000000005));
#1764=CARTESIAN_POINT('',(-0.03101,0.0108055443560695,-0.0126015955802833));
#1765=CARTESIAN_POINT('',(-0.03101,0.0109211064070339,-0.0127171576312477));
#1766=CARTESIAN_POINT('',(-0.03101,0.0110366684579983,-0.0128327196822121));
#1767=CARTESIAN_POINT('',(-0.03101,0.0111522305089627,-0.0129482817331765));
#1768=CARTESIAN_POINT('',(-0.03101,0.0108055443560695,-0.0126015955802833));
#1769=CARTESIAN_POINT('',(-0.03101,0.0111522305089626,-0.0129482817331765));
#1770=CARTESIAN_POINT('',(-0.03101,0.0111522305089627,-0.0129482817331765));
#1771=CARTESIAN_POINT('',(-0.03101,0.0118004503524872,-0.0135965015766971));
#1772=CARTESIAN_POINT('',(-0.03101,0.0131912114517849,-0.0147440443470633));
#1773=CARTESIAN_POINT('',(-0.03101,0.0156049928378302,-0.016037727609505));
#1774=CARTESIAN_POINT('',(-0.03101,0.0182123874599158,-0.0168466004080878));
#1775=CARTESIAN_POINT('',(-0.03101,0.0200092592061802,-0.0170324315151663));
#1776=CARTESIAN_POINT('',(-0.03101,0.0209282194810159,-0.0170395102498284));
#1777=CARTESIAN_POINT('',(-0.03101,-0.0166917805190004,-0.0170398464886632));
#1778=CARTESIAN_POINT('',(-0.03101,-0.0157641406817084,-0.0170324618470093));
#1779=CARTESIAN_POINT('',(-0.03101,-0.0148589405013137,-0.0166549917255227));
#1780=CARTESIAN_POINT('',(-0.03101,-0.0142024204896859,-0.0159984717138998));
#1781=CARTESIAN_POINT('',(-0.03101,-0.0142024204896859,-0.0159984717138998));
#1782=CARTESIAN_POINT('',(-0.03101,-0.014202420489686,-0.0159984717138998));
#1783=CARTESIAN_POINT('',(-0.03101,-0.0130701284451471,-0.014866179669361));
#1784=CARTESIAN_POINT('',(-0.03101,-0.0119378364006083,-0.0137338876248221));
#1785=CARTESIAN_POINT('',(-0.03101,-0.0108055443560695,-0.0126015955802833));
#1786=CARTESIAN_POINT('',(-0.03101,-0.0108055443560695,-0.0126015955802833));
#1787=CARTESIAN_POINT('',(-0.03101,1.38611686276954E-48,2.38806125833725E-19));
#1788=CARTESIAN_POINT('',(-0.04371,2.77223372553909E-48,2.38806125833722E-19));
#1789=CARTESIAN_POINT('',(-0.04371,0.00389999999991435,-2.58470625199563E-8));
#1790=CARTESIAN_POINT('',(-0.0434210788166968,0.00389999818670686,-0.000273616287823259));
#1791=CARTESIAN_POINT('',(-0.043037818803497,0.0038718646797217,-0.000632133941488506));
#1792=CARTESIAN_POINT('',(-0.0426899968623187,0.00382578206321276,-0.000950563299714121));
#1793=CARTESIAN_POINT('',(-0.0425070162864495,0.00379699922318218,-0.00111497299607013));
#1794=CARTESIAN_POINT('',(-0.0424120818113395,0.00378125785876936,-0.00119944397447185));
#1795=CARTESIAN_POINT('',(-0.0422185615345593,0.00374658402379,-0.00136808978277014));
#1796=CARTESIAN_POINT('',(-0.0419993919913716,0.00370366323312371,-0.00155469342964152));
#1797=CARTESIAN_POINT('',(-0.0416073115329907,0.0036205957825524,-0.00187873940835212));
#1798=CARTESIAN_POINT('',(-0.0410923503660615,0.0034998280543062,-0.00227768051430863));
#1799=CARTESIAN_POINT('',(-0.0404678612651494,0.00335874725984026,-0.00271973503251616));
#1800=CARTESIAN_POINT('',(-0.0398371788541648,0.00323446713404597,-0.00313395246339929));
#1801=CARTESIAN_POINT('',(-0.0393035533629915,0.00315485542643217,-0.00346667837532324));
#1802=CARTESIAN_POINT('',(-0.0388857503527575,0.00311147142388203,-0.0037214670918087));
#1803=CARTESIAN_POINT('',(-0.0385447982564309,0.0030897353667291,-0.0039270729056461));
#1804=CARTESIAN_POINT('',(-0.0383090404520648,0.00308344108925091,-0.00406848343296379));
#1805=CARTESIAN_POINT('',(-0.0379515262416123,0.00308412487936631,-0.00428318255486735));
#1806=CARTESIAN_POINT('',(-0.037331660710303,0.00311969076704795,-0.00465802988008143));
#1807=CARTESIAN_POINT('',(-0.0364102171130616,0.00327981534019167,-0.00523581335905895));
#1808=CARTESIAN_POINT('',(-0.0352960541106856,0.00370971532750703,-0.00599407092554162));
#1809=CARTESIAN_POINT('',(-0.0345693852852395,0.00420876142426385,-0.00652912125654807));
#1810=CARTESIAN_POINT('',(-0.0342179053492342,0.00452764256713839,-0.00679176596004721));
#1811=CARTESIAN_POINT('',(-0.0342179053492341,0.0045276425671384,-0.0067917659600472));
#1812=CARTESIAN_POINT('',(-0.0342179053492342,0.00452764256713839,-0.00679176596004721));
#1813=CARTESIAN_POINT('',(-0.0340085432294216,0.0047175869299042,-0.00694821259031877));
#1814=CARTESIAN_POINT('',(-0.0335843459576582,0.00512355102907535,-0.00729103018990271));
#1815=CARTESIAN_POINT('',(-0.0329535527065368,0.00582159407623154,-0.00790386452464327));
#1816=CARTESIAN_POINT('',(-0.0324570842748231,0.00647886757757441,-0.00849762658586144));
#1817=CARTESIAN_POINT('',(-0.0321342765735111,0.00698867745663084,-0.00896675137555329));
#1818=CARTESIAN_POINT('',(-0.0319652039680826,0.00728173697658739,-0.00923857231333516));
#1819=CARTESIAN_POINT('',(-0.0318293570368655,0.00753726175518126,-0.00947706201062197));
#1820=CARTESIAN_POINT('',(-0.0317558436720896,0.00768558762066461,-0.00961615541964104));
#1821=CARTESIAN_POINT('',(-0.0316407925686941,0.00792841195116814,-0.00984440027911469));
#1822=CARTESIAN_POINT('',(-0.0314603856352078,0.00835120567794829,-0.0102437863127886));
#1823=CARTESIAN_POINT('',(-0.0312365201944988,0.00901057889768556,-0.0108713709470904));
#1824=CARTESIAN_POINT('',(-0.0310561883074536,0.00986936890308805,-0.0116956335264201));
#1825=CARTESIAN_POINT('',(-0.03101,0.0104871136459976,-0.0122927240282725));
#1826=CARTESIAN_POINT('',(-0.03101,0.0108055443560694,-0.0126015955802833));
#1827=CARTESIAN_POINT('',(-0.03101,-0.0108055443560695,-0.0126015955802833));
#1828=CARTESIAN_POINT('',(-0.03101,-0.0104871512111712,-0.0122927604657554));
#1829=CARTESIAN_POINT('',(-0.0310561774435491,-0.00986946170573453,-0.0116957256637503));
#1830=CARTESIAN_POINT('',(-0.0312364872990449,-0.00901069486893612,-0.0108714901607629));
#1831=CARTESIAN_POINT('',(-0.0314603472253656,-0.00835129769436315,-0.0102438832821573));
#1832=CARTESIAN_POINT('',(-0.0316407681558979,-0.00792846193000027,-0.00984445414643675));
#1833=CARTESIAN_POINT('',(-0.0317558291824922,-0.00768561467179218,-0.0096161841849164));
#1834=CARTESIAN_POINT('',(-0.0318293627971241,-0.00753725027445582,-0.00947705165073736));
#1835=CARTESIAN_POINT('',(-0.0319651954166456,-0.0072817558483618,-0.00923858498759808));
#1836=CARTESIAN_POINT('',(-0.0321342611078917,-0.00698870842017776,-0.00896677094850671));
#1837=CARTESIAN_POINT('',(-0.0324570522467932,-0.00647892272251465,-0.00849766398318044));
#1838=CARTESIAN_POINT('',(-0.0329535072244136,-0.00582165530366781,-0.00790390864429211));
#1839=CARTESIAN_POINT('',(-0.0335843052033156,-0.00512359379607927,-0.00729106370012818));
#1840=CARTESIAN_POINT('',(-0.0340085257572019,-0.00471760278162392,-0.00694822564650065));
#1841=CARTESIAN_POINT('',(-0.0342179053492342,-0.00452764256713842,-0.0067917659600472));
#1842=CARTESIAN_POINT('',(-0.0342179053492341,-0.00452764256713839,-0.0067917659600472));
#1843=CARTESIAN_POINT('',(-0.0342179053492342,-0.00452764256713842,-0.0067917659600472));
#1844=CARTESIAN_POINT('',(-0.0345693570377925,-0.00420878705183798,-0.00652914236455908));
#1845=CARTESIAN_POINT('',(-0.0352959754228387,-0.00370977152342767,-0.00599412132860039));
#1846=CARTESIAN_POINT('',(-0.0364101047835952,-0.00327987756624102,-0.00523586748134331));
#1847=CARTESIAN_POINT('',(-0.03733156015512,-0.00311973563133796,-0.00465806768350338));
#1848=CARTESIAN_POINT('',(-0.0379514725811761,-0.00308414990464297,-0.00428319781007945));
#1849=CARTESIAN_POINT('',(-0.0383090046610451,-0.00308345186510418,-0.00406849575925474));
#1850=CARTESIAN_POINT('',(-0.0385448283053244,-0.00308973714468004,-0.00392705461372444));
#1851=CARTESIAN_POINT('',(-0.0388856659482031,-0.00311145353622497,-0.00372152793320439));
#1852=CARTESIAN_POINT('',(-0.0393034099806503,-0.00315482639306754,-0.00346677668169798));
#1853=CARTESIAN_POINT('',(-0.0398370018028592,-0.00323443824847425,-0.00313406339146003));
#1854=CARTESIAN_POINT('',(-0.0404676795001501,-0.00335872267656048,-0.00271984372114601));
#1855=CARTESIAN_POINT('',(-0.0410924727770154,-0.00349985211611711,-0.00227759114372628));
#1856=CARTESIAN_POINT('',(-0.0416070753691362,-0.00362054007288434,-0.00187893184133804));
#1857=CARTESIAN_POINT('',(-0.0419992433940166,-0.00370363531640747,-0.00155481312618202));
#1858=CARTESIAN_POINT('',(-0.042218467171249,-0.00374656879290283,-0.00136816608673336));
#1859=CARTESIAN_POINT('',(-0.0424121220992131,-0.00378126474282201,-0.00119940922063065));
#1860=CARTESIAN_POINT('',(-0.0425069494982655,-0.00379698691785873,-0.00111503570747175));
#1861=CARTESIAN_POINT('',(-0.0426898970012123,-0.00382576637381017,-0.000950658835214062));
#1862=CARTESIAN_POINT('',(-0.0430376719933736,-0.00387184903257799,-0.00063227278056219));
#1863=CARTESIAN_POINT('',(-0.0434209975775242,-0.00389999818619702,-0.000273693216295493));
#1864=CARTESIAN_POINT('',(-0.04371,-0.00389999999991435,-2.58470625252413E-8));
#1865=CARTESIAN_POINT('',(0.0296150066,-0.00799581869451889,0.000258908872908266));
#1866=CARTESIAN_POINT('',(0.0283150066,-0.00799581869451889,0.000258908872908263));
#1867=CARTESIAN_POINT('',(0.0296150066,-0.00813990797142283,-0.00419096463280457));
#1868=CARTESIAN_POINT('',(0.0283150066,-0.00813990797142283,-0.00419096463280457));
#1869=CARTESIAN_POINT('',(0.0296150066,-0.00978604504428598,-0.00798999382007216));
#1870=CARTESIAN_POINT('',(0.0283150066,-0.00978604504428598,-0.00798999382007216));
#1871=CARTESIAN_POINT('',(0.0296150066,-0.0129342299131083,-0.0111381786888945));
#1872=CARTESIAN_POINT('',(0.0283150066,-0.0129342299131083,-0.0111381786888945));
#1873=CARTESIAN_POINT('',(0.0296150066,0.0129342299131083,-0.0111381786888945));
#1874=CARTESIAN_POINT('',(0.0283150066,0.0129342299131083,-0.0111381786888945));
#1875=CARTESIAN_POINT('',(0.0296150066,0.00978604504428598,-0.00798999382007216));
#1876=CARTESIAN_POINT('',(0.0283150066,0.00978604504428598,-0.00798999382007216));
#1877=CARTESIAN_POINT('',(0.0296150066,0.00813990797142284,-0.00419096463280458));
#1878=CARTESIAN_POINT('',(0.0283150066,0.00813990797142284,-0.00419096463280458));
#1879=CARTESIAN_POINT('',(0.0296150066,0.00799581869451889,0.000258908872908249));
#1880=CARTESIAN_POINT('',(0.0283150066,0.00799581869451889,0.000258908872908249));
#1881=CARTESIAN_POINT('',(-0.032319486419081,0.00538767436674241,-0.00359162314252857));
#1882=CARTESIAN_POINT('',(-0.0330429895152838,0.00499639854541209,-0.00320034732119826));
#1883=CARTESIAN_POINT('',(-0.0338457099394707,0.00471866353752829,-0.00279861382010684));
#1884=CARTESIAN_POINT('',(-0.0356151133063085,0.00430804929782439,-0.00204074495526555));
#1885=CARTESIAN_POINT('',(-0.036556054590456,0.00418135284731518,-0.00169604995313765));
#1886=CARTESIAN_POINT('',(-0.0385095389417623,0.00400979220242959,-0.00109582133963438));
#1887=CARTESIAN_POINT('',(-0.0395304122151701,0.00396442457641875,-0.000837842719737408));
#1888=CARTESIAN_POINT('',(-0.0410860638411466,0.00392335637891869,-0.000499672985847401));
#1889=CARTESIAN_POINT('',(-0.0416083883770538,0.00391434939889037,-0.00039471071904683));
#1890=CARTESIAN_POINT('',(-0.042657173649493,0.00390266933439436,-0.000193183050932414));
#1891=CARTESIAN_POINT('',(-0.0431837462389297,0.00389999936011559,-9.65635168966264E-5));
#1892=CARTESIAN_POINT('',(-0.04371,0.00389999999991435,-2.58470625108469E-8));
#1893=CARTESIAN_POINT('',(-0.0345023446747725,0.00673303881016306,-0.00493698758594923));
#1894=CARTESIAN_POINT('',(-0.0349759541679822,0.00625816759580463,-0.00475493526755386));
#1895=CARTESIAN_POINT('',(-0.0355153353332367,0.00581801165882678,-0.00448090528135194));
#1896=CARTESIAN_POINT('',(-0.0367908355903127,0.0050635664421697,-0.00378197001483255));
#1897=CARTESIAN_POINT('',(-0.0375084521588449,0.00476172618894178,-0.00337017614234074));
#1898=CARTESIAN_POINT('',(-0.0390851843115233,0.00430543375079949,-0.00248655424548486));
#1899=CARTESIAN_POINT('',(-0.0399516165016663,0.00414779360498151,-0.00200997619941478));
#1900=CARTESIAN_POINT('',(-0.0413242286399635,0.0039963735602499,-0.00126981693863672));
#1901=CARTESIAN_POINT('',(-0.0417933054888769,0.00395992573709114,-0.00101888756818051));
#1902=CARTESIAN_POINT('',(-0.0427449716370433,0.00391174452104056,-0.000511962840870709));
#1903=CARTESIAN_POINT('',(-0.0432275716144774,0.00389999830380383,-0.000255947484776386));
#1904=CARTESIAN_POINT('',(-0.04371,0.00389999999991435,-2.58470625108469E-8));
#1905=CARTESIAN_POINT('',(-0.0342179053492341,0.0045276425671384,-0.0067917659600472));
#1906=CARTESIAN_POINT('',(-0.0348208252694505,0.00398064180400667,-0.00634123178310763));
#1907=CARTESIAN_POINT('',(-0.0354897582828691,0.00360567091975468,-0.00585546816638488));
#1908=CARTESIAN_POINT('',(-0.0369642610886136,0.00313782572723262,-0.00487953508882326));
#1909=CARTESIAN_POINT('',(-0.0377483788243114,0.00305467880562492,-0.00440591533842585));
#1910=CARTESIAN_POINT('',(-0.0393762824525372,0.00312993918772487,-0.00342683204402646));
#1911=CARTESIAN_POINT('',(-0.0402270101779566,0.003301461378579,-0.00291279883622209));
#1912=CARTESIAN_POINT('',(-0.0415233865349647,0.00359997151202717,-0.00195095265111682));
#1913=CARTESIAN_POINT('',(-0.0419586569805898,0.0037025292555943,-0.00159745799925383));
#1914=CARTESIAN_POINT('',(-0.0428326447081992,0.00385367563842224,-0.00082948822632205));
#1915=CARTESIAN_POINT('',(-0.0432711552931194,0.00389999724581891,-0.000415584565908692));
#1916=CARTESIAN_POINT('',(-0.04371,0.00389999999991435,-2.58470625108469E-8));
#1917=CARTESIAN_POINT('',(-0.032319486419081,0.00538767436674241,-0.00359162314252857));
#1918=CARTESIAN_POINT('',(-0.0337747252562086,0.00628458399568951,-0.00448853277147568));
#1919=CARTESIAN_POINT('',(-0.0344075315662597,0.00599790672915484,-0.00555524704398189));
#1920=CARTESIAN_POINT('',(-0.0342179053492341,0.0045276425671384,-0.0067917659600472));
#1921=CARTESIAN_POINT('',(-0.0342179053492341,0.0045276425671384,-0.0067917659600472));
#1922=CARTESIAN_POINT('',(-0.033195056923772,0.00545562463263523,-0.00755609328719417));
#1923=CARTESIAN_POINT('',(-0.0323911221129954,0.00644922257743959,-0.00845945341343837));
#1924=CARTESIAN_POINT('',(-0.031288369816216,0.00858956796188612,-0.0104615385117163));
#1925=CARTESIAN_POINT('',(-0.03101,0.00968133261132771,-0.0115111322066066));
#1926=CARTESIAN_POINT('',(-0.03101,0.0108055443560695,-0.0126015955802833));
#1927=CARTESIAN_POINT('',(-0.0345023446747725,0.00673303881016306,-0.00493698758594923));
#1928=CARTESIAN_POINT('',(-0.0333943614890873,0.00748727910755411,-0.0056912278833419));
#1929=CARTESIAN_POINT('',(-0.0325359948219952,0.00840083375988275,-0.0066047825356673));
#1930=CARTESIAN_POINT('',(-0.031343293751051,0.0104285000789748,-0.00863244885476261));
#1931=CARTESIAN_POINT('',(-0.0310338523574305,0.0114947845043757,-0.00969873328016185));
#1932=CARTESIAN_POINT('',(-0.03101,0.0126015955802833,-0.0108055443560695));
#1933=CARTESIAN_POINT('',(-0.032319486419081,0.00538767436674241,-0.00359162314252857));
#1934=CARTESIAN_POINT('',(-0.0310914554008067,0.00638391656044764,-0.00458786533623381));
#1935=CARTESIAN_POINT('',(-0.0301273465361558,0.00751556942673828,-0.00571951820252445));
#1936=CARTESIAN_POINT('',(-0.0288040437788978,0.00999154436419543,-0.0081954931399816));
#1937=CARTESIAN_POINT('',(-0.028470000001579,0.0112744738285774,-0.00947842260436361));
#1938=CARTESIAN_POINT('',(-0.02847,0.0126015955802833,-0.0108055443560695));
#1939=CARTESIAN_POINT('',(-0.03101,0.0108055443560695,-0.0126015955802833));
#1940=CARTESIAN_POINT('',(-0.0310100000000003,0.0120029118388787,-0.011404228097474));
#1941=CARTESIAN_POINT('',(-0.0301633333333335,0.0126015955802833,-0.0108055443560695));
#1942=CARTESIAN_POINT('',(-0.02847,0.0126015955802833,-0.0108055443560695));
#1943=CARTESIAN_POINT('',(-0.03101,0.0108055443560694,-0.0126015955802833));
#1944=CARTESIAN_POINT('',(-0.03101,0.0111522305089627,-0.0129482817331765));
#1945=CARTESIAN_POINT('',(-0.0310100000000003,0.0120029118388787,-0.0114042280974741));
#1946=CARTESIAN_POINT('',(-0.0310100000000003,0.0123495979917719,-0.0117509142503673));
#1947=CARTESIAN_POINT('',(-0.0301633333333335,0.0126015955802833,-0.0108055443560695));
#1948=CARTESIAN_POINT('',(-0.0301633333333335,0.0129482817331765,-0.0111522305089627));
#1949=CARTESIAN_POINT('',(-0.02847,0.0126015955802833,-0.0108055443560695));
#1950=CARTESIAN_POINT('',(-0.02847,0.0129482817331765,-0.0111522305089627));
#1951=CARTESIAN_POINT('',(-0.02847,0.0129482817331765,-0.0111522305089627));
#1952=CARTESIAN_POINT('',(-0.0301633333333335,0.0129482817331765,-0.0111522305089627));
#1953=CARTESIAN_POINT('',(-0.0310100000000003,0.0123495979917719,-0.0117509142503673));
#1954=CARTESIAN_POINT('',(-0.03101,0.0111522305089627,-0.0129482817331765));
#1955=CARTESIAN_POINT('',(-0.02847,0.0210001828790061,-0.0144998849369095));
#1956=CARTESIAN_POINT('',(-0.02847,0.0195741243048887,-0.0144956042483783));
#1957=CARTESIAN_POINT('',(-0.02847,0.0181495681101301,-0.0142225037107341));
#1958=CARTESIAN_POINT('',(-0.02847,0.0153766265402171,-0.0131248838676639));
#1959=CARTESIAN_POINT('',(-0.02847,0.0140490167405815,-0.0122529655163677));
#1960=CARTESIAN_POINT('',(-0.02847,0.0129482817331765,-0.0111522305089627));
#1961=CARTESIAN_POINT('',(-0.03101,0.021000182879006,-0.0144998849369095));
#1962=CARTESIAN_POINT('',(-0.03101,0.0195741243048881,-0.0144956042483781));
#1963=CARTESIAN_POINT('',(-0.03101,0.0181495681101312,-0.0142225037107314));
#1964=CARTESIAN_POINT('',(-0.03101,0.0153766265402159,-0.0131248838676668));
#1965=CARTESIAN_POINT('',(-0.03101,0.0140490167405899,-0.0122529655163579));
#1966=CARTESIAN_POINT('',(-0.03101,0.0129482817331765,-0.0111522305089627));
#1967=CARTESIAN_POINT('',(-0.03101,0.0209934430205323,-0.0170398593673339));
#1968=CARTESIAN_POINT('',(-0.03101,0.0192504825410557,-0.0170346274146848));
#1969=CARTESIAN_POINT('',(-0.03101,0.0175093583030164,-0.0167008378686723));
#1970=CARTESIAN_POINT('',(-0.03101,0.0141202074953463,-0.0153593025049253));
#1971=CARTESIAN_POINT('',(-0.03101,0.0124975732957938,-0.0142936245199993));
#1972=CARTESIAN_POINT('',(-0.03101,0.0111522305089627,-0.0129482817331765));
#1973=CARTESIAN_POINT('',(-0.02847,-0.0159984717138998,-0.014202420489686));
#1974=CARTESIAN_POINT('',(-0.02847,-0.0161873001997534,-0.0143912489755396));
#1975=CARTESIAN_POINT('',(-0.02847,-0.0164479620836909,-0.0144991374775303));
#1976=CARTESIAN_POINT('',(-0.02847,-0.0167144856076036,-0.0144999826801777));
#1977=CARTESIAN_POINT('',(-0.03101,-0.0159984717138998,-0.014202420489686));
#1978=CARTESIAN_POINT('',(-0.03101,-0.0161873001997552,-0.0143912489755422));
#1979=CARTESIAN_POINT('',(-0.03101,-0.0164479620836897,-0.0144991374775263));
#1980=CARTESIAN_POINT('',(-0.03101,-0.0167144856076035,-0.0144999826801772));
#1981=CARTESIAN_POINT('',(-0.03101,-0.0142024204896859,-0.0159984717138998));
#1982=CARTESIAN_POINT('',(-0.03101,-0.0148633201901819,-0.0166593714143909));
#1983=CARTESIAN_POINT('',(-0.03101,-0.0157756367839492,-0.0170369811713463));
#1984=CARTESIAN_POINT('',(-0.03101,-0.0167084691176486,-0.0170399393806198));
#1985=CARTESIAN_POINT('',(-0.03101,-0.0142024204896859,-0.0159984717138998));
#1986=CARTESIAN_POINT('',(-0.0310099999999982,-0.015399787972496,-0.0148011042310897));
#1987=CARTESIAN_POINT('',(-0.0301633333333315,-0.0159984717139007,-0.0142024204896851));
#1988=CARTESIAN_POINT('',(-0.02847,-0.0159984717138998,-0.014202420489686));
#1989=CARTESIAN_POINT('',(-0.03101,-0.014202420489686,-0.0159984717138998));
#1990=CARTESIAN_POINT('',(-0.03101,-0.0108055443560694,-0.0126015955802833));
#1991=CARTESIAN_POINT('',(-0.0310099999999982,-0.0153997879724961,-0.0148011042310897));
#1992=CARTESIAN_POINT('',(-0.0310099999999982,-0.0120029118388795,-0.0114042280974732));
#1993=CARTESIAN_POINT('',(-0.0301633333333315,-0.0159984717139007,-0.0142024204896851));
#1994=CARTESIAN_POINT('',(-0.0301633333333315,-0.0126015955802842,-0.0108055443560686));
#1995=CARTESIAN_POINT('',(-0.02847,-0.0159984717138998,-0.014202420489686));
#1996=CARTESIAN_POINT('',(-0.02847,-0.0126015955802833,-0.0108055443560695));
#1997=CARTESIAN_POINT('',(-0.02847,-0.0126015955802833,-0.0108055443560695));
#1998=CARTESIAN_POINT('',(-0.0301633333333315,-0.0126015955802842,-0.0108055443560686));
#1999=CARTESIAN_POINT('',(-0.0310099999999982,-0.0120029118388795,-0.0114042280974732));
#2000=CARTESIAN_POINT('',(-0.03101,-0.0108055443560695,-0.0126015955802833));
#2001=CARTESIAN_POINT('',(-0.032319486419081,-0.0053876743667424,-0.00359162314252857));
#2002=CARTESIAN_POINT('',(-0.0310914554008067,-0.00638391656045041,-0.00458786533623658));
#2003=CARTESIAN_POINT('',(-0.0301273465361591,-0.00751556942673665,-0.00571951820252282));
#2004=CARTESIAN_POINT('',(-0.0288040437788946,-0.00999154436419706,-0.00819549313998322));
#2005=CARTESIAN_POINT('',(-0.028470000001579,-0.0112744738285762,-0.0094784226043624));
#2006=CARTESIAN_POINT('',(-0.02847,-0.0126015955802833,-0.0108055443560695));
#2007=CARTESIAN_POINT('',(-0.0345023446747725,-0.00673303881016306,-0.00493698758594922));
#2008=CARTESIAN_POINT('',(-0.0333943614890893,-0.00748727910756571,-0.00569122788334295));
#2009=CARTESIAN_POINT('',(-0.0325359948220017,-0.00840083375988275,-0.00660478253566405));
#2010=CARTESIAN_POINT('',(-0.0313432937510445,-0.0104285000789748,-0.00863244885476585));
#2011=CARTESIAN_POINT('',(-0.0310338523574336,-0.0114947845043769,-0.00969873328015817));
#2012=CARTESIAN_POINT('',(-0.03101,-0.0126015955802833,-0.0108055443560695));
#2013=CARTESIAN_POINT('',(-0.0342179053492341,-0.0045276425671384,-0.0067917659600472));
#2014=CARTESIAN_POINT('',(-0.0331950569237702,-0.00545562463263658,-0.00755609328719572));
#2015=CARTESIAN_POINT('',(-0.0323911221129968,-0.00644922257743758,-0.00845945341343523));
#2016=CARTESIAN_POINT('',(-0.0312883698162146,-0.00858956796188813,-0.0104615385117194));
#2017=CARTESIAN_POINT('',(-0.03101,-0.00968133261132504,-0.0115111322066054));
#2018=CARTESIAN_POINT('',(-0.03101,-0.0108055443560695,-0.0126015955802833));
#2019=CARTESIAN_POINT('',(-0.032319486419081,-0.0053876743667424,-0.00359162314252857));
#2020=CARTESIAN_POINT('',(-0.0337747252562086,-0.00628458399568951,-0.00448853277147567));
#2021=CARTESIAN_POINT('',(-0.0344075315662597,-0.00599790672915484,-0.00555524704398188));
#2022=CARTESIAN_POINT('',(-0.0342179053492341,-0.0045276425671384,-0.0067917659600472));
#2023=CARTESIAN_POINT('',(-0.0342179053492341,-0.0045276425671384,-0.0067917659600472));
#2024=CARTESIAN_POINT('',(-0.0348208252694503,-0.00398064180400655,-0.00634123178310792));
#2025=CARTESIAN_POINT('',(-0.0354897582828693,-0.00360567091975429,-0.00585546816638502));
#2026=CARTESIAN_POINT('',(-0.0369642610886135,-0.003137825727233,-0.00487953508882312));
#2027=CARTESIAN_POINT('',(-0.0377483788243083,-0.00305467880562597,-0.00440591533842672));
#2028=CARTESIAN_POINT('',(-0.0393762824525402,-0.00312993918772381,-0.0034268320440256));
#2029=CARTESIAN_POINT('',(-0.0402270101779528,-0.00330146137857774,-0.00291279883622553));
#2030=CARTESIAN_POINT('',(-0.0415233865349666,-0.0035999715120278,-0.0019509526511151));
#2031=CARTESIAN_POINT('',(-0.041958656980588,-0.00370252925559486,-0.0015974579992527));
#2032=CARTESIAN_POINT('',(-0.042832644708201,-0.00385367563842167,-0.000829488226323193));
#2033=CARTESIAN_POINT('',(-0.04327115529313,-0.00389999724581891,-0.00041558456592057));
#2034=CARTESIAN_POINT('',(-0.04371,-0.00389999999991435,-2.58470625104702E-8));
#2035=CARTESIAN_POINT('',(-0.0345023446747725,-0.00673303881016305,-0.00493698758594922));
#2036=CARTESIAN_POINT('',(-0.0349759541679852,-0.00625816759580547,-0.00475493526755796));
#2037=CARTESIAN_POINT('',(-0.0355153353332367,-0.00581801165882726,-0.00448090528135242));
#2038=CARTESIAN_POINT('',(-0.0367908355903127,-0.00506356644216923,-0.00378197001483208));
#2039=CARTESIAN_POINT('',(-0.0375084521588449,-0.00476172618894178,-0.00337017614234004));
#2040=CARTESIAN_POINT('',(-0.0390851843115233,-0.00430543375079949,-0.00248655424548557));
#2041=CARTESIAN_POINT('',(-0.0399516165016626,-0.00414779360498293,-0.00200997619941644));
#2042=CARTESIAN_POINT('',(-0.0413242286399654,-0.00399637356024919,-0.00126981693863589));
#2043=CARTESIAN_POINT('',(-0.041793305488875,-0.00395992573709278,-0.00101888756817924));
#2044=CARTESIAN_POINT('',(-0.0427449716370452,-0.0039117445210389,-0.000511962840871986));
#2045=CARTESIAN_POINT('',(-0.0432275716144841,-0.00389999830380146,-0.000255947484790597));
#2046=CARTESIAN_POINT('',(-0.04371,-0.00389999999991435,-2.58470625104702E-8));
#2047=CARTESIAN_POINT('',(-0.032319486419081,-0.0053876743667424,-0.00359162314252857));
#2048=CARTESIAN_POINT('',(-0.0330429895152822,-0.00499639854541356,-0.00320034732119973));
#2049=CARTESIAN_POINT('',(-0.0338457099394745,-0.00471866353752799,-0.00279861382010629));
#2050=CARTESIAN_POINT('',(-0.0356151133063047,-0.00430804929782469,-0.0020407449552661));
#2051=CARTESIAN_POINT('',(-0.0365560545904523,-0.00418135284731509,-0.00169604995313734));
#2052=CARTESIAN_POINT('',(-0.038509538941766,-0.00400979220242968,-0.00109582133963469));
#2053=CARTESIAN_POINT('',(-0.0395304122151663,-0.00396442457641893,-0.00083784271973892));
#2054=CARTESIAN_POINT('',(-0.0410860638411485,-0.0039233563789186,-0.000499672985846644));
#2055=CARTESIAN_POINT('',(-0.0416083883770519,-0.00391434939889035,-0.000394710719046565));
#2056=CARTESIAN_POINT('',(-0.0426571736494949,-0.00390266933439437,-0.000193183050932682));
#2057=CARTESIAN_POINT('',(-0.0431837462389296,-0.00389999936011559,-9.65635169032953E-5));
#2058=CARTESIAN_POINT('',(-0.04371,-0.00389999999991435,-2.58470625104702E-8));
#2059=CARTESIAN_POINT('',(-0.0651549914,0.00211821948100176,-0.000847500000000424));
#2060=MECHANICAL_DESIGN_GEOMETRIC_PRESENTATION_REPRESENTATION('',(#1034),
#2061);
#2061=(
GEOMETRIC_REPRESENTATION_CONTEXT(3)
GLOBAL_UNCERTAINTY_ASSIGNED_CONTEXT((#2062))
GLOBAL_UNIT_ASSIGNED_CONTEXT((#2065,#2064,#2063))
REPRESENTATION_CONTEXT('Part 2','TOP_LEVEL_ASSEMBLY_PART')
);
#2062=UNCERTAINTY_MEASURE_WITH_UNIT(LENGTH_MEASURE(2.E-5),#2065,
'DISTANCE_ACCURACY_VALUE','Maximum Tolerance applied to model');
#2063=(
NAMED_UNIT(*)
SI_UNIT($,.STERADIAN.)
SOLID_ANGLE_UNIT()
);
#2064=(
NAMED_UNIT(*)
PLANE_ANGLE_UNIT()
SI_UNIT($,.RADIAN.)
);
#2065=(
LENGTH_UNIT()
NAMED_UNIT(*)
SI_UNIT($,.METRE.)
);
#2066=PRODUCT_DEFINITION_SHAPE('','',#2067);
#2067=PRODUCT_DEFINITION('','',#2069,#2068);
#2068=PRODUCT_DEFINITION_CONTEXT('',#2075,'design');
#2069=PRODUCT_DEFINITION_FORMATION_WITH_SPECIFIED_SOURCE('','',#2071,
 .NOT_KNOWN.);
#2070=PRODUCT_RELATED_PRODUCT_CATEGORY('','',(#2071));
#2071=PRODUCT('Part 2','Part 2','Part 2',(#2073));
#2072=PRODUCT_CATEGORY('','');
#2073=PRODUCT_CONTEXT('',#2075,'mechanical');
#2074=APPLICATION_PROTOCOL_DEFINITION('international standard',
'ap242_managed_model_based_3d_engineering',2020,#2075);
#2075=APPLICATION_CONTEXT('managed model based 3d engineering');
ENDSEC;
END-ISO-10303-21;
