ISO-10303-21;
HEADER;
/* Generated by software containing ST-Developer
 * from STEP Tools, Inc. (www.steptools.com) 
 */
/* OPTION: using custom renumber hook */

FILE_DESCRIPTION(
/* description */ ('STEP AP242 Edition 2',
'CAx-IF Rec.Pracs.---Representation and Presentation of Product Manufa
cturing Information (PMI)---4.0---2014-10-13',
'CAx-IF Rec.Pracs.---3D Tessellated Geometry---0.4---2014-09-14','2;1',
'CAx-IF Rec.Pracs.---User Defined Attributes---1.5---2016-08-15'),
/* implementation_level */ '2;1');

FILE_NAME(
/* name */ 'XL,XC-330 - Part 16',
/* time_stamp */ '2026-08-12T19:46:06Z',
/* author */ (''),
/* organization */ (''),
/* preprocessor_version */ 'ST-DEVELOPER v20',
/* originating_system */ 'ONSHAPE BY PTC INC, 1.219',
/* authorisation */ '  ');

FILE_SCHEMA (('AP242_MANAGED_MODEL_BASED_3D_ENGINEERING_MIM_LF { 1 0 10303 442 3 1 4 }'));
ENDSEC;

DATA;
#10=SHAPE_REPRESENTATION_RELATIONSHIP('','',#1621,#11);
#11=ADVANCED_BREP_SHAPE_REPRESENTATION('',(#1619),#4635);
#12=(
BOUNDED_SURFACE()
B_SPLINE_SURFACE(3,3,((#4210,#4211,#4212,#4213),(#4214,#4215,#4216,#4217),
(#4218,#4219,#4220,#4221),(#4222,#4223,#4224,#4225)),
 .SURF_OF_REVOLUTION.,.F.,.F.,.F.)
B_SPLINE_SURFACE_WITH_KNOTS((4,4),(4,4),(0.,1.),(0.,1.),
 .PIECEWISE_BEZIER_KNOTS.)
GEOMETRIC_REPRESENTATION_ITEM()
RATIONAL_B_SPLINE_SURFACE(((1.,0.992330361213034,0.992330361213034,1.),
(1.,0.992330361213034,0.992330361213034,1.),(1.,0.992330361213034,0.992330361213034,
1.),(1.,0.992330361213034,0.992330361213034,1.)))
REPRESENTATION_ITEM('')
SURFACE()
);
#13=(
BOUNDED_SURFACE()
B_SPLINE_SURFACE(3,3,((#4418,#4419,#4420,#4421),(#4422,#4423,#4424,#4425),
(#4426,#4427,#4428,#4429),(#4430,#4431,#4432,#4433)),
 .SURF_OF_REVOLUTION.,.F.,.F.,.F.)
B_SPLINE_SURFACE_WITH_KNOTS((4,4),(4,4),(0.,1.),(0.,1.),
 .PIECEWISE_BEZIER_KNOTS.)
GEOMETRIC_REPRESENTATION_ITEM()
RATIONAL_B_SPLINE_SURFACE(((1.,0.992330361213168,0.992330361213168,1.),
(1.,0.992330361213168,0.992330361213168,1.),(1.,0.992330361213168,0.992330361213168,
1.),(1.,0.992330361213168,0.992330361213168,1.)))
REPRESENTATION_ITEM('')
SURFACE()
);
#14=B_SPLINE_SURFACE_WITH_KNOTS('',3,1,((#2671,#2672),(#2673,#2674),(#2675,
#2676),(#2677,#2678),(#2679,#2680),(#2681,#2682)),
 .SURF_OF_LINEAR_EXTRUSION.,.F.,.F.,.F.,(4,1,1,4),(2,2),(-0.00600075522826361,
0.245499433578802,0.496999622385868,1.),(0.,1.),.UNSPECIFIED.);
#15=B_SPLINE_SURFACE_WITH_KNOTS('',3,1,((#2731,#2732),(#2733,#2734),(#2735,
#2736),(#2737,#2738)),.SURF_OF_LINEAR_EXTRUSION.,.F.,.F.,.F.,(4,4),(2,2),
(-2.09711118756498E-16,1.00601290413904),(0.,1.),
 .PIECEWISE_BEZIER_KNOTS.);
#16=B_SPLINE_SURFACE_WITH_KNOTS('',3,3,((#2783,#2784,#2785,#2786,#2787,
#2788),(#2789,#2790,#2791,#2792,#2793,#2794),(#2795,#2796,#2797,#2798,#2799,
#2800),(#2801,#2802,#2803,#2804,#2805,#2806),(#2807,#2808,#2809,#2810,#2811,
#2812),(#2813,#2814,#2815,#2816,#2817,#2818),(#2819,#2820,#2821,#2822,#2823,
#2824),(#2825,#2826,#2827,#2828,#2829,#2830),(#2831,#2832,#2833,#2834,#2835,
#2836),(#2837,#2838,#2839,#2840,#2841,#2842)),.UNSPECIFIED.,.F.,.F.,.F.,
(4,2,2,2,4),(4,2,4),(0.5,0.625,0.75,0.875,1.),(0.5,0.75,1.),
 .UNSPECIFIED.);
#17=B_SPLINE_SURFACE_WITH_KNOTS('',3,3,((#2865,#2866,#2867,#2868,#2869,
#2870),(#2871,#2872,#2873,#2874,#2875,#2876),(#2877,#2878,#2879,#2880,#2881,
#2882),(#2883,#2884,#2885,#2886,#2887,#2888),(#2889,#2890,#2891,#2892,#2893,
#2894),(#2895,#2896,#2897,#2898,#2899,#2900),(#2901,#2902,#2903,#2904,#2905,
#2906),(#2907,#2908,#2909,#2910,#2911,#2912),(#2913,#2914,#2915,#2916,#2917,
#2918),(#2919,#2920,#2921,#2922,#2923,#2924)),.UNSPECIFIED.,.F.,.F.,.F.,
(4,2,2,2,4),(4,2,4),(0.,0.125,0.25,0.375,0.5),(0.5,0.75,1.),
 .UNSPECIFIED.);
#18=B_SPLINE_SURFACE_WITH_KNOTS('',3,3,((#2946,#2947,#2948,#2949),(#2950,
#2951,#2952,#2953),(#2954,#2955,#2956,#2957),(#2958,#2959,#2960,#2961)),
 .UNSPECIFIED.,.F.,.F.,.F.,(4,4),(4,4),(0.5,1.),(-0.00300028707076738,0.5),
 .UNSPECIFIED.);
#19=B_SPLINE_SURFACE_WITH_KNOTS('',3,3,((#2977,#2978,#2979,#2980),(#2981,
#2982,#2983,#2984),(#2985,#2986,#2987,#2988),(#2989,#2990,#2991,#2992)),
 .UNSPECIFIED.,.F.,.F.,.F.,(4,4),(4,4),(0.,0.5),(-0.00300244474838387,0.5),
 .UNSPECIFIED.);
#20=B_SPLINE_SURFACE_WITH_KNOTS('',3,3,((#3005,#3006,#3007,#3008,#3009,
#3010,#3011,#3012,#3013,#3014,#3015,#3016,#3017,#3018,#3019,#3020,#3021,
#3022),(#3023,#3024,#3025,#3026,#3027,#3028,#3029,#3030,#3031,#3032,#3033,
#3034,#3035,#3036,#3037,#3038,#3039,#3040),(#3041,#3042,#3043,#3044,#3045,
#3046,#3047,#3048,#3049,#3050,#3051,#3052,#3053,#3054,#3055,#3056,#3057,
#3058),(#3059,#3060,#3061,#3062,#3063,#3064,#3065,#3066,#3067,#3068,#3069,
#3070,#3071,#3072,#3073,#3074,#3075,#3076),(#3077,#3078,#3079,#3080,#3081,
#3082,#3083,#3084,#3085,#3086,#3087,#3088,#3089,#3090,#3091,#3092,#3093,
#3094),(#3095,#3096,#3097,#3098,#3099,#3100,#3101,#3102,#3103,#3104,#3105,
#3106,#3107,#3108,#3109,#3110,#3111,#3112),(#3113,#3114,#3115,#3116,#3117,
#3118,#3119,#3120,#3121,#3122,#3123,#3124,#3125,#3126,#3127,#3128,#3129,
#3130),(#3131,#3132,#3133,#3134,#3135,#3136,#3137,#3138,#3139,#3140,#3141,
#3142,#3143,#3144,#3145,#3146,#3147,#3148),(#3149,#3150,#3151,#3152,#3153,
#3154,#3155,#3156,#3157,#3158,#3159,#3160,#3161,#3162,#3163,#3164,#3165,
#3166),(#3167,#3168,#3169,#3170,#3171,#3172,#3173,#3174,#3175,#3176,#3177,
#3178,#3179,#3180,#3181,#3182,#3183,#3184)),.UNSPECIFIED.,.F.,.F.,.F.,(4,
2,2,2,4),(4,2,2,2,2,2,2,2,4),(0.,0.25,0.5,0.75,1.),(0.,0.125,0.25,0.375,
0.5,0.625,0.75,0.875,1.),.UNSPECIFIED.);
#21=B_SPLINE_SURFACE_WITH_KNOTS('',2,3,((#3212,#3213,#3214,#3215),(#3216,
#3217,#3218,#3219),(#3220,#3221,#3222,#3223)),.UNSPECIFIED.,.F.,.F.,.F.,
(3,3),(4,4),(0.,1.),(0.211807812229035,0.217204107911096),
 .PIECEWISE_BEZIER_KNOTS.);
#22=B_SPLINE_SURFACE_WITH_KNOTS('',3,3,((#3265,#3266,#3267,#3268,#3269,
#3270,#3271,#3272,#3273,#3274),(#3275,#3276,#3277,#3278,#3279,#3280,#3281,
#3282,#3283,#3284),(#3285,#3286,#3287,#3288,#3289,#3290,#3291,#3292,#3293,
#3294),(#3295,#3296,#3297,#3298,#3299,#3300,#3301,#3302,#3303,#3304),(#3305,
#3306,#3307,#3308,#3309,#3310,#3311,#3312,#3313,#3314),(#3315,#3316,#3317,
#3318,#3319,#3320,#3321,#3322,#3323,#3324),(#3325,#3326,#3327,#3328,#3329,
#3330,#3331,#3332,#3333,#3334),(#3335,#3336,#3337,#3338,#3339,#3340,#3341,
#3342,#3343,#3344),(#3345,#3346,#3347,#3348,#3349,#3350,#3351,#3352,#3353,
#3354),(#3355,#3356,#3357,#3358,#3359,#3360,#3361,#3362,#3363,#3364)),
 .UNSPECIFIED.,.F.,.F.,.F.,(4,2,2,2,4),(4,2,2,2,4),(0.,0.25,0.5,0.75,1.),
(0.,0.25,0.5,0.75,1.),.UNSPECIFIED.);
#23=B_SPLINE_SURFACE_WITH_KNOTS('',3,3,((#3380,#3381,#3382,#3383,#3384,
#3385,#3386,#3387,#3388,#3389),(#3390,#3391,#3392,#3393,#3394,#3395,#3396,
#3397,#3398,#3399),(#3400,#3401,#3402,#3403,#3404,#3405,#3406,#3407,#3408,
#3409),(#3410,#3411,#3412,#3413,#3414,#3415,#3416,#3417,#3418,#3419),(#3420,
#3421,#3422,#3423,#3424,#3425,#3426,#3427,#3428,#3429),(#3430,#3431,#3432,
#3433,#3434,#3435,#3436,#3437,#3438,#3439)),.UNSPECIFIED.,.F.,.F.,.F.,(4,
2,4),(4,2,2,2,4),(0.5,0.75,1.),(0.5,0.625,0.75,0.875,1.),.UNSPECIFIED.);
#24=B_SPLINE_SURFACE_WITH_KNOTS('',3,3,((#3462,#3463,#3464,#3465,#3466),
(#3467,#3468,#3469,#3470,#3471),(#3472,#3473,#3474,#3475,#3476),(#3477,
#3478,#3479,#3480,#3481),(#3482,#3483,#3484,#3485,#3486),(#3487,#3488,#3489,
#3490,#3491),(#3492,#3493,#3494,#3495,#3496),(#3497,#3498,#3499,#3500,#3501)),
 .UNSPECIFIED.,.F.,.F.,.F.,(4,2,2,4),(4,1,4),(0.,0.125,0.25,0.5),(0.5,0.75,
1.),.UNSPECIFIED.);
#25=B_SPLINE_SURFACE_WITH_KNOTS('',3,3,((#3526,#3527,#3528,#3529,#3530,
#3531,#3532,#3533,#3534,#3535),(#3536,#3537,#3538,#3539,#3540,#3541,#3542,
#3543,#3544,#3545),(#3546,#3547,#3548,#3549,#3550,#3551,#3552,#3553,#3554,
#3555),(#3556,#3557,#3558,#3559,#3560,#3561,#3562,#3563,#3564,#3565),(#3566,
#3567,#3568,#3569,#3570,#3571,#3572,#3573,#3574,#3575),(#3576,#3577,#3578,
#3579,#3580,#3581,#3582,#3583,#3584,#3585)),.UNSPECIFIED.,.F.,.F.,.F.,(4,
2,4),(4,2,2,2,4),(0.5,0.75,1.),(0.,0.125,0.25,0.375,0.5),.UNSPECIFIED.);
#26=B_SPLINE_SURFACE_WITH_KNOTS('',3,3,((#3598,#3599,#3600,#3601,#3602),
(#3603,#3604,#3605,#3606,#3607),(#3608,#3609,#3610,#3611,#3612),(#3613,
#3614,#3615,#3616,#3617),(#3618,#3619,#3620,#3621,#3622),(#3623,#3624,#3625,
#3626,#3627),(#3628,#3629,#3630,#3631,#3632),(#3633,#3634,#3635,#3636,#3637)),
 .UNSPECIFIED.,.F.,.F.,.F.,(4,2,2,4),(4,1,4),(0.,0.125,0.25,0.5),(0.,0.25,
0.5),.UNSPECIFIED.);
#27=B_SPLINE_SURFACE_WITH_KNOTS('',3,3,((#3657,#3658,#3659,#3660,#3661,
#3662,#3663,#3664,#3665,#3666),(#3667,#3668,#3669,#3670,#3671,#3672,#3673,
#3674,#3675,#3676),(#3677,#3678,#3679,#3680,#3681,#3682,#3683,#3684,#3685,
#3686),(#3687,#3688,#3689,#3690,#3691,#3692,#3693,#3694,#3695,#3696),(#3697,
#3698,#3699,#3700,#3701,#3702,#3703,#3704,#3705,#3706),(#3707,#3708,#3709,
#3710,#3711,#3712,#3713,#3714,#3715,#3716),(#3717,#3718,#3719,#3720,#3721,
#3722,#3723,#3724,#3725,#3726),(#3727,#3728,#3729,#3730,#3731,#3732,#3733,
#3734,#3735,#3736),(#3737,#3738,#3739,#3740,#3741,#3742,#3743,#3744,#3745,
#3746),(#3747,#3748,#3749,#3750,#3751,#3752,#3753,#3754,#3755,#3756)),
 .UNSPECIFIED.,.F.,.F.,.F.,(4,2,2,2,4),(4,2,2,2,4),(0.,0.25,0.5,0.75,1.),
(0.,0.25,0.5,0.75,1.),.UNSPECIFIED.);
#28=B_SPLINE_SURFACE_WITH_KNOTS('',2,3,((#3792,#3793,#3794,#3795),(#3796,
#3797,#3798,#3799),(#3800,#3801,#3802,#3803)),.UNSPECIFIED.,.F.,.F.,.F.,
(3,3),(4,4),(0.,1.),(0.211807812227527,0.217204108260257),
 .PIECEWISE_BEZIER_KNOTS.);
#29=B_SPLINE_SURFACE_WITH_KNOTS('',3,3,((#3829,#3830,#3831,#3832,#3833,
#3834,#3835,#3836,#3837,#3838),(#3839,#3840,#3841,#3842,#3843,#3844,#3845,
#3846,#3847,#3848),(#3849,#3850,#3851,#3852,#3853,#3854,#3855,#3856,#3857,
#3858),(#3859,#3860,#3861,#3862,#3863,#3864,#3865,#3866,#3867,#3868),(#3869,
#3870,#3871,#3872,#3873,#3874,#3875,#3876,#3877,#3878),(#3879,#3880,#3881,
#3882,#3883,#3884,#3885,#3886,#3887,#3888),(#3889,#3890,#3891,#3892,#3893,
#3894,#3895,#3896,#3897,#3898),(#3899,#3900,#3901,#3902,#3903,#3904,#3905,
#3906,#3907,#3908),(#3909,#3910,#3911,#3912,#3913,#3914,#3915,#3916,#3917,
#3918),(#3919,#3920,#3921,#3922,#3923,#3924,#3925,#3926,#3927,#3928),(#3929,
#3930,#3931,#3932,#3933,#3934,#3935,#3936,#3937,#3938),(#3939,#3940,#3941,
#3942,#3943,#3944,#3945,#3946,#3947,#3948),(#3949,#3950,#3951,#3952,#3953,
#3954,#3955,#3956,#3957,#3958),(#3959,#3960,#3961,#3962,#3963,#3964,#3965,
#3966,#3967,#3968),(#3969,#3970,#3971,#3972,#3973,#3974,#3975,#3976,#3977,
#3978),(#3979,#3980,#3981,#3982,#3983,#3984,#3985,#3986,#3987,#3988),(#3989,
#3990,#3991,#3992,#3993,#3994,#3995,#3996,#3997,#3998),(#3999,#4000,#4001,
#4002,#4003,#4004,#4005,#4006,#4007,#4008)),.UNSPECIFIED.,.F.,.F.,.F.,(4,
2,2,2,2,2,2,2,4),(4,2,2,2,4),(0.,0.125,0.25,0.375,0.5,0.625,0.75,0.875,
1.),(0.,0.25,0.5,0.75,1.),.UNSPECIFIED.);
#30=B_SPLINE_SURFACE_WITH_KNOTS('',2,3,((#4066,#4067,#4068,#4069,#4070,
#4071,#4072,#4073,#4074,#4075,#4076),(#4077,#4078,#4079,#4080,#4081,#4082,
#4083,#4084,#4085,#4086,#4087),(#4088,#4089,#4090,#4091,#4092,#4093,#4094,
#4095,#4096,#4097,#4098)),.UNSPECIFIED.,.F.,.F.,.F.,(3,3),(4,3,2,2,4),(0.,
1.),(0.203699913626254,0.206075540577031,0.211604474671567,0.217855389131539,
0.219448980329652),.UNSPECIFIED.);
#31=B_SPLINE_SURFACE_WITH_KNOTS('',2,3,((#4116,#4117,#4118,#4119),(#4120,
#4121,#4122,#4123),(#4124,#4125,#4126,#4127)),.UNSPECIFIED.,.F.,.F.,.F.,
(3,3),(4,4),(0.,1.),(3.08715174396615,3.46937987406028),
 .PIECEWISE_BEZIER_KNOTS.);
#32=B_SPLINE_SURFACE_WITH_KNOTS('',2,3,((#4132,#4133,#4134,#4135),(#4136,
#4137,#4138,#4139),(#4140,#4141,#4142,#4143)),.UNSPECIFIED.,.F.,.F.,.F.,
(3,3),(4,4),(0.,1.),(0.,0.00658653646829279),.PIECEWISE_BEZIER_KNOTS.);
#33=B_SPLINE_SURFACE_WITH_KNOTS('',2,3,((#4148,#4149,#4150,#4151,#4152,
#4153,#4154,#4155,#4156,#4157,#4158,#4159,#4160,#4161),(#4162,#4163,#4164,
#4165,#4166,#4167,#4168,#4169,#4170,#4171,#4172,#4173,#4174,#4175),(#4176,
#4177,#4178,#4179,#4180,#4181,#4182,#4183,#4184,#4185,#4186,#4187,#4188,
#4189)),.UNSPECIFIED.,.F.,.F.,.F.,(3,3),(4,2,2,2,2,2,4),(0.,1.),(0.,0.00404097190274687,
0.00606145785412031,0.00808194380549374,0.0101024297568672,0.0121229157082406,
0.0161638876109875),.UNSPECIFIED.);
#34=B_SPLINE_SURFACE_WITH_KNOTS('',2,3,((#4194,#4195,#4196,#4197),(#4198,
#4199,#4200,#4201),(#4202,#4203,#4204,#4205)),.UNSPECIFIED.,.F.,.F.,.F.,
(3,3),(4,4),(0.,1.),(0.,0.00183674454172349),.PIECEWISE_BEZIER_KNOTS.);
#35=B_SPLINE_SURFACE_WITH_KNOTS('',2,3,((#4230,#4231,#4232,#4233),(#4234,
#4235,#4236,#4237),(#4238,#4239,#4240,#4241)),.UNSPECIFIED.,.F.,.F.,.F.,
(3,3),(4,4),(0.,1.),(0.,0.00728078828151849),.PIECEWISE_BEZIER_KNOTS.);
#36=B_SPLINE_SURFACE_WITH_KNOTS('',2,3,((#4246,#4247,#4248,#4249,#4250,
#4251,#4252,#4253),(#4254,#4255,#4256,#4257,#4258,#4259,#4260,#4261),(#4262,
#4263,#4264,#4265,#4266,#4267,#4268,#4269)),.UNSPECIFIED.,.F.,.F.,.F.,(3,
3),(4,2,2,4),(0.,1.),(0.,0.00263240616982338,0.00526481233964675,0.00552115201634232),
 .UNSPECIFIED.);
#37=B_SPLINE_SURFACE_WITH_KNOTS('',2,3,((#4274,#4275,#4276,#4277,#4278,
#4279),(#4280,#4281,#4282,#4283,#4284,#4285),(#4286,#4287,#4288,#4289,#4290,
#4291)),.UNSPECIFIED.,.F.,.F.,.F.,(3,3),(4,2,4),(0.,1.),(0.,0.00354023874200006,
0.00375770191387259),.UNSPECIFIED.);
#38=B_SPLINE_SURFACE_WITH_KNOTS('',2,3,((#4296,#4297,#4298,#4299),(#4300,
#4301,#4302,#4303),(#4304,#4305,#4306,#4307)),.UNSPECIFIED.,.F.,.F.,.F.,
(3,3),(4,4),(0.,1.),(0.,0.00857515138821636),.PIECEWISE_BEZIER_KNOTS.);
#39=B_SPLINE_SURFACE_WITH_KNOTS('',2,3,((#4312,#4313,#4314,#4315),(#4316,
#4317,#4318,#4319),(#4320,#4321,#4322,#4323)),.UNSPECIFIED.,.F.,.F.,.F.,
(3,3),(4,4),(0.,1.),(3.08715174396615,3.4693798740773),
 .PIECEWISE_BEZIER_KNOTS.);
#40=B_SPLINE_SURFACE_WITH_KNOTS('',2,3,((#4324,#4325,#4326,#4327),(#4328,
#4329,#4330,#4331),(#4332,#4333,#4334,#4335)),.UNSPECIFIED.,.F.,.F.,.F.,
(3,3),(4,4),(0.,1.),(5.955398086691,6.33762621680322),
 .PIECEWISE_BEZIER_KNOTS.);
#41=B_SPLINE_SURFACE_WITH_KNOTS('',2,3,((#4340,#4341,#4342,#4343),(#4344,
#4345,#4346,#4347),(#4348,#4349,#4350,#4351)),.UNSPECIFIED.,.F.,.F.,.F.,
(3,3),(4,4),(0.,1.),(0.,0.0065865364692471),.PIECEWISE_BEZIER_KNOTS.);
#42=B_SPLINE_SURFACE_WITH_KNOTS('',2,3,((#4356,#4357,#4358,#4359,#4360,
#4361,#4362,#4363,#4364,#4365,#4366,#4367,#4368,#4369),(#4370,#4371,#4372,
#4373,#4374,#4375,#4376,#4377,#4378,#4379,#4380,#4381,#4382,#4383),(#4384,
#4385,#4386,#4387,#4388,#4389,#4390,#4391,#4392,#4393,#4394,#4395,#4396,
#4397)),.UNSPECIFIED.,.F.,.F.,.F.,(3,3),(4,2,2,2,2,2,4),(0.,1.),(0.,0.00404097190237004,
0.00606145785355506,0.00808194380474008,0.0101024297559251,0.0121229157071101,
0.0161638738837297),.UNSPECIFIED.);
#43=B_SPLINE_SURFACE_WITH_KNOTS('',2,3,((#4402,#4403,#4404,#4405),(#4406,
#4407,#4408,#4409),(#4410,#4411,#4412,#4413)),.UNSPECIFIED.,.F.,.F.,.F.,
(3,3),(4,4),(0.,1.),(0.,0.00183674454039531),.PIECEWISE_BEZIER_KNOTS.);
#44=B_SPLINE_SURFACE_WITH_KNOTS('',2,3,((#4438,#4439,#4440,#4441),(#4442,
#4443,#4444,#4445),(#4446,#4447,#4448,#4449)),.UNSPECIFIED.,.F.,.F.,.F.,
(3,3),(4,4),(0.,1.),(0.,0.0042388354064482),.PIECEWISE_BEZIER_KNOTS.);
#45=B_SPLINE_SURFACE_WITH_KNOTS('',2,3,((#4454,#4455,#4456,#4457,#4458,
#4459,#4460,#4461,#4462,#4463,#4464,#4465,#4466,#4467),(#4468,#4469,#4470,
#4471,#4472,#4473,#4474,#4475,#4476,#4477,#4478,#4479,#4480,#4481),(#4482,
#4483,#4484,#4485,#4486,#4487,#4488,#4489,#4490,#4491,#4492,#4493,#4494,
#4495)),.UNSPECIFIED.,.F.,.F.,.F.,(3,3),(4,2,2,2,2,2,4),(0.,1.),(0.,0.00382650718287977,
0.00573976077431966,0.00765301436575955,0.00956626795719944,0.0114795215486393,
0.0153060287315191),.UNSPECIFIED.);
#46=B_SPLINE_SURFACE_WITH_KNOTS('',2,3,((#4500,#4501,#4502,#4503),(#4504,
#4505,#4506,#4507),(#4508,#4509,#4510,#4511)),.UNSPECIFIED.,.F.,.F.,.F.,
(3,3),(4,4),(0.,1.),(0.,0.00501317452453843),.PIECEWISE_BEZIER_KNOTS.);
#47=B_SPLINE_SURFACE_WITH_KNOTS('',2,3,((#4516,#4517,#4518,#4519),(#4520,
#4521,#4522,#4523),(#4524,#4525,#4526,#4527)),.UNSPECIFIED.,.F.,.F.,.F.,
(3,3),(4,4),(0.,1.),(5.95539808669106,6.33762621680322),
 .PIECEWISE_BEZIER_KNOTS.);
#48=B_SPLINE_SURFACE_WITH_KNOTS('',2,3,((#4532,#4533,#4534,#4535,#4536,
#4537,#4538,#4539,#4540,#4541,#4542,#4543,#4544,#4545,#4546,#4547,#4548,
#4549,#4550,#4551,#4552,#4553,#4554,#4555,#4556,#4557,#4558,#4559,#4560,
#4561,#4562,#4563,#4564,#4565),(#4566,#4567,#4568,#4569,#4570,#4571,#4572,
#4573,#4574,#4575,#4576,#4577,#4578,#4579,#4580,#4581,#4582,#4583,#4584,
#4585,#4586,#4587,#4588,#4589,#4590,#4591,#4592,#4593,#4594,#4595,#4596,
#4597,#4598,#4599),(#4600,#4601,#4602,#4603,#4604,#4605,#4606,#4607,#4608,
#4609,#4610,#4611,#4612,#4613,#4614,#4615,#4616,#4617,#4618,#4619,#4620,
#4621,#4622,#4623,#4624,#4625,#4626,#4627,#4628,#4629,#4630,#4631,#4632,
#4633)),.UNSPECIFIED.,.F.,.T.,.F.,(3,3),(4,2,2,2,2,2,2,2,2,2,2,2,2,2,2,
2,4),(0.,1.),(-6.28318530717959,-5.89048622548086,-5.49778714378214,-5.10508806208341,
-4.71238898038469,-4.31968989868597,-3.92699081698724,-3.53429173528852,
-3.1415926535898,-2.74889357189107,-2.35619449019234,-1.96349540849362,
-1.5707963267949,-1.17809724509617,-0.785398163397448,-0.392699081698724,
0.),.UNSPECIFIED.);
#49=SPHERICAL_SURFACE('',#1721,0.00127);
#50=TOROIDAL_SURFACE('',#1719,0.00254,0.00127);
#51=LINE('',#2092,#85);
#52=LINE('',#2096,#86);
#53=LINE('',#2104,#87);
#54=LINE('',#2108,#88);
#55=LINE('',#2115,#89);
#56=LINE('',#2124,#90);
#57=LINE('',#2126,#91);
#58=LINE('',#2128,#92);
#59=LINE('',#2136,#93);
#60=LINE('',#2138,#94);
#61=LINE('',#2150,#95);
#62=LINE('',#2162,#96);
#63=LINE('',#2163,#97);
#64=LINE('',#2172,#98);
#65=LINE('',#2176,#99);
#66=LINE('',#2178,#100);
#67=LINE('',#2180,#101);
#68=LINE('',#2196,#102);
#69=LINE('',#2263,#103);
#70=LINE('',#2264,#104);
#71=LINE('',#2342,#105);
#72=LINE('',#2343,#106);
#73=LINE('',#2345,#107);
#74=LINE('',#2346,#108);
#75=LINE('',#2404,#109);
#76=LINE('',#2405,#110);
#77=LINE('',#2407,#111);
#78=LINE('',#2409,#112);
#79=LINE('',#2411,#113);
#80=LINE('',#2412,#114);
#81=LINE('',#2529,#115);
#82=LINE('',#2552,#116);
#83=LINE('',#2570,#117);
#84=LINE('',#2605,#118);
#85=VECTOR('',#1769,1.);
#86=VECTOR('',#1772,1.);
#87=VECTOR('',#1779,1.);
#88=VECTOR('',#1782,1.);
#89=VECTOR('',#1785,1.);
#90=VECTOR('',#1792,1.);
#91=VECTOR('',#1793,1.);
#92=VECTOR('',#1794,1.);
#93=VECTOR('',#1801,1.);
#94=VECTOR('',#1802,1.);
#95=VECTOR('',#1815,1.);
#96=VECTOR('',#1826,1.);
#97=VECTOR('',#1827,1.);
#98=VECTOR('',#1834,1.);
#99=VECTOR('',#1837,1.);
#100=VECTOR('',#1838,1.);
#101=VECTOR('',#1839,1.);
#102=VECTOR('',#1856,1.);
#103=VECTOR('',#1869,1.);
#104=VECTOR('',#1870,1.);
#105=VECTOR('',#1927,1.);
#106=VECTOR('',#1928,1.);
#107=VECTOR('',#1931,1.);
#108=VECTOR('',#1932,1.);
#109=VECTOR('',#1981,1.);
#110=VECTOR('',#1982,1.);
#111=VECTOR('',#1985,1.);
#112=VECTOR('',#1988,1.);
#113=VECTOR('',#1991,1.);
#114=VECTOR('',#1992,1.);
#115=VECTOR('',#2013,1.);
#116=VECTOR('',#2016,1.);
#117=VECTOR('',#2019,1.);
#118=VECTOR('',#2020,1.);
#119=PLANE('',#1625);
#120=PLANE('',#1634);
#121=PLANE('',#1646);
#122=PLANE('',#1661);
#123=PLANE('',#1664);
#124=PLANE('',#1667);
#125=PLANE('',#1672);
#126=PLANE('',#1687);
#127=PLANE('',#1690);
#128=PLANE('',#1693);
#129=PLANE('',#1696);
#130=PLANE('',#1698);
#131=PLANE('',#1707);
#132=PLANE('',#1710);
#133=PLANE('',#1713);
#134=PLANE('',#1716);
#135=PLANE('',#1722);
#136=PLANE('',#1723);
#137=PLANE('',#1724);
#138=PLANE('',#1725);
#139=PLANE('',#1732);
#140=PLANE('',#1733);
#141=PLANE('',#1734);
#142=PLANE('',#1739);
#143=PLANE('',#1754);
#144=CIRCLE('',#1624,0.01115);
#145=CIRCLE('',#1626,0.001);
#146=CIRCLE('',#1627,0.001);
#147=CIRCLE('',#1628,0.01614);
#148=CIRCLE('',#1629,0.000889);
#149=CIRCLE('',#1630,0.000889);
#150=CIRCLE('',#1631,0.008255);
#151=CIRCLE('',#1632,0.000889);
#152=CIRCLE('',#1633,0.000889);
#153=CIRCLE('',#1635,0.0760339882398847);
#154=CIRCLE('',#1636,0.276065789971845);
#155=CIRCLE('',#1637,0.0760339882398963);
#156=CIRCLE('',#1638,0.0760339882399835);
#157=CIRCLE('',#1639,0.276065789971845);
#158=CIRCLE('',#1640,0.0760339882399817);
#159=CIRCLE('',#1641,0.00254);
#160=CIRCLE('',#1642,0.0015);
#161=CIRCLE('',#1643,0.0015);
#162=CIRCLE('',#1644,0.0015);
#163=CIRCLE('',#1645,0.0015);
#164=CIRCLE('',#1647,0.0760714578337894);
#165=CIRCLE('',#1648,0.0844557257100155);
#166=CIRCLE('',#1649,0.01614);
#167=CIRCLE('',#1650,0.0844557257100155);
#168=CIRCLE('',#1651,0.0760714578332067);
#169=CIRCLE('',#1652,0.000889);
#170=CIRCLE('',#1653,0.008255);
#171=CIRCLE('',#1654,0.000889);
#172=CIRCLE('',#1655,0.000889);
#173=CIRCLE('',#1656,0.000889);
#174=CIRCLE('',#1657,0.0025);
#175=CIRCLE('',#1658,0.0025);
#176=CIRCLE('',#1659,0.0025);
#177=CIRCLE('',#1660,0.0025);
#178=CIRCLE('',#1662,0.001);
#179=CIRCLE('',#1663,0.001);
#180=CIRCLE('',#1665,0.01614);
#181=CIRCLE('',#1666,0.00889);
#182=CIRCLE('',#1668,0.0844557257100155);
#183=CIRCLE('',#1669,0.076077648633502);
#184=CIRCLE('',#1670,0.0844557257100155);
#185=CIRCLE('',#1671,0.01614);
#186=CIRCLE('',#1673,0.002);
#187=CIRCLE('',#1674,0.002);
#188=CIRCLE('',#1675,0.002);
#189=CIRCLE('',#1676,0.002);
#190=CIRCLE('',#1678,0.001);
#191=CIRCLE('',#1680,0.001);
#192=CIRCLE('',#1682,0.001);
#193=CIRCLE('',#1684,0.001);
#194=CIRCLE('',#1686,0.0025);
#195=CIRCLE('',#1689,0.0025);
#196=CIRCLE('',#1692,0.0025);
#197=CIRCLE('',#1695,0.0025);
#198=CIRCLE('',#1700,0.0015);
#199=CIRCLE('',#1702,0.0015);
#200=CIRCLE('',#1704,0.0015);
#201=CIRCLE('',#1706,0.0015);
#202=CIRCLE('',#1708,0.002);
#203=CIRCLE('',#1711,0.002);
#204=CIRCLE('',#1714,0.002);
#205=CIRCLE('',#1717,0.002);
#206=CIRCLE('',#1720,0.00127);
#207=CIRCLE('',#1742,0.0680330402161293);
#208=CIRCLE('',#1743,0.063762082644839);
#209=CIRCLE('',#1746,0.0686530665678098);
#210=CIRCLE('',#1753,0.00889);
#211=ORIENTED_EDGE('',*,*,#665,.T.);
#212=ORIENTED_EDGE('',*,*,#666,.F.);
#213=ORIENTED_EDGE('',*,*,#667,.F.);
#214=ORIENTED_EDGE('',*,*,#668,.F.);
#215=ORIENTED_EDGE('',*,*,#669,.T.);
#216=ORIENTED_EDGE('',*,*,#670,.T.);
#217=ORIENTED_EDGE('',*,*,#671,.T.);
#218=ORIENTED_EDGE('',*,*,#672,.T.);
#219=ORIENTED_EDGE('',*,*,#673,.T.);
#220=ORIENTED_EDGE('',*,*,#674,.T.);
#221=ORIENTED_EDGE('',*,*,#675,.F.);
#222=ORIENTED_EDGE('',*,*,#676,.T.);
#223=ORIENTED_EDGE('',*,*,#677,.F.);
#224=ORIENTED_EDGE('',*,*,#678,.T.);
#225=ORIENTED_EDGE('',*,*,#679,.F.);
#226=ORIENTED_EDGE('',*,*,#680,.T.);
#227=ORIENTED_EDGE('',*,*,#681,.F.);
#228=ORIENTED_EDGE('',*,*,#682,.T.);
#229=ORIENTED_EDGE('',*,*,#683,.T.);
#230=ORIENTED_EDGE('',*,*,#684,.T.);
#231=ORIENTED_EDGE('',*,*,#685,.F.);
#232=ORIENTED_EDGE('',*,*,#686,.F.);
#233=ORIENTED_EDGE('',*,*,#687,.T.);
#234=ORIENTED_EDGE('',*,*,#688,.T.);
#235=ORIENTED_EDGE('',*,*,#689,.F.);
#236=ORIENTED_EDGE('',*,*,#690,.T.);
#237=ORIENTED_EDGE('',*,*,#691,.T.);
#238=ORIENTED_EDGE('',*,*,#692,.T.);
#239=ORIENTED_EDGE('',*,*,#693,.T.);
#240=ORIENTED_EDGE('',*,*,#694,.F.);
#241=ORIENTED_EDGE('',*,*,#695,.F.);
#242=ORIENTED_EDGE('',*,*,#696,.F.);
#243=ORIENTED_EDGE('',*,*,#697,.F.);
#244=ORIENTED_EDGE('',*,*,#698,.T.);
#245=ORIENTED_EDGE('',*,*,#699,.T.);
#246=ORIENTED_EDGE('',*,*,#700,.F.);
#247=ORIENTED_EDGE('',*,*,#701,.F.);
#248=ORIENTED_EDGE('',*,*,#702,.T.);
#249=ORIENTED_EDGE('',*,*,#703,.T.);
#250=ORIENTED_EDGE('',*,*,#704,.F.);
#251=ORIENTED_EDGE('',*,*,#686,.T.);
#252=ORIENTED_EDGE('',*,*,#705,.F.);
#253=ORIENTED_EDGE('',*,*,#706,.T.);
#254=ORIENTED_EDGE('',*,*,#707,.T.);
#255=ORIENTED_EDGE('',*,*,#708,.T.);
#256=ORIENTED_EDGE('',*,*,#709,.T.);
#257=ORIENTED_EDGE('',*,*,#710,.T.);
#258=ORIENTED_EDGE('',*,*,#711,.T.);
#259=ORIENTED_EDGE('',*,*,#712,.T.);
#260=ORIENTED_EDGE('',*,*,#713,.F.);
#261=ORIENTED_EDGE('',*,*,#714,.T.);
#262=ORIENTED_EDGE('',*,*,#715,.F.);
#263=ORIENTED_EDGE('',*,*,#716,.F.);
#264=ORIENTED_EDGE('',*,*,#717,.F.);
#265=ORIENTED_EDGE('',*,*,#718,.F.);
#266=ORIENTED_EDGE('',*,*,#719,.F.);
#267=ORIENTED_EDGE('',*,*,#720,.F.);
#268=ORIENTED_EDGE('',*,*,#721,.F.);
#269=ORIENTED_EDGE('',*,*,#722,.T.);
#270=ORIENTED_EDGE('',*,*,#723,.T.);
#271=ORIENTED_EDGE('',*,*,#724,.T.);
#272=ORIENTED_EDGE('',*,*,#725,.T.);
#273=ORIENTED_EDGE('',*,*,#726,.T.);
#274=ORIENTED_EDGE('',*,*,#727,.F.);
#275=ORIENTED_EDGE('',*,*,#728,.T.);
#276=ORIENTED_EDGE('',*,*,#729,.F.);
#277=ORIENTED_EDGE('',*,*,#730,.T.);
#278=ORIENTED_EDGE('',*,*,#731,.T.);
#279=ORIENTED_EDGE('',*,*,#732,.T.);
#280=ORIENTED_EDGE('',*,*,#733,.F.);
#281=ORIENTED_EDGE('',*,*,#692,.F.);
#282=ORIENTED_EDGE('',*,*,#734,.T.);
#283=ORIENTED_EDGE('',*,*,#735,.T.);
#284=ORIENTED_EDGE('',*,*,#736,.F.);
#285=ORIENTED_EDGE('',*,*,#737,.T.);
#286=ORIENTED_EDGE('',*,*,#738,.F.);
#287=ORIENTED_EDGE('',*,*,#739,.T.);
#288=ORIENTED_EDGE('',*,*,#740,.T.);
#289=ORIENTED_EDGE('',*,*,#741,.F.);
#290=ORIENTED_EDGE('',*,*,#742,.T.);
#291=ORIENTED_EDGE('',*,*,#743,.T.);
#292=ORIENTED_EDGE('',*,*,#744,.T.);
#293=ORIENTED_EDGE('',*,*,#745,.F.);
#294=ORIENTED_EDGE('',*,*,#746,.T.);
#295=ORIENTED_EDGE('',*,*,#747,.F.);
#296=ORIENTED_EDGE('',*,*,#667,.T.);
#297=ORIENTED_EDGE('',*,*,#748,.F.);
#298=ORIENTED_EDGE('',*,*,#668,.T.);
#299=ORIENTED_EDGE('',*,*,#749,.F.);
#300=ORIENTED_EDGE('',*,*,#719,.T.);
#301=ORIENTED_EDGE('',*,*,#750,.F.);
#302=ORIENTED_EDGE('',*,*,#720,.T.);
#303=ORIENTED_EDGE('',*,*,#751,.F.);
#304=ORIENTED_EDGE('',*,*,#752,.F.);
#305=ORIENTED_EDGE('',*,*,#717,.T.);
#306=ORIENTED_EDGE('',*,*,#751,.T.);
#307=ORIENTED_EDGE('',*,*,#752,.T.);
#308=ORIENTED_EDGE('',*,*,#753,.F.);
#309=ORIENTED_EDGE('',*,*,#716,.T.);
#310=ORIENTED_EDGE('',*,*,#750,.T.);
#311=ORIENTED_EDGE('',*,*,#753,.T.);
#312=ORIENTED_EDGE('',*,*,#754,.F.);
#313=ORIENTED_EDGE('',*,*,#718,.T.);
#314=ORIENTED_EDGE('',*,*,#749,.T.);
#315=ORIENTED_EDGE('',*,*,#754,.T.);
#316=ORIENTED_EDGE('',*,*,#755,.F.);
#317=ORIENTED_EDGE('',*,*,#715,.T.);
#318=ORIENTED_EDGE('',*,*,#748,.T.);
#319=ORIENTED_EDGE('',*,*,#755,.T.);
#320=ORIENTED_EDGE('',*,*,#707,.F.);
#321=ORIENTED_EDGE('',*,*,#756,.T.);
#322=ORIENTED_EDGE('',*,*,#675,.T.);
#323=ORIENTED_EDGE('',*,*,#757,.T.);
#324=ORIENTED_EDGE('',*,*,#712,.F.);
#325=ORIENTED_EDGE('',*,*,#758,.F.);
#326=ORIENTED_EDGE('',*,*,#721,.T.);
#327=ORIENTED_EDGE('',*,*,#759,.T.);
#328=ORIENTED_EDGE('',*,*,#760,.T.);
#329=ORIENTED_EDGE('',*,*,#697,.T.);
#330=ORIENTED_EDGE('',*,*,#761,.T.);
#331=ORIENTED_EDGE('',*,*,#696,.T.);
#332=ORIENTED_EDGE('',*,*,#762,.T.);
#333=ORIENTED_EDGE('',*,*,#695,.T.);
#334=ORIENTED_EDGE('',*,*,#763,.T.);
#335=ORIENTED_EDGE('',*,*,#694,.T.);
#336=ORIENTED_EDGE('',*,*,#764,.T.);
#337=ORIENTED_EDGE('',*,*,#763,.F.);
#338=ORIENTED_EDGE('',*,*,#745,.T.);
#339=ORIENTED_EDGE('',*,*,#765,.T.);
#340=ORIENTED_EDGE('',*,*,#764,.F.);
#341=ORIENTED_EDGE('',*,*,#766,.T.);
#342=ORIENTED_EDGE('',*,*,#762,.F.);
#343=ORIENTED_EDGE('',*,*,#738,.T.);
#344=ORIENTED_EDGE('',*,*,#766,.F.);
#345=ORIENTED_EDGE('',*,*,#767,.T.);
#346=ORIENTED_EDGE('',*,*,#761,.F.);
#347=ORIENTED_EDGE('',*,*,#747,.T.);
#348=ORIENTED_EDGE('',*,*,#767,.F.);
#349=ORIENTED_EDGE('',*,*,#768,.T.);
#350=ORIENTED_EDGE('',*,*,#760,.F.);
#351=ORIENTED_EDGE('',*,*,#741,.T.);
#352=ORIENTED_EDGE('',*,*,#769,.T.);
#353=ORIENTED_EDGE('',*,*,#768,.F.);
#354=ORIENTED_EDGE('',*,*,#693,.F.);
#355=ORIENTED_EDGE('',*,*,#770,.F.);
#356=ORIENTED_EDGE('',*,*,#770,.T.);
#357=ORIENTED_EDGE('',*,*,#705,.T.);
#358=ORIENTED_EDGE('',*,*,#771,.T.);
#359=ORIENTED_EDGE('',*,*,#677,.T.);
#360=ORIENTED_EDGE('',*,*,#772,.T.);
#361=ORIENTED_EDGE('',*,*,#679,.T.);
#362=ORIENTED_EDGE('',*,*,#773,.T.);
#363=ORIENTED_EDGE('',*,*,#713,.T.);
#364=ORIENTED_EDGE('',*,*,#759,.F.);
#365=ORIENTED_EDGE('',*,*,#711,.F.);
#366=ORIENTED_EDGE('',*,*,#774,.T.);
#367=ORIENTED_EDGE('',*,*,#671,.F.);
#368=ORIENTED_EDGE('',*,*,#758,.T.);
#369=ORIENTED_EDGE('',*,*,#673,.F.);
#370=ORIENTED_EDGE('',*,*,#775,.T.);
#371=ORIENTED_EDGE('',*,*,#709,.F.);
#372=ORIENTED_EDGE('',*,*,#776,.T.);
#373=ORIENTED_EDGE('',*,*,#672,.F.);
#374=ORIENTED_EDGE('',*,*,#774,.F.);
#375=ORIENTED_EDGE('',*,*,#710,.F.);
#376=ORIENTED_EDGE('',*,*,#775,.F.);
#377=ORIENTED_EDGE('',*,*,#678,.F.);
#378=ORIENTED_EDGE('',*,*,#771,.F.);
#379=ORIENTED_EDGE('',*,*,#714,.F.);
#380=ORIENTED_EDGE('',*,*,#773,.F.);
#381=ORIENTED_EDGE('',*,*,#706,.F.);
#382=ORIENTED_EDGE('',*,*,#772,.F.);
#383=ORIENTED_EDGE('',*,*,#676,.F.);
#384=ORIENTED_EDGE('',*,*,#756,.F.);
#385=ORIENTED_EDGE('',*,*,#708,.F.);
#386=ORIENTED_EDGE('',*,*,#757,.F.);
#387=ORIENTED_EDGE('',*,*,#674,.F.);
#388=ORIENTED_EDGE('',*,*,#776,.F.);
#389=ORIENTED_EDGE('',*,*,#777,.T.);
#390=ORIENTED_EDGE('',*,*,#778,.T.);
#391=ORIENTED_EDGE('',*,*,#779,.T.);
#392=ORIENTED_EDGE('',*,*,#780,.T.);
#393=ORIENTED_EDGE('',*,*,#781,.T.);
#394=ORIENTED_EDGE('',*,*,#782,.T.);
#395=ORIENTED_EDGE('',*,*,#683,.F.);
#396=ORIENTED_EDGE('',*,*,#783,.T.);
#397=ORIENTED_EDGE('',*,*,#784,.T.);
#398=ORIENTED_EDGE('',*,*,#785,.T.);
#399=ORIENTED_EDGE('',*,*,#786,.T.);
#400=ORIENTED_EDGE('',*,*,#689,.T.);
#401=ORIENTED_EDGE('',*,*,#787,.T.);
#402=ORIENTED_EDGE('',*,*,#788,.T.);
#403=ORIENTED_EDGE('',*,*,#789,.T.);
#404=ORIENTED_EDGE('',*,*,#790,.T.);
#405=ORIENTED_EDGE('',*,*,#791,.T.);
#406=ORIENTED_EDGE('',*,*,#698,.F.);
#407=ORIENTED_EDGE('',*,*,#685,.T.);
#408=ORIENTED_EDGE('',*,*,#704,.T.);
#409=ORIENTED_EDGE('',*,*,#792,.T.);
#410=ORIENTED_EDGE('',*,*,#793,.T.);
#411=ORIENTED_EDGE('',*,*,#687,.F.);
#412=ORIENTED_EDGE('',*,*,#794,.T.);
#413=ORIENTED_EDGE('',*,*,#795,.T.);
#414=ORIENTED_EDGE('',*,*,#734,.F.);
#415=ORIENTED_EDGE('',*,*,#691,.F.);
#416=ORIENTED_EDGE('',*,*,#796,.T.);
#417=ORIENTED_EDGE('',*,*,#797,.T.);
#418=ORIENTED_EDGE('',*,*,#798,.T.);
#419=ORIENTED_EDGE('',*,*,#736,.T.);
#420=ORIENTED_EDGE('',*,*,#799,.T.);
#421=ORIENTED_EDGE('',*,*,#727,.T.);
#422=ORIENTED_EDGE('',*,*,#800,.T.);
#423=ORIENTED_EDGE('',*,*,#801,.T.);
#424=ORIENTED_EDGE('',*,*,#737,.F.);
#425=ORIENTED_EDGE('',*,*,#798,.F.);
#426=ORIENTED_EDGE('',*,*,#802,.T.);
#427=ORIENTED_EDGE('',*,*,#803,.T.);
#428=ORIENTED_EDGE('',*,*,#804,.T.);
#429=ORIENTED_EDGE('',*,*,#669,.F.);
#430=ORIENTED_EDGE('',*,*,#805,.T.);
#431=ORIENTED_EDGE('',*,*,#806,.F.);
#432=ORIENTED_EDGE('',*,*,#701,.T.);
#433=ORIENTED_EDGE('',*,*,#807,.T.);
#434=ORIENTED_EDGE('',*,*,#808,.T.);
#435=ORIENTED_EDGE('',*,*,#809,.T.);
#436=ORIENTED_EDGE('',*,*,#810,.T.);
#437=ORIENTED_EDGE('',*,*,#702,.F.);
#438=ORIENTED_EDGE('',*,*,#806,.T.);
#439=ORIENTED_EDGE('',*,*,#733,.T.);
#440=ORIENTED_EDGE('',*,*,#811,.T.);
#441=ORIENTED_EDGE('',*,*,#812,.T.);
#442=ORIENTED_EDGE('',*,*,#681,.T.);
#443=ORIENTED_EDGE('',*,*,#801,.F.);
#444=ORIENTED_EDGE('',*,*,#813,.T.);
#445=ORIENTED_EDGE('',*,*,#814,.T.);
#446=ORIENTED_EDGE('',*,*,#815,.T.);
#447=ORIENTED_EDGE('',*,*,#731,.F.);
#448=ORIENTED_EDGE('',*,*,#816,.T.);
#449=ORIENTED_EDGE('',*,*,#817,.T.);
#450=ORIENTED_EDGE('',*,*,#818,.T.);
#451=ORIENTED_EDGE('',*,*,#803,.F.);
#452=ORIENTED_EDGE('',*,*,#700,.T.);
#453=ORIENTED_EDGE('',*,*,#819,.T.);
#454=ORIENTED_EDGE('',*,*,#820,.T.);
#455=ORIENTED_EDGE('',*,*,#821,.T.);
#456=ORIENTED_EDGE('',*,*,#739,.F.);
#457=ORIENTED_EDGE('',*,*,#822,.T.);
#458=ORIENTED_EDGE('',*,*,#823,.T.);
#459=ORIENTED_EDGE('',*,*,#824,.T.);
#460=ORIENTED_EDGE('',*,*,#723,.F.);
#461=ORIENTED_EDGE('',*,*,#825,.T.);
#462=ORIENTED_EDGE('',*,*,#826,.T.);
#463=ORIENTED_EDGE('',*,*,#827,.T.);
#464=ORIENTED_EDGE('',*,*,#725,.F.);
#465=ORIENTED_EDGE('',*,*,#828,.T.);
#466=ORIENTED_EDGE('',*,*,#829,.T.);
#467=ORIENTED_EDGE('',*,*,#830,.T.);
#468=ORIENTED_EDGE('',*,*,#743,.F.);
#469=ORIENTED_EDGE('',*,*,#831,.T.);
#470=ORIENTED_EDGE('',*,*,#832,.T.);
#471=ORIENTED_EDGE('',*,*,#833,.F.);
#472=ORIENTED_EDGE('',*,*,#834,.T.);
#473=ORIENTED_EDGE('',*,*,#835,.T.);
#474=ORIENTED_EDGE('',*,*,#836,.F.);
#475=ORIENTED_EDGE('',*,*,#837,.F.);
#476=ORIENTED_EDGE('',*,*,#836,.T.);
#477=ORIENTED_EDGE('',*,*,#838,.T.);
#478=ORIENTED_EDGE('',*,*,#839,.T.);
#479=ORIENTED_EDGE('',*,*,#840,.F.);
#480=ORIENTED_EDGE('',*,*,#841,.F.);
#481=ORIENTED_EDGE('',*,*,#842,.T.);
#482=ORIENTED_EDGE('',*,*,#833,.T.);
#483=ORIENTED_EDGE('',*,*,#843,.F.);
#484=ORIENTED_EDGE('',*,*,#840,.T.);
#485=ORIENTED_EDGE('',*,*,#837,.T.);
#486=ORIENTED_EDGE('',*,*,#844,.T.);
#487=ORIENTED_EDGE('',*,*,#839,.F.);
#488=ORIENTED_EDGE('',*,*,#845,.T.);
#489=ORIENTED_EDGE('',*,*,#846,.F.);
#490=ORIENTED_EDGE('',*,*,#847,.T.);
#491=ORIENTED_EDGE('',*,*,#844,.F.);
#492=ORIENTED_EDGE('',*,*,#781,.F.);
#493=ORIENTED_EDGE('',*,*,#848,.T.);
#494=ORIENTED_EDGE('',*,*,#816,.F.);
#495=ORIENTED_EDGE('',*,*,#845,.F.);
#496=ORIENTED_EDGE('',*,*,#838,.F.);
#497=ORIENTED_EDGE('',*,*,#835,.F.);
#498=ORIENTED_EDGE('',*,*,#684,.F.);
#499=ORIENTED_EDGE('',*,*,#782,.F.);
#500=ORIENTED_EDGE('',*,*,#834,.F.);
#501=ORIENTED_EDGE('',*,*,#842,.F.);
#502=ORIENTED_EDGE('',*,*,#849,.F.);
#503=ORIENTED_EDGE('',*,*,#790,.F.);
#504=ORIENTED_EDGE('',*,*,#849,.T.);
#505=ORIENTED_EDGE('',*,*,#841,.T.);
#506=ORIENTED_EDGE('',*,*,#843,.T.);
#507=ORIENTED_EDGE('',*,*,#847,.F.);
#508=ORIENTED_EDGE('',*,*,#850,.F.);
#509=ORIENTED_EDGE('',*,*,#699,.F.);
#510=ORIENTED_EDGE('',*,*,#791,.F.);
#511=ORIENTED_EDGE('',*,*,#850,.T.);
#512=ORIENTED_EDGE('',*,*,#846,.T.);
#513=ORIENTED_EDGE('',*,*,#819,.F.);
#514=ORIENTED_EDGE('',*,*,#851,.F.);
#515=ORIENTED_EDGE('',*,*,#852,.T.);
#516=ORIENTED_EDGE('',*,*,#853,.T.);
#517=ORIENTED_EDGE('',*,*,#854,.F.);
#518=ORIENTED_EDGE('',*,*,#855,.F.);
#519=ORIENTED_EDGE('',*,*,#854,.T.);
#520=ORIENTED_EDGE('',*,*,#856,.T.);
#521=ORIENTED_EDGE('',*,*,#857,.T.);
#522=ORIENTED_EDGE('',*,*,#858,.F.);
#523=ORIENTED_EDGE('',*,*,#859,.F.);
#524=ORIENTED_EDGE('',*,*,#860,.T.);
#525=ORIENTED_EDGE('',*,*,#851,.T.);
#526=ORIENTED_EDGE('',*,*,#861,.F.);
#527=ORIENTED_EDGE('',*,*,#858,.T.);
#528=ORIENTED_EDGE('',*,*,#855,.T.);
#529=ORIENTED_EDGE('',*,*,#862,.T.);
#530=ORIENTED_EDGE('',*,*,#857,.F.);
#531=ORIENTED_EDGE('',*,*,#863,.T.);
#532=ORIENTED_EDGE('',*,*,#864,.F.);
#533=ORIENTED_EDGE('',*,*,#865,.T.);
#534=ORIENTED_EDGE('',*,*,#862,.F.);
#535=ORIENTED_EDGE('',*,*,#688,.F.);
#536=ORIENTED_EDGE('',*,*,#793,.F.);
#537=ORIENTED_EDGE('',*,*,#863,.F.);
#538=ORIENTED_EDGE('',*,*,#856,.F.);
#539=ORIENTED_EDGE('',*,*,#853,.F.);
#540=ORIENTED_EDGE('',*,*,#787,.F.);
#541=ORIENTED_EDGE('',*,*,#809,.F.);
#542=ORIENTED_EDGE('',*,*,#866,.T.);
#543=ORIENTED_EDGE('',*,*,#788,.F.);
#544=ORIENTED_EDGE('',*,*,#852,.F.);
#545=ORIENTED_EDGE('',*,*,#860,.F.);
#546=ORIENTED_EDGE('',*,*,#867,.F.);
#547=ORIENTED_EDGE('',*,*,#867,.T.);
#548=ORIENTED_EDGE('',*,*,#859,.T.);
#549=ORIENTED_EDGE('',*,*,#861,.T.);
#550=ORIENTED_EDGE('',*,*,#865,.F.);
#551=ORIENTED_EDGE('',*,*,#868,.F.);
#552=ORIENTED_EDGE('',*,*,#703,.F.);
#553=ORIENTED_EDGE('',*,*,#810,.F.);
#554=ORIENTED_EDGE('',*,*,#868,.T.);
#555=ORIENTED_EDGE('',*,*,#864,.T.);
#556=ORIENTED_EDGE('',*,*,#792,.F.);
#557=ORIENTED_EDGE('',*,*,#869,.F.);
#558=ORIENTED_EDGE('',*,*,#870,.T.);
#559=ORIENTED_EDGE('',*,*,#777,.F.);
#560=ORIENTED_EDGE('',*,*,#682,.F.);
#561=ORIENTED_EDGE('',*,*,#812,.F.);
#562=ORIENTED_EDGE('',*,*,#815,.F.);
#563=ORIENTED_EDGE('',*,*,#871,.T.);
#564=ORIENTED_EDGE('',*,*,#869,.T.);
#565=ORIENTED_EDGE('',*,*,#811,.F.);
#566=ORIENTED_EDGE('',*,*,#732,.F.);
#567=ORIENTED_EDGE('',*,*,#690,.F.);
#568=ORIENTED_EDGE('',*,*,#786,.F.);
#569=ORIENTED_EDGE('',*,*,#872,.F.);
#570=ORIENTED_EDGE('',*,*,#794,.F.);
#571=ORIENTED_EDGE('',*,*,#785,.F.);
#572=ORIENTED_EDGE('',*,*,#873,.T.);
#573=ORIENTED_EDGE('',*,*,#799,.F.);
#574=ORIENTED_EDGE('',*,*,#735,.F.);
#575=ORIENTED_EDGE('',*,*,#795,.F.);
#576=ORIENTED_EDGE('',*,*,#872,.T.);
#577=ORIENTED_EDGE('',*,*,#804,.F.);
#578=ORIENTED_EDGE('',*,*,#818,.F.);
#579=ORIENTED_EDGE('',*,*,#874,.F.);
#580=ORIENTED_EDGE('',*,*,#722,.F.);
#581=ORIENTED_EDGE('',*,*,#670,.F.);
#582=ORIENTED_EDGE('',*,*,#874,.T.);
#583=ORIENTED_EDGE('',*,*,#817,.F.);
#584=ORIENTED_EDGE('',*,*,#875,.F.);
#585=ORIENTED_EDGE('',*,*,#825,.F.);
#586=ORIENTED_EDGE('',*,*,#875,.T.);
#587=ORIENTED_EDGE('',*,*,#848,.F.);
#588=ORIENTED_EDGE('',*,*,#876,.F.);
#589=ORIENTED_EDGE('',*,*,#820,.F.);
#590=ORIENTED_EDGE('',*,*,#876,.T.);
#591=ORIENTED_EDGE('',*,*,#780,.F.);
#592=ORIENTED_EDGE('',*,*,#877,.F.);
#593=ORIENTED_EDGE('',*,*,#821,.F.);
#594=ORIENTED_EDGE('',*,*,#877,.T.);
#595=ORIENTED_EDGE('',*,*,#779,.F.);
#596=ORIENTED_EDGE('',*,*,#878,.F.);
#597=ORIENTED_EDGE('',*,*,#742,.F.);
#598=ORIENTED_EDGE('',*,*,#769,.F.);
#599=ORIENTED_EDGE('',*,*,#740,.F.);
#600=ORIENTED_EDGE('',*,*,#878,.T.);
#601=ORIENTED_EDGE('',*,*,#778,.F.);
#602=ORIENTED_EDGE('',*,*,#879,.F.);
#603=ORIENTED_EDGE('',*,*,#831,.F.);
#604=ORIENTED_EDGE('',*,*,#879,.T.);
#605=ORIENTED_EDGE('',*,*,#870,.F.);
#606=ORIENTED_EDGE('',*,*,#880,.F.);
#607=ORIENTED_EDGE('',*,*,#832,.F.);
#608=ORIENTED_EDGE('',*,*,#880,.T.);
#609=ORIENTED_EDGE('',*,*,#871,.F.);
#610=ORIENTED_EDGE('',*,*,#881,.F.);
#611=ORIENTED_EDGE('',*,*,#826,.F.);
#612=ORIENTED_EDGE('',*,*,#881,.T.);
#613=ORIENTED_EDGE('',*,*,#814,.F.);
#614=ORIENTED_EDGE('',*,*,#882,.F.);
#615=ORIENTED_EDGE('',*,*,#827,.F.);
#616=ORIENTED_EDGE('',*,*,#800,.F.);
#617=ORIENTED_EDGE('',*,*,#726,.F.);
#618=ORIENTED_EDGE('',*,*,#882,.T.);
#619=ORIENTED_EDGE('',*,*,#813,.F.);
#620=ORIENTED_EDGE('',*,*,#680,.F.);
#621=ORIENTED_EDGE('',*,*,#724,.F.);
#622=ORIENTED_EDGE('',*,*,#883,.F.);
#623=ORIENTED_EDGE('',*,*,#807,.F.);
#624=ORIENTED_EDGE('',*,*,#805,.F.);
#625=ORIENTED_EDGE('',*,*,#883,.T.);
#626=ORIENTED_EDGE('',*,*,#824,.F.);
#627=ORIENTED_EDGE('',*,*,#884,.F.);
#628=ORIENTED_EDGE('',*,*,#808,.F.);
#629=ORIENTED_EDGE('',*,*,#884,.T.);
#630=ORIENTED_EDGE('',*,*,#823,.F.);
#631=ORIENTED_EDGE('',*,*,#885,.F.);
#632=ORIENTED_EDGE('',*,*,#866,.F.);
#633=ORIENTED_EDGE('',*,*,#885,.T.);
#634=ORIENTED_EDGE('',*,*,#822,.F.);
#635=ORIENTED_EDGE('',*,*,#886,.F.);
#636=ORIENTED_EDGE('',*,*,#789,.F.);
#637=ORIENTED_EDGE('',*,*,#765,.F.);
#638=ORIENTED_EDGE('',*,*,#744,.F.);
#639=ORIENTED_EDGE('',*,*,#887,.F.);
#640=ORIENTED_EDGE('',*,*,#783,.F.);
#641=ORIENTED_EDGE('',*,*,#886,.T.);
#642=ORIENTED_EDGE('',*,*,#746,.F.);
#643=ORIENTED_EDGE('',*,*,#887,.T.);
#644=ORIENTED_EDGE('',*,*,#830,.F.);
#645=ORIENTED_EDGE('',*,*,#888,.F.);
#646=ORIENTED_EDGE('',*,*,#784,.F.);
#647=ORIENTED_EDGE('',*,*,#888,.T.);
#648=ORIENTED_EDGE('',*,*,#829,.F.);
#649=ORIENTED_EDGE('',*,*,#889,.F.);
#650=ORIENTED_EDGE('',*,*,#873,.F.);
#651=ORIENTED_EDGE('',*,*,#889,.T.);
#652=ORIENTED_EDGE('',*,*,#828,.F.);
#653=ORIENTED_EDGE('',*,*,#890,.F.);
#654=ORIENTED_EDGE('',*,*,#796,.F.);
#655=ORIENTED_EDGE('',*,*,#802,.F.);
#656=ORIENTED_EDGE('',*,*,#797,.F.);
#657=ORIENTED_EDGE('',*,*,#890,.T.);
#658=ORIENTED_EDGE('',*,*,#728,.F.);
#659=ORIENTED_EDGE('',*,*,#891,.F.);
#660=ORIENTED_EDGE('',*,*,#729,.T.);
#661=ORIENTED_EDGE('',*,*,#891,.T.);
#662=ORIENTED_EDGE('',*,*,#666,.T.);
#663=ORIENTED_EDGE('',*,*,#665,.F.);
#664=ORIENTED_EDGE('',*,*,#730,.F.);
#665=EDGE_CURVE('',#892,#892,#1046,.T.);
#666=EDGE_CURVE('',#893,#893,#144,.F.);
#667=EDGE_CURVE('',#894,#894,#145,.T.);
#668=EDGE_CURVE('',#895,#895,#146,.T.);
#669=EDGE_CURVE('',#896,#897,#147,.T.);
#670=EDGE_CURVE('',#897,#898,#1047,.T.);
#671=EDGE_CURVE('',#898,#899,#51,.T.);
#672=EDGE_CURVE('',#899,#900,#148,.F.);
#673=EDGE_CURVE('',#900,#901,#52,.T.);
#674=EDGE_CURVE('',#901,#902,#149,.T.);
#675=EDGE_CURVE('',#903,#902,#150,.T.);
#676=EDGE_CURVE('',#903,#904,#151,.T.);
#677=EDGE_CURVE('',#905,#904,#53,.T.);
#678=EDGE_CURVE('',#905,#906,#152,.F.);
#679=EDGE_CURVE('',#907,#906,#54,.T.);
#680=EDGE_CURVE('',#907,#896,#1048,.T.);
#681=EDGE_CURVE('',#908,#909,#55,.T.);
#682=EDGE_CURVE('',#908,#910,#153,.F.);
#683=EDGE_CURVE('',#910,#911,#154,.F.);
#684=EDGE_CURVE('',#911,#912,#155,.F.);
#685=EDGE_CURVE('',#913,#912,#56,.T.);
#686=EDGE_CURVE('',#914,#913,#57,.T.);
#687=EDGE_CURVE('',#914,#915,#58,.T.);
#688=EDGE_CURVE('',#915,#916,#156,.F.);
#689=EDGE_CURVE('',#917,#916,#157,.T.);
#690=EDGE_CURVE('',#917,#918,#158,.F.);
#691=EDGE_CURVE('',#918,#919,#59,.T.);
#692=EDGE_CURVE('',#919,#909,#60,.T.);
#693=EDGE_CURVE('',#920,#920,#159,.F.);
#694=EDGE_CURVE('',#921,#921,#160,.T.);
#695=EDGE_CURVE('',#922,#922,#161,.T.);
#696=EDGE_CURVE('',#923,#923,#162,.T.);
#697=EDGE_CURVE('',#924,#924,#163,.T.);
#698=EDGE_CURVE('',#913,#925,#61,.T.);
#699=EDGE_CURVE('',#925,#926,#164,.F.);
#700=EDGE_CURVE('',#927,#926,#165,.F.);
#701=EDGE_CURVE('',#928,#927,#166,.T.);
#702=EDGE_CURVE('',#928,#929,#167,.T.);
#703=EDGE_CURVE('',#929,#930,#168,.F.);
#704=EDGE_CURVE('',#914,#930,#62,.T.);
#705=EDGE_CURVE('',#931,#932,#63,.T.);
#706=EDGE_CURVE('',#931,#933,#169,.F.);
#707=EDGE_CURVE('',#933,#934,#170,.T.);
#708=EDGE_CURVE('',#934,#935,#171,.F.);
#709=EDGE_CURVE('',#935,#936,#64,.T.);
#710=EDGE_CURVE('',#936,#937,#172,.T.);
#711=EDGE_CURVE('',#937,#938,#65,.T.);
#712=EDGE_CURVE('',#938,#939,#66,.T.);
#713=EDGE_CURVE('',#940,#939,#67,.T.);
#714=EDGE_CURVE('',#940,#932,#173,.T.);
#715=EDGE_CURVE('',#941,#941,#174,.T.);
#716=EDGE_CURVE('',#942,#942,#175,.T.);
#717=EDGE_CURVE('',#943,#943,#176,.T.);
#718=EDGE_CURVE('',#944,#944,#177,.T.);
#719=EDGE_CURVE('',#945,#945,#178,.T.);
#720=EDGE_CURVE('',#946,#946,#179,.T.);
#721=EDGE_CURVE('',#898,#907,#68,.T.);
#722=EDGE_CURVE('',#898,#947,#1049,.T.);
#723=EDGE_CURVE('',#947,#948,#1050,.T.);
#724=EDGE_CURVE('',#948,#907,#1051,.T.);
#725=EDGE_CURVE('',#949,#950,#1052,.T.);
#726=EDGE_CURVE('',#950,#951,#1053,.T.);
#727=EDGE_CURVE('',#952,#951,#180,.T.);
#728=EDGE_CURVE('',#952,#949,#1054,.T.);
#729=EDGE_CURVE('',#953,#953,#181,.T.);
#730=EDGE_CURVE('',#954,#954,#1055,.T.);
#731=EDGE_CURVE('',#955,#956,#182,.F.);
#732=EDGE_CURVE('',#956,#957,#183,.T.);
#733=EDGE_CURVE('',#909,#957,#69,.T.);
#734=EDGE_CURVE('',#919,#958,#70,.T.);
#735=EDGE_CURVE('',#958,#959,#1056,.T.);
#736=EDGE_CURVE('',#960,#959,#184,.T.);
#737=EDGE_CURVE('',#960,#955,#185,.T.);
#738=EDGE_CURVE('',#961,#961,#186,.T.);
#739=EDGE_CURVE('',#962,#963,#1057,.T.);
#740=EDGE_CURVE('',#963,#964,#1058,.T.);
#741=EDGE_CURVE('',#965,#964,#187,.T.);
#742=EDGE_CURVE('',#965,#966,#1059,.T.);
#743=EDGE_CURVE('',#966,#967,#1060,.T.);
#744=EDGE_CURVE('',#967,#968,#1061,.T.);
#745=EDGE_CURVE('',#969,#968,#188,.T.);
#746=EDGE_CURVE('',#969,#962,#1062,.T.);
#747=EDGE_CURVE('',#970,#970,#189,.T.);
#748=EDGE_CURVE('',#971,#971,#190,.T.);
#749=EDGE_CURVE('',#972,#972,#191,.T.);
#750=EDGE_CURVE('',#973,#973,#192,.T.);
#751=EDGE_CURVE('',#974,#974,#193,.T.);
#752=EDGE_CURVE('',#975,#975,#194,.T.);
#753=EDGE_CURVE('',#976,#976,#195,.T.);
#754=EDGE_CURVE('',#977,#977,#196,.T.);
#755=EDGE_CURVE('',#978,#978,#197,.T.);
#756=EDGE_CURVE('',#933,#903,#71,.T.);
#757=EDGE_CURVE('',#902,#934,#72,.F.);
#758=EDGE_CURVE('',#898,#938,#73,.T.);
#759=EDGE_CURVE('',#907,#939,#74,.T.);
#760=EDGE_CURVE('',#979,#979,#198,.F.);
#761=EDGE_CURVE('',#980,#980,#199,.F.);
#762=EDGE_CURVE('',#981,#981,#200,.F.);
#763=EDGE_CURVE('',#982,#982,#201,.F.);
#764=EDGE_CURVE('',#983,#983,#202,.F.);
#765=EDGE_CURVE('',#968,#969,#1063,.T.);
#766=EDGE_CURVE('',#984,#984,#203,.F.);
#767=EDGE_CURVE('',#985,#985,#204,.F.);
#768=EDGE_CURVE('',#986,#986,#205,.F.);
#769=EDGE_CURVE('',#964,#965,#1064,.T.);
#770=EDGE_CURVE('',#987,#987,#206,.T.);
#771=EDGE_CURVE('',#932,#905,#75,.F.);
#772=EDGE_CURVE('',#904,#931,#76,.F.);
#773=EDGE_CURVE('',#906,#940,#77,.T.);
#774=EDGE_CURVE('',#937,#899,#78,.F.);
#775=EDGE_CURVE('',#900,#936,#79,.T.);
#776=EDGE_CURVE('',#935,#901,#80,.F.);
#777=EDGE_CURVE('',#910,#988,#1065,.T.);
#778=EDGE_CURVE('',#988,#989,#1066,.T.);
#779=EDGE_CURVE('',#989,#990,#1067,.T.);
#780=EDGE_CURVE('',#990,#991,#1068,.T.);
#781=EDGE_CURVE('',#991,#992,#1069,.T.);
#782=EDGE_CURVE('',#992,#911,#1070,.T.);
#783=EDGE_CURVE('',#993,#994,#1071,.T.);
#784=EDGE_CURVE('',#994,#995,#1072,.T.);
#785=EDGE_CURVE('',#995,#996,#1073,.T.);
#786=EDGE_CURVE('',#996,#917,#1074,.T.);
#787=EDGE_CURVE('',#916,#997,#1075,.T.);
#788=EDGE_CURVE('',#997,#998,#1076,.T.);
#789=EDGE_CURVE('',#998,#993,#1077,.T.);
#790=EDGE_CURVE('',#912,#999,#1078,.T.);
#791=EDGE_CURVE('',#999,#925,#1079,.T.);
#792=EDGE_CURVE('',#930,#1000,#1080,.T.);
#793=EDGE_CURVE('',#1000,#915,#1081,.T.);
#794=EDGE_CURVE('',#918,#1001,#1082,.T.);
#795=EDGE_CURVE('',#1001,#958,#1083,.T.);
#796=EDGE_CURVE('',#1002,#1003,#1084,.T.);
#797=EDGE_CURVE('',#1003,#1004,#1085,.T.);
#798=EDGE_CURVE('',#1004,#960,#81,.T.);
#799=EDGE_CURVE('',#959,#1002,#1086,.T.);
#800=EDGE_CURVE('',#951,#1005,#1087,.T.);
#801=EDGE_CURVE('',#1005,#955,#82,.T.);
#802=EDGE_CURVE('',#1004,#952,#1088,.T.);
#803=EDGE_CURVE('',#927,#1006,#83,.T.);
#804=EDGE_CURVE('',#1006,#897,#1089,.T.);
#805=EDGE_CURVE('',#896,#1007,#1090,.T.);
#806=EDGE_CURVE('',#928,#1007,#84,.T.);
#807=EDGE_CURVE('',#1007,#1008,#1091,.T.);
#808=EDGE_CURVE('',#1008,#1009,#1092,.T.);
#809=EDGE_CURVE('',#1009,#1010,#1093,.T.);
#810=EDGE_CURVE('',#1010,#929,#1094,.T.);
#811=EDGE_CURVE('',#957,#1011,#1095,.T.);
#812=EDGE_CURVE('',#1011,#908,#1096,.T.);
#813=EDGE_CURVE('',#1005,#1012,#1097,.T.);
#814=EDGE_CURVE('',#1012,#1013,#1098,.T.);
#815=EDGE_CURVE('',#1013,#956,#1099,.T.);
#816=EDGE_CURVE('',#1014,#1015,#1100,.T.);
#817=EDGE_CURVE('',#1015,#1016,#1101,.T.);
#818=EDGE_CURVE('',#1016,#1006,#1102,.T.);
#819=EDGE_CURVE('',#926,#1014,#1103,.T.);
#820=EDGE_CURVE('',#1017,#1018,#1104,.T.);
#821=EDGE_CURVE('',#1018,#963,#1105,.T.);
#822=EDGE_CURVE('',#962,#1019,#1106,.T.);
#823=EDGE_CURVE('',#1019,#1020,#1107,.T.);
#824=EDGE_CURVE('',#1020,#948,#1108,.T.);
#825=EDGE_CURVE('',#947,#1017,#1109,.T.);
#826=EDGE_CURVE('',#1021,#1022,#1110,.T.);
#827=EDGE_CURVE('',#1022,#950,#1111,.T.);
#828=EDGE_CURVE('',#949,#1023,#1112,.T.);
#829=EDGE_CURVE('',#1023,#1024,#1113,.T.);
#830=EDGE_CURVE('',#1024,#967,#1114,.T.);
#831=EDGE_CURVE('',#966,#1025,#1115,.T.);
#832=EDGE_CURVE('',#1025,#1021,#1116,.T.);
#833=EDGE_CURVE('',#1026,#1027,#1117,.F.);
#834=EDGE_CURVE('',#1026,#992,#1118,.F.);
#835=EDGE_CURVE('',#992,#1028,#1119,.F.);
#836=EDGE_CURVE('',#1027,#1028,#1120,.T.);
#837=EDGE_CURVE('',#1027,#1029,#1121,.F.);
#838=EDGE_CURVE('',#1028,#1030,#1122,.F.);
#839=EDGE_CURVE('',#1030,#1029,#1123,.F.);
#840=EDGE_CURVE('',#1031,#1027,#1124,.T.);
#841=EDGE_CURVE('',#1032,#1031,#207,.T.);
#842=EDGE_CURVE('',#1032,#1026,#1125,.F.);
#843=EDGE_CURVE('',#1031,#1033,#208,.T.);
#844=EDGE_CURVE('',#1029,#1033,#1126,.F.);
#845=EDGE_CURVE('',#1030,#1014,#1127,.T.);
#846=EDGE_CURVE('',#1034,#1014,#1128,.T.);
#847=EDGE_CURVE('',#1034,#1033,#1129,.F.);
#848=EDGE_CURVE('',#991,#1015,#1130,.T.);
#849=EDGE_CURVE('',#999,#1032,#1131,.F.);
#850=EDGE_CURVE('',#999,#1034,#1132,.T.);
#851=EDGE_CURVE('',#1035,#1036,#1133,.F.);
#852=EDGE_CURVE('',#1035,#997,#1134,.T.);
#853=EDGE_CURVE('',#997,#1037,#1135,.F.);
#854=EDGE_CURVE('',#1036,#1037,#1136,.T.);
#855=EDGE_CURVE('',#1036,#1038,#1137,.F.);
#856=EDGE_CURVE('',#1037,#1039,#1138,.F.);
#857=EDGE_CURVE('',#1039,#1038,#1139,.F.);
#858=EDGE_CURVE('',#1040,#1036,#1140,.T.);
#859=EDGE_CURVE('',#1041,#1040,#209,.T.);
#860=EDGE_CURVE('',#1041,#1035,#1141,.T.);
#861=EDGE_CURVE('',#1040,#1042,#1142,.F.);
#862=EDGE_CURVE('',#1038,#1042,#1143,.F.);
#863=EDGE_CURVE('',#1039,#1000,#1144,.F.);
#864=EDGE_CURVE('',#1043,#1000,#1145,.T.);
#865=EDGE_CURVE('',#1043,#1042,#1146,.F.);
#866=EDGE_CURVE('',#1009,#998,#1147,.T.);
#867=EDGE_CURVE('',#1010,#1041,#1148,.F.);
#868=EDGE_CURVE('',#1010,#1043,#1149,.T.);
#869=EDGE_CURVE('',#1044,#1011,#1150,.F.);
#870=EDGE_CURVE('',#1044,#988,#1151,.T.);
#871=EDGE_CURVE('',#1013,#1044,#1152,.T.);
#872=EDGE_CURVE('',#1001,#996,#1153,.F.);
#873=EDGE_CURVE('',#995,#1002,#1154,.T.);
#874=EDGE_CURVE('',#947,#1016,#1155,.F.);
#875=EDGE_CURVE('',#1017,#1015,#1156,.F.);
#876=EDGE_CURVE('',#1018,#991,#1157,.F.);
#877=EDGE_CURVE('',#963,#990,#1158,.T.);
#878=EDGE_CURVE('',#966,#989,#1159,.F.);
#879=EDGE_CURVE('',#1025,#988,#1160,.F.);
#880=EDGE_CURVE('',#1021,#1044,#1161,.F.);
#881=EDGE_CURVE('',#1022,#1013,#1162,.F.);
#882=EDGE_CURVE('',#950,#1012,#1163,.F.);
#883=EDGE_CURVE('',#1008,#948,#1164,.F.);
#884=EDGE_CURVE('',#1009,#1020,#1165,.F.);
#885=EDGE_CURVE('',#998,#1019,#1166,.F.);
#886=EDGE_CURVE('',#993,#962,#1167,.T.);
#887=EDGE_CURVE('',#994,#967,#1168,.F.);
#888=EDGE_CURVE('',#995,#1024,#1169,.F.);
#889=EDGE_CURVE('',#1002,#1023,#1170,.F.);
#890=EDGE_CURVE('',#1003,#949,#1171,.F.);
#891=EDGE_CURVE('',#1045,#1045,#210,.T.);
#892=VERTEX_POINT('',#2076);
#893=VERTEX_POINT('',#2078);
#894=VERTEX_POINT('',#2081);
#895=VERTEX_POINT('',#2083);
#896=VERTEX_POINT('',#2085);
#897=VERTEX_POINT('',#2086);
#898=VERTEX_POINT('',#2091);
#899=VERTEX_POINT('',#2093);
#900=VERTEX_POINT('',#2095);
#901=VERTEX_POINT('',#2097);
#902=VERTEX_POINT('',#2099);
#903=VERTEX_POINT('',#2101);
#904=VERTEX_POINT('',#2103);
#905=VERTEX_POINT('',#2105);
#906=VERTEX_POINT('',#2107);
#907=VERTEX_POINT('',#2109);
#908=VERTEX_POINT('',#2116);
#909=VERTEX_POINT('',#2117);
#910=VERTEX_POINT('',#2119);
#911=VERTEX_POINT('',#2121);
#912=VERTEX_POINT('',#2123);
#913=VERTEX_POINT('',#2125);
#914=VERTEX_POINT('',#2127);
#915=VERTEX_POINT('',#2129);
#916=VERTEX_POINT('',#2131);
#917=VERTEX_POINT('',#2133);
#918=VERTEX_POINT('',#2135);
#919=VERTEX_POINT('',#2137);
#920=VERTEX_POINT('',#2140);
#921=VERTEX_POINT('',#2142);
#922=VERTEX_POINT('',#2144);
#923=VERTEX_POINT('',#2146);
#924=VERTEX_POINT('',#2148);
#925=VERTEX_POINT('',#2151);
#926=VERTEX_POINT('',#2153);
#927=VERTEX_POINT('',#2155);
#928=VERTEX_POINT('',#2157);
#929=VERTEX_POINT('',#2159);
#930=VERTEX_POINT('',#2161);
#931=VERTEX_POINT('',#2164);
#932=VERTEX_POINT('',#2165);
#933=VERTEX_POINT('',#2167);
#934=VERTEX_POINT('',#2169);
#935=VERTEX_POINT('',#2171);
#936=VERTEX_POINT('',#2173);
#937=VERTEX_POINT('',#2175);
#938=VERTEX_POINT('',#2177);
#939=VERTEX_POINT('',#2179);
#940=VERTEX_POINT('',#2181);
#941=VERTEX_POINT('',#2184);
#942=VERTEX_POINT('',#2186);
#943=VERTEX_POINT('',#2188);
#944=VERTEX_POINT('',#2190);
#945=VERTEX_POINT('',#2193);
#946=VERTEX_POINT('',#2195);
#947=VERTEX_POINT('',#2201);
#948=VERTEX_POINT('',#2206);
#949=VERTEX_POINT('',#2216);
#950=VERTEX_POINT('',#2217);
#951=VERTEX_POINT('',#2225);
#952=VERTEX_POINT('',#2227);
#953=VERTEX_POINT('',#2236);
#954=VERTEX_POINT('',#2257);
#955=VERTEX_POINT('',#2259);
#956=VERTEX_POINT('',#2260);
#957=VERTEX_POINT('',#2262);
#958=VERTEX_POINT('',#2265);
#959=VERTEX_POINT('',#2270);
#960=VERTEX_POINT('',#2272);
#961=VERTEX_POINT('',#2276);
#962=VERTEX_POINT('',#2281);
#963=VERTEX_POINT('',#2282);
#964=VERTEX_POINT('',#2287);
#965=VERTEX_POINT('',#2289);
#966=VERTEX_POINT('',#2294);
#967=VERTEX_POINT('',#2299);
#968=VERTEX_POINT('',#2304);
#969=VERTEX_POINT('',#2306);
#970=VERTEX_POINT('',#2312);
#971=VERTEX_POINT('',#2315);
#972=VERTEX_POINT('',#2318);
#973=VERTEX_POINT('',#2321);
#974=VERTEX_POINT('',#2324);
#975=VERTEX_POINT('',#2327);
#976=VERTEX_POINT('',#2331);
#977=VERTEX_POINT('',#2335);
#978=VERTEX_POINT('',#2339);
#979=VERTEX_POINT('',#2349);
#980=VERTEX_POINT('',#2352);
#981=VERTEX_POINT('',#2355);
#982=VERTEX_POINT('',#2358);
#983=VERTEX_POINT('',#2361);
#984=VERTEX_POINT('',#2377);
#985=VERTEX_POINT('',#2381);
#986=VERTEX_POINT('',#2385);
#987=VERTEX_POINT('',#2401);
#988=VERTEX_POINT('',#2422);
#989=VERTEX_POINT('',#2432);
#990=VERTEX_POINT('',#2437);
#991=VERTEX_POINT('',#2442);
#992=VERTEX_POINT('',#2447);
#993=VERTEX_POINT('',#2457);
#994=VERTEX_POINT('',#2458);
#995=VERTEX_POINT('',#2463);
#996=VERTEX_POINT('',#2468);
#997=VERTEX_POINT('',#2477);
#998=VERTEX_POINT('',#2482);
#999=VERTEX_POINT('',#2492);
#1000=VERTEX_POINT('',#2502);
#1001=VERTEX_POINT('',#2512);
#1002=VERTEX_POINT('',#2522);
#1003=VERTEX_POINT('',#2523);
#1004=VERTEX_POINT('',#2528);
#1005=VERTEX_POINT('',#2551);
#1006=VERTEX_POINT('',#2571);
#1007=VERTEX_POINT('',#2604);
#1008=VERTEX_POINT('',#2611);
#1009=VERTEX_POINT('',#2616);
#1010=VERTEX_POINT('',#2621);
#1011=VERTEX_POINT('',#2631);
#1012=VERTEX_POINT('',#2641);
#1013=VERTEX_POINT('',#2646);
#1014=VERTEX_POINT('',#2656);
#1015=VERTEX_POINT('',#2657);
#1016=VERTEX_POINT('',#2662);
#1017=VERTEX_POINT('',#2697);
#1018=VERTEX_POINT('',#2698);
#1019=VERTEX_POINT('',#2707);
#1020=VERTEX_POINT('',#2722);
#1021=VERTEX_POINT('',#2743);
#1022=VERTEX_POINT('',#2744);
#1023=VERTEX_POINT('',#2753);
#1024=VERTEX_POINT('',#2768);
#1025=VERTEX_POINT('',#2778);
#1026=VERTEX_POINT('',#2848);
#1027=VERTEX_POINT('',#2849);
#1028=VERTEX_POINT('',#2858);
#1029=VERTEX_POINT('',#2930);
#1030=VERTEX_POINT('',#2935);
#1031=VERTEX_POINT('',#2970);
#1032=VERTEX_POINT('',#2972);
#1033=VERTEX_POINT('',#2994);
#1034=VERTEX_POINT('',#3193);
#1035=VERTEX_POINT('',#3446);
#1036=VERTEX_POINT('',#3447);
#1037=VERTEX_POINT('',#3456);
#1038=VERTEX_POINT('',#3510);
#1039=VERTEX_POINT('',#3515);
#1040=VERTEX_POINT('',#3591);
#1041=VERTEX_POINT('',#3593);
#1042=VERTEX_POINT('',#3646);
#1043=VERTEX_POINT('',#3780);
#1044=VERTEX_POINT('',#4038);
#1045=VERTEX_POINT('',#4530);
#1046=B_SPLINE_CURVE_WITH_KNOTS('',3,(#2057,#2058,#2059,#2060,#2061,#2062,
#2063,#2064,#2065,#2066,#2067,#2068,#2069,#2070,#2071,#2072,#2073,#2074,
#2075),.UNSPECIFIED.,.T.,.F.,(1,1,1,1,1,1,1,1,1,1,1,1,1,1,1,1,1,1,1,1,1,
1,1),(-0.1875,-0.125,-0.0625,0.,0.0625,0.125,0.1875,0.25,0.3125,0.375,0.4375,
0.5,0.5625,0.625,0.6875,0.75,0.8125,0.875,0.9375,1.,1.0625,1.125,1.1875),
 .UNSPECIFIED.);
#1047=B_SPLINE_CURVE_WITH_KNOTS('',3,(#2087,#2088,#2089,#2090),
 .UNSPECIFIED.,.F.,.F.,(4,4),(0.,1.),.UNSPECIFIED.);
#1048=B_SPLINE_CURVE_WITH_KNOTS('',3,(#2110,#2111,#2112,#2113),
 .UNSPECIFIED.,.F.,.F.,(4,4),(0.,1.),.UNSPECIFIED.);
#1049=B_SPLINE_CURVE_WITH_KNOTS('',3,(#2197,#2198,#2199,#2200),
 .UNSPECIFIED.,.F.,.F.,(4,4),(0.,1.),.UNSPECIFIED.);
#1050=B_SPLINE_CURVE_WITH_KNOTS('',3,(#2202,#2203,#2204,#2205),
 .UNSPECIFIED.,.F.,.F.,(4,4),(0.0958234634226221,0.904176536577377),
 .UNSPECIFIED.);
#1051=B_SPLINE_CURVE_WITH_KNOTS('',3,(#2207,#2208,#2209,#2210),
 .UNSPECIFIED.,.F.,.F.,(4,4),(0.,1.),.UNSPECIFIED.);
#1052=B_SPLINE_CURVE_WITH_KNOTS('',3,(#2212,#2213,#2214,#2215),
 .UNSPECIFIED.,.F.,.F.,(4,4),(0.0958234634226221,0.904176536577378),
 .UNSPECIFIED.);
#1053=B_SPLINE_CURVE_WITH_KNOTS('',3,(#2218,#2219,#2220,#2221,#2222,#2223,
#2224),.UNSPECIFIED.,.F.,.F.,(4,1,1,1,4),(0.,0.25,0.5,0.75,1.),
 .UNSPECIFIED.);
#1054=B_SPLINE_CURVE_WITH_KNOTS('',3,(#2228,#2229,#2230,#2231,#2232,#2233,
#2234),.UNSPECIFIED.,.F.,.F.,(4,1,1,1,4),(0.,0.25,0.5,0.75,1.),
 .UNSPECIFIED.);
#1055=B_SPLINE_CURVE_WITH_KNOTS('',3,(#2238,#2239,#2240,#2241,#2242,#2243,
#2244,#2245,#2246,#2247,#2248,#2249,#2250,#2251,#2252,#2253,#2254,#2255,
#2256),.UNSPECIFIED.,.T.,.F.,(1,1,1,1,1,1,1,1,1,1,1,1,1,1,1,1,1,1,1,1,1,
1,1),(-0.190789473684211,-0.128289473684211,-0.0657894736842105,0.,0.059375,
0.12171875,0.1842109375,0.246710546875,0.30921052734375,0.371710526367187,
0.434210526318359,0.496710526315918,0.559210526315796,0.62171052631579,
0.684210526315789,0.746710526315789,0.809210526315789,0.871710526315789,
0.934210526315789,1.,1.059375,1.12171875,1.1842109375),.UNSPECIFIED.);
#1056=B_SPLINE_CURVE_WITH_KNOTS('',3,(#2266,#2267,#2268,#2269),
 .UNSPECIFIED.,.F.,.F.,(4,4),(0.,1.),.UNSPECIFIED.);
#1057=B_SPLINE_CURVE_WITH_KNOTS('',3,(#2277,#2278,#2279,#2280),
 .UNSPECIFIED.,.F.,.F.,(4,4),(0.097636533106732,0.902359119880413),
 .UNSPECIFIED.);
#1058=B_SPLINE_CURVE_WITH_KNOTS('',3,(#2283,#2284,#2285,#2286),
 .UNSPECIFIED.,.F.,.F.,(4,4),(4.23612847130044E-7,1.),.UNSPECIFIED.);
#1059=B_SPLINE_CURVE_WITH_KNOTS('',3,(#2290,#2291,#2292,#2293),
 .UNSPECIFIED.,.F.,.F.,(4,4),(0.,1.),.UNSPECIFIED.);
#1060=B_SPLINE_CURVE_WITH_KNOTS('',3,(#2295,#2296,#2297,#2298),
 .UNSPECIFIED.,.F.,.F.,(4,4),(0.100456667757388,0.899462149102041),
 .UNSPECIFIED.);
#1061=B_SPLINE_CURVE_WITH_KNOTS('',3,(#2300,#2301,#2302,#2303),
 .UNSPECIFIED.,.F.,.F.,(4,4),(7.70164473064254E-6,1.),.UNSPECIFIED.);
#1062=B_SPLINE_CURVE_WITH_KNOTS('',3,(#2307,#2308,#2309,#2310),
 .UNSPECIFIED.,.F.,.F.,(4,4),(0.,1.),.UNSPECIFIED.);
#1063=B_SPLINE_CURVE_WITH_KNOTS('',3,(#2363,#2364,#2365,#2366,#2367,#2368,
#2369,#2370,#2371,#2372,#2373,#2374),.UNSPECIFIED.,.F.,.F.,(4,1,1,1,1,1,
1,1,1,4),(0.,0.125,0.25,0.375,0.5,0.625,0.75,0.8125,0.875,1.),
 .UNSPECIFIED.);
#1064=B_SPLINE_CURVE_WITH_KNOTS('',3,(#2387,#2388,#2389,#2390,#2391,#2392,
#2393,#2394,#2395,#2396,#2397,#2398),.UNSPECIFIED.,.F.,.F.,(4,1,1,1,1,1,
1,1,1,4),(0.,0.125,0.25,0.375,0.5,0.625,0.75,0.8125,0.875,1.),
 .UNSPECIFIED.);
#1065=B_SPLINE_CURVE_WITH_KNOTS('',3,(#2418,#2419,#2420,#2421),
 .UNSPECIFIED.,.F.,.F.,(4,4),(2.98262850654157E-8,0.693096940403497),
 .UNSPECIFIED.);
#1066=B_SPLINE_CURVE_WITH_KNOTS('',3,(#2423,#2424,#2425,#2426,#2427,#2428,
#2429,#2430,#2431),.UNSPECIFIED.,.F.,.F.,(4,1,1,1,1,1,4),(0.,0.25,0.375,
0.5,0.625,0.75,1.),.UNSPECIFIED.);
#1067=B_SPLINE_CURVE_WITH_KNOTS('',3,(#2433,#2434,#2435,#2436),
 .UNSPECIFIED.,.F.,.F.,(4,4),(0.,1.),.UNSPECIFIED.);
#1068=B_SPLINE_CURVE_WITH_KNOTS('',3,(#2438,#2439,#2440,#2441),
 .UNSPECIFIED.,.F.,.F.,(4,4),(0.,1.),.UNSPECIFIED.);
#1069=B_SPLINE_CURVE_WITH_KNOTS('',3,(#2443,#2444,#2445,#2446),
 .UNSPECIFIED.,.F.,.F.,(4,4),(0.379893105782251,1.),.UNSPECIFIED.);
#1070=B_SPLINE_CURVE_WITH_KNOTS('',3,(#2448,#2449,#2450,#2451),
 .UNSPECIFIED.,.F.,.F.,(4,4),(0.,1.),.UNSPECIFIED.);
#1071=B_SPLINE_CURVE_WITH_KNOTS('',3,(#2453,#2454,#2455,#2456),
 .UNSPECIFIED.,.F.,.F.,(4,4),(0.,1.),.UNSPECIFIED.);
#1072=B_SPLINE_CURVE_WITH_KNOTS('',3,(#2459,#2460,#2461,#2462),
 .UNSPECIFIED.,.F.,.F.,(4,4),(0.,0.999990562043355),.UNSPECIFIED.);
#1073=B_SPLINE_CURVE_WITH_KNOTS('',3,(#2464,#2465,#2466,#2467),
 .UNSPECIFIED.,.F.,.F.,(4,4),(0.348953457820996,1.),.UNSPECIFIED.);
#1074=B_SPLINE_CURVE_WITH_KNOTS('',3,(#2469,#2470,#2471,#2472),
 .UNSPECIFIED.,.F.,.F.,(4,4),(0.,1.),.UNSPECIFIED.);
#1075=B_SPLINE_CURVE_WITH_KNOTS('',3,(#2473,#2474,#2475,#2476),
 .UNSPECIFIED.,.F.,.F.,(4,4),(0.,1.),.UNSPECIFIED.);
#1076=B_SPLINE_CURVE_WITH_KNOTS('',3,(#2478,#2479,#2480,#2481),
 .UNSPECIFIED.,.F.,.F.,(4,4),(0.,0.620405639783087),.UNSPECIFIED.);
#1077=B_SPLINE_CURVE_WITH_KNOTS('',3,(#2483,#2484,#2485,#2486),
 .UNSPECIFIED.,.F.,.F.,(4,4),(0.,1.),.UNSPECIFIED.);
#1078=B_SPLINE_CURVE_WITH_KNOTS('',3,(#2488,#2489,#2490,#2491),
 .UNSPECIFIED.,.F.,.F.,(4,4),(0.,0.99999948640288),.UNSPECIFIED.);
#1079=B_SPLINE_CURVE_WITH_KNOTS('',3,(#2493,#2494,#2495,#2496),
 .UNSPECIFIED.,.F.,.F.,(4,4),(7.14730451592454E-8,1.),.UNSPECIFIED.);
#1080=B_SPLINE_CURVE_WITH_KNOTS('',3,(#2498,#2499,#2500,#2501),
 .UNSPECIFIED.,.F.,.F.,(4,4),(0.,0.999999884834442),.UNSPECIFIED.);
#1081=B_SPLINE_CURVE_WITH_KNOTS('',3,(#2503,#2504,#2505,#2506),
 .UNSPECIFIED.,.F.,.F.,(4,4),(4.96972594842645E-7,1.),.UNSPECIFIED.);
#1082=B_SPLINE_CURVE_WITH_KNOTS('',3,(#2508,#2509,#2510,#2511),
 .UNSPECIFIED.,.F.,.F.,(4,4),(0.,1.),.UNSPECIFIED.);
#1083=B_SPLINE_CURVE_WITH_KNOTS('',3,(#2513,#2514,#2515,#2516),
 .UNSPECIFIED.,.F.,.F.,(4,4),(0.000309638165701805,1.),.UNSPECIFIED.);
#1084=B_SPLINE_CURVE_WITH_KNOTS('',3,(#2518,#2519,#2520,#2521),
 .UNSPECIFIED.,.F.,.F.,(4,4),(0.,1.),.UNSPECIFIED.);
#1085=B_SPLINE_CURVE_WITH_KNOTS('',3,(#2524,#2525,#2526,#2527),
 .UNSPECIFIED.,.F.,.F.,(4,4),(0.,1.),.UNSPECIFIED.);
#1086=B_SPLINE_CURVE_WITH_KNOTS('',3,(#2530,#2531,#2532,#2533),
 .UNSPECIFIED.,.F.,.F.,(4,4),(0.,0.724929102649023),.UNSPECIFIED.);
#1087=B_SPLINE_CURVE_WITH_KNOTS('',3,(#2535,#2536,#2537,#2538,#2539,#2540,
#2541,#2542,#2543,#2544,#2545,#2546,#2547,#2548,#2549,#2550),
 .UNSPECIFIED.,.F.,.F.,(4,1,1,1,1,1,1,1,1,1,1,1,1,4),(0.,0.25,0.375,0.4375,
0.5,0.5625,0.625,0.6875,0.71875,0.75,0.78125,0.8125,0.875,1.),
 .UNSPECIFIED.);
#1088=B_SPLINE_CURVE_WITH_KNOTS('',3,(#2553,#2554,#2555,#2556,#2557,#2558,
#2559,#2560,#2561,#2562,#2563,#2564,#2565,#2566,#2567,#2568),
 .UNSPECIFIED.,.F.,.F.,(4,1,1,1,1,1,1,1,1,1,1,1,1,4),(0.,0.125,0.1875,0.21875,
0.25,0.28125,0.3125,0.375,0.4375,0.5,0.5625,0.625,0.75,1.),
 .UNSPECIFIED.);
#1089=B_SPLINE_CURVE_WITH_KNOTS('',3,(#2572,#2573,#2574,#2575,#2576,#2577,
#2578,#2579,#2580,#2581,#2582,#2583,#2584,#2585,#2586,#2587),
 .UNSPECIFIED.,.F.,.F.,(4,1,1,1,1,1,1,1,1,1,1,1,1,4),(0.,0.125,0.1875,0.21875,
0.25,0.265625,0.28125,0.3125,0.375,0.4375,0.5,0.625,0.75,1.),
 .UNSPECIFIED.);
#1090=B_SPLINE_CURVE_WITH_KNOTS('',3,(#2588,#2589,#2590,#2591,#2592,#2593,
#2594,#2595,#2596,#2597,#2598,#2599,#2600,#2601,#2602,#2603),
 .UNSPECIFIED.,.F.,.F.,(4,1,1,1,1,1,1,1,1,1,1,1,1,4),(0.,0.25,0.375,0.4375,
0.5,0.5625,0.625,0.6875,0.71875,0.75,0.78125,0.8125,0.875,1.),
 .UNSPECIFIED.);
#1091=B_SPLINE_CURVE_WITH_KNOTS('',3,(#2607,#2608,#2609,#2610),
 .UNSPECIFIED.,.F.,.F.,(4,4),(0.,1.),.UNSPECIFIED.);
#1092=B_SPLINE_CURVE_WITH_KNOTS('',3,(#2612,#2613,#2614,#2615),
 .UNSPECIFIED.,.F.,.F.,(4,4),(0.,1.),.UNSPECIFIED.);
#1093=B_SPLINE_CURVE_WITH_KNOTS('',3,(#2617,#2618,#2619,#2620),
 .UNSPECIFIED.,.F.,.F.,(4,4),(0.463832722632952,1.),.UNSPECIFIED.);
#1094=B_SPLINE_CURVE_WITH_KNOTS('',3,(#2622,#2623,#2624,#2625),
 .UNSPECIFIED.,.F.,.F.,(4,4),(6.68050015714045E-8,1.),.UNSPECIFIED.);
#1095=B_SPLINE_CURVE_WITH_KNOTS('',3,(#2627,#2628,#2629,#2630),
 .UNSPECIFIED.,.F.,.F.,(4,4),(7.76428781144012E-8,0.99999992495473),
 .UNSPECIFIED.);
#1096=B_SPLINE_CURVE_WITH_KNOTS('',3,(#2632,#2633,#2634,#2635),
 .UNSPECIFIED.,.F.,.F.,(4,4),(5.15077948764299E-7,1.),.UNSPECIFIED.);
#1097=B_SPLINE_CURVE_WITH_KNOTS('',3,(#2637,#2638,#2639,#2640),
 .UNSPECIFIED.,.F.,.F.,(4,4),(0.,1.),.UNSPECIFIED.);
#1098=B_SPLINE_CURVE_WITH_KNOTS('',3,(#2642,#2643,#2644,#2645),
 .UNSPECIFIED.,.F.,.F.,(4,4),(0.,1.),.UNSPECIFIED.);
#1099=B_SPLINE_CURVE_WITH_KNOTS('',3,(#2647,#2648,#2649,#2650),
 .UNSPECIFIED.,.F.,.F.,(4,4),(0.224052759692487,0.999999979284995),
 .UNSPECIFIED.);
#1100=B_SPLINE_CURVE_WITH_KNOTS('',3,(#2652,#2653,#2654,#2655),
 .UNSPECIFIED.,.F.,.F.,(4,4),(0.,0.536167428309313),.UNSPECIFIED.);
#1101=B_SPLINE_CURVE_WITH_KNOTS('',3,(#2658,#2659,#2660,#2661),
 .UNSPECIFIED.,.F.,.F.,(4,4),(0.,1.),.UNSPECIFIED.);
#1102=B_SPLINE_CURVE_WITH_KNOTS('',3,(#2663,#2664,#2665,#2666),
 .UNSPECIFIED.,.F.,.F.,(4,4),(0.,1.),.UNSPECIFIED.);
#1103=B_SPLINE_CURVE_WITH_KNOTS('',3,(#2667,#2668,#2669,#2670),
 .UNSPECIFIED.,.F.,.F.,(4,4),(0.,0.999999933194951),.UNSPECIFIED.);
#1104=B_SPLINE_CURVE_WITH_KNOTS('',3,(#2683,#2684,#2685,#2686,#2687,#2688,
#2689,#2690,#2691,#2692,#2693,#2694,#2695,#2696),.UNSPECIFIED.,.F.,.F.,
(4,1,1,1,1,1,1,1,1,1,1,4),(0.,0.125,0.1875,0.25,0.3125,0.375,0.4375,0.5,
0.5625,0.625,0.75,1.),.UNSPECIFIED.);
#1105=B_SPLINE_CURVE_WITH_KNOTS('',3,(#2699,#2700,#2701,#2702),
 .UNSPECIFIED.,.F.,.F.,(4,4),(0.,1.),.UNSPECIFIED.);
#1106=B_SPLINE_CURVE_WITH_KNOTS('',3,(#2703,#2704,#2705,#2706),
 .UNSPECIFIED.,.F.,.F.,(4,4),(0.,1.),.UNSPECIFIED.);
#1107=B_SPLINE_CURVE_WITH_KNOTS('',3,(#2708,#2709,#2710,#2711,#2712,#2713,
#2714,#2715,#2716,#2717,#2718,#2719,#2720,#2721),.UNSPECIFIED.,.F.,.F.,
(4,1,1,1,1,1,1,1,1,1,1,4),(0.,0.25,0.375,0.4375,0.5,0.5625,0.625,0.6875,
0.75,0.8125,0.875,1.),.UNSPECIFIED.);
#1108=B_SPLINE_CURVE_WITH_KNOTS('',3,(#2723,#2724,#2725,#2726),
 .UNSPECIFIED.,.F.,.F.,(4,4),(0.,1.),.UNSPECIFIED.);
#1109=B_SPLINE_CURVE_WITH_KNOTS('',3,(#2727,#2728,#2729,#2730),
 .UNSPECIFIED.,.F.,.F.,(4,4),(0.,1.),.UNSPECIFIED.);
#1110=B_SPLINE_CURVE_WITH_KNOTS('',3,(#2739,#2740,#2741,#2742),
 .UNSPECIFIED.,.F.,.F.,(4,4),(0.,1.),.UNSPECIFIED.);
#1111=B_SPLINE_CURVE_WITH_KNOTS('',3,(#2745,#2746,#2747,#2748),
 .UNSPECIFIED.,.F.,.F.,(4,4),(0.,1.),.UNSPECIFIED.);
#1112=B_SPLINE_CURVE_WITH_KNOTS('',3,(#2749,#2750,#2751,#2752),
 .UNSPECIFIED.,.F.,.F.,(4,4),(0.,1.),.UNSPECIFIED.);
#1113=B_SPLINE_CURVE_WITH_KNOTS('',3,(#2754,#2755,#2756,#2757,#2758,#2759,
#2760,#2761,#2762,#2763,#2764,#2765,#2766,#2767),.UNSPECIFIED.,.F.,.F.,
(4,1,1,1,1,1,1,1,1,1,1,4),(0.,0.125,0.1875,0.21875,0.25,0.28125,0.3125,
0.375,0.5,0.625,0.75,1.),.UNSPECIFIED.);
#1114=B_SPLINE_CURVE_WITH_KNOTS('',3,(#2769,#2770,#2771,#2772),
 .UNSPECIFIED.,.F.,.F.,(4,4),(0.,1.),.UNSPECIFIED.);
#1115=B_SPLINE_CURVE_WITH_KNOTS('',3,(#2773,#2774,#2775,#2776,#2777),
 .UNSPECIFIED.,.F.,.F.,(4,1,4),(0.,0.5,1.),.UNSPECIFIED.);
#1116=B_SPLINE_CURVE_WITH_KNOTS('',3,(#2779,#2780,#2781,#2782),
 .UNSPECIFIED.,.F.,.F.,(4,4),(0.,1.),.UNSPECIFIED.);
#1117=B_SPLINE_CURVE_WITH_KNOTS('',3,(#2843,#2844,#2845,#2846,#2847),
 .UNSPECIFIED.,.F.,.F.,(4,1,4),(0.5,0.75,1.),.QUASI_UNIFORM_KNOTS.);
#1118=B_SPLINE_CURVE_WITH_KNOTS('',3,(#2850,#2851,#2852,#2853),
 .UNSPECIFIED.,.F.,.F.,(4,4),(0.,1.),.UNSPECIFIED.);
#1119=B_SPLINE_CURVE_WITH_KNOTS('',3,(#2854,#2855,#2856,#2857),
 .UNSPECIFIED.,.F.,.F.,(4,4),(0.5,1.),.UNSPECIFIED.);
#1120=B_SPLINE_CURVE_WITH_KNOTS('',3,(#2859,#2860,#2861,#2862,#2863,#2864),
 .UNSPECIFIED.,.F.,.F.,(4,2,4),(0.5,0.75,1.),.UNSPECIFIED.);
#1121=B_SPLINE_CURVE_WITH_KNOTS('',3,(#2925,#2926,#2927,#2928,#2929),
 .UNSPECIFIED.,.F.,.F.,(4,1,4),(0.,0.25,0.5),.QUASI_UNIFORM_KNOTS.);
#1122=B_SPLINE_CURVE_WITH_KNOTS('',3,(#2931,#2932,#2933,#2934),
 .UNSPECIFIED.,.F.,.F.,(4,4),(0.,0.5),.UNSPECIFIED.);
#1123=B_SPLINE_CURVE_WITH_KNOTS('',3,(#2936,#2937,#2938,#2939,#2940,#2941,
#2942,#2943,#2944,#2945),.UNSPECIFIED.,.F.,.F.,(4,2,2,2,4),(0.,0.25,0.5,
0.75,1.),.UNSPECIFIED.);
#1124=B_SPLINE_CURVE_WITH_KNOTS('',3,(#2962,#2963,#2964,#2965,#2966,#2967,
#2968,#2969),.UNSPECIFIED.,.F.,.F.,(4,2,2,4),(0.,0.125,0.25,0.5),
 .UNSPECIFIED.);
#1125=B_SPLINE_CURVE_WITH_KNOTS('',3,(#2973,#2974,#2975,#2976),
 .UNSPECIFIED.,.F.,.F.,(4,4),(0.,1.),.UNSPECIFIED.);
#1126=B_SPLINE_CURVE_WITH_KNOTS('',3,(#2995,#2996,#2997,#2998,#2999,#3000,
#3001,#3002,#3003,#3004),.UNSPECIFIED.,.F.,.F.,(4,2,2,2,4),(0.,0.25,0.5,
0.75,1.),.UNSPECIFIED.);
#1127=B_SPLINE_CURVE_WITH_KNOTS('',3,(#3185,#3186,#3187,#3188),
 .UNSPECIFIED.,.F.,.F.,(4,4),(0.,1.),.UNSPECIFIED.);
#1128=B_SPLINE_CURVE_WITH_KNOTS('',3,(#3189,#3190,#3191,#3192),
 .UNSPECIFIED.,.F.,.F.,(4,4),(0.,1.),.UNSPECIFIED.);
#1129=B_SPLINE_CURVE_WITH_KNOTS('',3,(#3194,#3195,#3196,#3197,#3198,#3199,
#3200,#3201,#3202,#3203,#3204,#3205,#3206,#3207,#3208,#3209,#3210,#3211),
 .UNSPECIFIED.,.F.,.F.,(4,2,2,2,2,2,2,2,4),(0.,0.125,0.25,0.375,0.5,0.625,
0.75,0.875,1.),.UNSPECIFIED.);
#1130=B_SPLINE_CURVE_WITH_KNOTS('',3,(#3224,#3225,#3226,#3227,#3228,#3229,
#3230,#3231,#3232,#3233,#3234,#3235,#3236,#3237,#3238,#3239,#3240,#3241,
#3242,#3243,#3244),.UNSPECIFIED.,.F.,.F.,(4,1,1,1,1,1,1,1,1,1,1,1,1,1,1,
1,1,1,4),(1.42662423366982E-5,0.0625133746021907,0.125012482962045,0.187511591321899,
0.218761145501826,0.234385922591789,0.250010699681753,0.265635476771716,
0.28126025386168,0.312509808041607,0.375008916401461,0.437508024761314,
0.468757578941241,0.500007133121168,0.531256687301095,0.562506241481022,
0.625005349840876,0.750003566560584,1.),.UNSPECIFIED.);
#1131=B_SPLINE_CURVE_WITH_KNOTS('',3,(#3246,#3247,#3248,#3249,#3250,#3251,
#3252,#3253,#3254,#3255,#3256,#3257,#3258,#3259,#3260,#3261,#3262,#3263,
#3264),.UNSPECIFIED.,.F.,.F.,(4,1,1,1,1,1,1,1,1,1,1,1,1,1,1,1,4),(0.,0.125,
0.25,0.3125,0.375,0.4375,0.46875,0.484375,0.5,0.515625,0.53125,0.5625,0.625,
0.6875,0.75,0.875,1.),.UNSPECIFIED.);
#1132=B_SPLINE_CURVE_WITH_KNOTS('',3,(#3365,#3366,#3367,#3368,#3369,#3370,
#3371,#3372,#3373,#3374,#3375,#3376,#3377,#3378),.UNSPECIFIED.,.F.,.F.,
(4,1,1,1,1,1,1,1,1,1,1,4),(0.,0.03125,0.0625,0.125,0.25,0.375,0.4375,0.5,
0.5625,0.625,0.75,1.),.UNSPECIFIED.);
#1133=B_SPLINE_CURVE_WITH_KNOTS('',3,(#3440,#3441,#3442,#3443,#3444,#3445),
 .UNSPECIFIED.,.F.,.F.,(4,2,4),(0.5,0.75,1.),.UNSPECIFIED.);
#1134=B_SPLINE_CURVE_WITH_KNOTS('',3,(#3448,#3449,#3450,#3451),
 .UNSPECIFIED.,.F.,.F.,(4,4),(0.5,1.),.UNSPECIFIED.);
#1135=B_SPLINE_CURVE_WITH_KNOTS('',3,(#3452,#3453,#3454,#3455),
 .UNSPECIFIED.,.F.,.F.,(4,4),(0.,1.),.UNSPECIFIED.);
#1136=B_SPLINE_CURVE_WITH_KNOTS('',3,(#3457,#3458,#3459,#3460,#3461),
 .UNSPECIFIED.,.F.,.F.,(4,1,4),(0.5,0.75,1.),.QUASI_UNIFORM_KNOTS.);
#1137=B_SPLINE_CURVE_WITH_KNOTS('',3,(#3502,#3503,#3504,#3505,#3506,#3507,
#3508,#3509),.UNSPECIFIED.,.F.,.F.,(4,2,2,4),(0.,0.125,0.25,0.5),
 .UNSPECIFIED.);
#1138=B_SPLINE_CURVE_WITH_KNOTS('',3,(#3511,#3512,#3513,#3514),
 .UNSPECIFIED.,.F.,.F.,(4,4),(0.,1.),.UNSPECIFIED.);
#1139=B_SPLINE_CURVE_WITH_KNOTS('',3,(#3516,#3517,#3518,#3519,#3520,#3521,
#3522,#3523,#3524,#3525),.UNSPECIFIED.,.F.,.F.,(4,2,2,2,4),(0.,0.25,0.5,
0.75,1.),.UNSPECIFIED.);
#1140=B_SPLINE_CURVE_WITH_KNOTS('',3,(#3586,#3587,#3588,#3589,#3590),
 .UNSPECIFIED.,.F.,.F.,(4,1,4),(0.,0.25,0.5),.QUASI_UNIFORM_KNOTS.);
#1141=B_SPLINE_CURVE_WITH_KNOTS('',3,(#3594,#3595,#3596,#3597),
 .UNSPECIFIED.,.F.,.F.,(4,4),(0.,0.5),.UNSPECIFIED.);
#1142=B_SPLINE_CURVE_WITH_KNOTS('',3,(#3638,#3639,#3640,#3641,#3642,#3643,
#3644,#3645),.UNSPECIFIED.,.F.,.F.,(4,2,2,4),(0.,0.125,0.25,0.5),
 .UNSPECIFIED.);
#1143=B_SPLINE_CURVE_WITH_KNOTS('',3,(#3647,#3648,#3649,#3650,#3651,#3652,
#3653,#3654,#3655,#3656),.UNSPECIFIED.,.F.,.F.,(4,2,2,2,4),(0.,0.25,0.5,
0.75,1.),.UNSPECIFIED.);
#1144=B_SPLINE_CURVE_WITH_KNOTS('',3,(#3757,#3758,#3759,#3760,#3761,#3762,
#3763,#3764,#3765,#3766,#3767,#3768,#3769,#3770,#3771,#3772,#3773,#3774,
#3775),.UNSPECIFIED.,.F.,.F.,(4,1,1,1,1,1,1,1,1,1,1,1,1,1,1,1,4),(0.,0.125,
0.25,0.3125,0.375,0.4375,0.46875,0.484375,0.5,0.515625,0.53125,0.5625,0.625,
0.6875,0.75,0.875,1.),.UNSPECIFIED.);
#1145=B_SPLINE_CURVE_WITH_KNOTS('',3,(#3776,#3777,#3778,#3779),
 .UNSPECIFIED.,.F.,.F.,(4,4),(0.,1.),.UNSPECIFIED.);
#1146=B_SPLINE_CURVE_WITH_KNOTS('',3,(#3781,#3782,#3783,#3784,#3785,#3786,
#3787,#3788,#3789,#3790),.UNSPECIFIED.,.F.,.F.,(4,2,2,2,4),(0.,0.25,0.5,
0.75,1.),.UNSPECIFIED.);
#1147=B_SPLINE_CURVE_WITH_KNOTS('',3,(#3804,#3805,#3806,#3807,#3808,#3809,
#3810,#3811,#3812,#3813,#3814,#3815,#3816,#3817,#3818,#3819,#3820,#3821,
#3822,#3823,#3824),.UNSPECIFIED.,.F.,.F.,(4,1,1,1,1,1,1,1,1,1,1,1,1,1,1,
1,1,1,4),(0.,0.249996441530207,0.37499466229531,0.437493772677862,0.468743327869137,
0.499992883060413,0.531242438251689,0.562491993442965,0.624991103825516,
0.687490214208068,0.718739769399344,0.734364546994982,0.74998932459062,
0.765614102186258,0.781238879781896,0.812488434973172,0.874987545355723,
0.937486655738275,0.999985766120826),.UNSPECIFIED.);
#1148=B_SPLINE_CURVE_WITH_KNOTS('',3,(#3825,#3826,#3827,#3828),
 .UNSPECIFIED.,.F.,.F.,(4,4),(0.,1.),.UNSPECIFIED.);
#1149=B_SPLINE_CURVE_WITH_KNOTS('',3,(#4009,#4010,#4011,#4012),
 .UNSPECIFIED.,.F.,.F.,(4,4),(0.,1.),.UNSPECIFIED.);
#1150=B_SPLINE_CURVE_WITH_KNOTS('',3,(#4015,#4016,#4017,#4018,#4019,#4020,
#4021,#4022,#4023,#4024,#4025,#4026,#4027,#4028,#4029,#4030,#4031,#4032,
#4033,#4034,#4035,#4036,#4037),.UNSPECIFIED.,.F.,.F.,(4,1,1,1,1,1,1,1,1,
1,1,1,1,1,1,1,1,1,1,1,4),(0.,0.125,0.25,0.3125,0.375,0.40625,0.4375,0.46875,
0.484375,0.4921875,0.5,0.5078125,0.515625,0.53125,0.5625,0.59375,0.625,
0.6875,0.75,0.875,1.),.UNSPECIFIED.);
#1151=B_SPLINE_CURVE_WITH_KNOTS('',3,(#4039,#4040,#4041,#4042,#4043),
 .UNSPECIFIED.,.F.,.F.,(4,1,4),(3.19548981355591E-6,0.500001582901993,0.999999970314173),
 .UNSPECIFIED.);
#1152=B_SPLINE_CURVE_WITH_KNOTS('',3,(#4045,#4046,#4047,#4048),
 .UNSPECIFIED.,.F.,.F.,(4,4),(3.78430030813731E-8,1.),.UNSPECIFIED.);
#1153=B_SPLINE_CURVE_WITH_KNOTS('',3,(#4050,#4051,#4052,#4053,#4054,#4055,
#4056,#4057,#4058,#4059,#4060,#4061,#4062,#4063,#4064,#4065),
 .UNSPECIFIED.,.F.,.F.,(4,1,1,1,1,1,1,1,1,1,1,1,1,4),(0.,0.25,0.375,0.4375,
0.46875,0.5,0.53125,0.5625,0.625,0.6875,0.75,0.8125,0.875,1.),
 .UNSPECIFIED.);
#1154=B_SPLINE_CURVE_WITH_KNOTS('',3,(#4099,#4100,#4101,#4102,#4103,#4104,
#4105,#4106,#4107,#4108,#4109,#4110,#4111,#4112,#4113,#4114,#4115),
 .UNSPECIFIED.,.F.,.F.,(4,1,1,1,1,1,1,1,1,1,1,1,1,1,4),(2.09080937768488E-6,
0.125001829458205,0.187501698782619,0.218751633444826,0.250001568107033,
0.28125150276924,0.312501437431447,0.375001306755861,0.437501176080275,
0.500001045404689,0.562500914729103,0.625000784053517,0.750000522702344,
0.875000261351172,1.),.UNSPECIFIED.);
#1155=B_SPLINE_CURVE_WITH_KNOTS('',3,(#4128,#4129,#4130,#4131),
 .UNSPECIFIED.,.F.,.F.,(4,4),(0.,1.),.UNSPECIFIED.);
#1156=B_SPLINE_CURVE_WITH_KNOTS('',3,(#4144,#4145,#4146,#4147),
 .UNSPECIFIED.,.F.,.F.,(4,4),(6.42955813023442E-7,0.999996058273403),
 .UNSPECIFIED.);
#1157=B_SPLINE_CURVE_WITH_KNOTS('',3,(#4190,#4191,#4192,#4193),
 .UNSPECIFIED.,.F.,.F.,(4,4),(8.40493724463882E-6,0.999986615401404),
 .UNSPECIFIED.);
#1158=B_SPLINE_CURVE_WITH_KNOTS('',3,(#4206,#4207,#4208,#4209),
 .UNSPECIFIED.,.F.,.F.,(4,4),(0.,1.),.UNSPECIFIED.);
#1159=B_SPLINE_CURVE_WITH_KNOTS('',3,(#4226,#4227,#4228,#4229),
 .UNSPECIFIED.,.F.,.F.,(4,4),(0.,1.),.UNSPECIFIED.);
#1160=B_SPLINE_CURVE_WITH_KNOTS('',3,(#4242,#4243,#4244,#4245),
 .UNSPECIFIED.,.F.,.F.,(4,4),(0.,1.),.UNSPECIFIED.);
#1161=B_SPLINE_CURVE_WITH_KNOTS('',3,(#4270,#4271,#4272,#4273),
 .UNSPECIFIED.,.F.,.F.,(4,4),(0.,1.),.UNSPECIFIED.);
#1162=B_SPLINE_CURVE_WITH_KNOTS('',3,(#4292,#4293,#4294,#4295),
 .UNSPECIFIED.,.F.,.F.,(4,4),(0.,1.),.UNSPECIFIED.);
#1163=B_SPLINE_CURVE_WITH_KNOTS('',3,(#4308,#4309,#4310,#4311),
 .UNSPECIFIED.,.F.,.F.,(4,4),(0.,1.),.UNSPECIFIED.);
#1164=B_SPLINE_CURVE_WITH_KNOTS('',3,(#4336,#4337,#4338,#4339),
 .UNSPECIFIED.,.F.,.F.,(4,4),(0.,1.),.UNSPECIFIED.);
#1165=B_SPLINE_CURVE_WITH_KNOTS('',3,(#4352,#4353,#4354,#4355),
 .UNSPECIFIED.,.F.,.F.,(4,4),(3.94173167496531E-6,0.999999358631904),
 .UNSPECIFIED.);
#1166=B_SPLINE_CURVE_WITH_KNOTS('',3,(#4398,#4399,#4400,#4401),
 .UNSPECIFIED.,.F.,.F.,(4,4),(1.36116550326163E-5,0.99999164085053),
 .UNSPECIFIED.);
#1167=B_SPLINE_CURVE_WITH_KNOTS('',3,(#4414,#4415,#4416,#4417),
 .UNSPECIFIED.,.F.,.F.,(4,4),(0.,1.),.UNSPECIFIED.);
#1168=B_SPLINE_CURVE_WITH_KNOTS('',3,(#4434,#4435,#4436,#4437),
 .UNSPECIFIED.,.F.,.F.,(4,4),(0.,1.),.UNSPECIFIED.);
#1169=B_SPLINE_CURVE_WITH_KNOTS('',3,(#4450,#4451,#4452,#4453),
 .UNSPECIFIED.,.F.,.F.,(4,4),(0.,1.),.UNSPECIFIED.);
#1170=B_SPLINE_CURVE_WITH_KNOTS('',3,(#4496,#4497,#4498,#4499),
 .UNSPECIFIED.,.F.,.F.,(4,4),(0.,1.),.UNSPECIFIED.);
#1171=B_SPLINE_CURVE_WITH_KNOTS('',3,(#4512,#4513,#4514,#4515),
 .UNSPECIFIED.,.F.,.F.,(4,4),(0.,1.),.UNSPECIFIED.);
#1172=EDGE_LOOP('',(#211));
#1173=EDGE_LOOP('',(#212));
#1174=EDGE_LOOP('',(#213));
#1175=EDGE_LOOP('',(#214));
#1176=EDGE_LOOP('',(#215,#216,#217,#218,#219,#220,#221,#222,#223,#224,#225,
#226));
#1177=EDGE_LOOP('',(#227,#228,#229,#230,#231,#232,#233,#234,#235,#236,#237,
#238));
#1178=EDGE_LOOP('',(#239));
#1179=EDGE_LOOP('',(#240));
#1180=EDGE_LOOP('',(#241));
#1181=EDGE_LOOP('',(#242));
#1182=EDGE_LOOP('',(#243));
#1183=EDGE_LOOP('',(#244,#245,#246,#247,#248,#249,#250,#251));
#1184=EDGE_LOOP('',(#252,#253,#254,#255,#256,#257,#258,#259,#260,#261));
#1185=EDGE_LOOP('',(#262));
#1186=EDGE_LOOP('',(#263));
#1187=EDGE_LOOP('',(#264));
#1188=EDGE_LOOP('',(#265));
#1189=EDGE_LOOP('',(#266));
#1190=EDGE_LOOP('',(#267));
#1191=EDGE_LOOP('',(#268,#269,#270,#271));
#1192=EDGE_LOOP('',(#272,#273,#274,#275));
#1193=EDGE_LOOP('',(#276));
#1194=EDGE_LOOP('',(#277));
#1195=EDGE_LOOP('',(#278,#279,#280,#281,#282,#283,#284,#285));
#1196=EDGE_LOOP('',(#286));
#1197=EDGE_LOOP('',(#287,#288,#289,#290,#291,#292,#293,#294));
#1198=EDGE_LOOP('',(#295));
#1199=EDGE_LOOP('',(#296));
#1200=EDGE_LOOP('',(#297));
#1201=EDGE_LOOP('',(#298));
#1202=EDGE_LOOP('',(#299));
#1203=EDGE_LOOP('',(#300));
#1204=EDGE_LOOP('',(#301));
#1205=EDGE_LOOP('',(#302));
#1206=EDGE_LOOP('',(#303));
#1207=EDGE_LOOP('',(#304));
#1208=EDGE_LOOP('',(#305));
#1209=EDGE_LOOP('',(#306));
#1210=EDGE_LOOP('',(#307));
#1211=EDGE_LOOP('',(#308));
#1212=EDGE_LOOP('',(#309));
#1213=EDGE_LOOP('',(#310));
#1214=EDGE_LOOP('',(#311));
#1215=EDGE_LOOP('',(#312));
#1216=EDGE_LOOP('',(#313));
#1217=EDGE_LOOP('',(#314));
#1218=EDGE_LOOP('',(#315));
#1219=EDGE_LOOP('',(#316));
#1220=EDGE_LOOP('',(#317));
#1221=EDGE_LOOP('',(#318));
#1222=EDGE_LOOP('',(#319));
#1223=EDGE_LOOP('',(#320,#321,#322,#323));
#1224=EDGE_LOOP('',(#324,#325,#326,#327));
#1225=EDGE_LOOP('',(#328));
#1226=EDGE_LOOP('',(#329));
#1227=EDGE_LOOP('',(#330));
#1228=EDGE_LOOP('',(#331));
#1229=EDGE_LOOP('',(#332));
#1230=EDGE_LOOP('',(#333));
#1231=EDGE_LOOP('',(#334));
#1232=EDGE_LOOP('',(#335));
#1233=EDGE_LOOP('',(#336));
#1234=EDGE_LOOP('',(#337));
#1235=EDGE_LOOP('',(#338,#339));
#1236=EDGE_LOOP('',(#340));
#1237=EDGE_LOOP('',(#341));
#1238=EDGE_LOOP('',(#342));
#1239=EDGE_LOOP('',(#343));
#1240=EDGE_LOOP('',(#344));
#1241=EDGE_LOOP('',(#345));
#1242=EDGE_LOOP('',(#346));
#1243=EDGE_LOOP('',(#347));
#1244=EDGE_LOOP('',(#348));
#1245=EDGE_LOOP('',(#349));
#1246=EDGE_LOOP('',(#350));
#1247=EDGE_LOOP('',(#351,#352));
#1248=EDGE_LOOP('',(#353));
#1249=EDGE_LOOP('',(#354));
#1250=EDGE_LOOP('',(#355));
#1251=EDGE_LOOP('',(#356));
#1252=EDGE_LOOP('',(#357,#358,#359,#360));
#1253=EDGE_LOOP('',(#361,#362,#363,#364));
#1254=EDGE_LOOP('',(#365,#366,#367,#368));
#1255=EDGE_LOOP('',(#369,#370,#371,#372));
#1256=EDGE_LOOP('',(#373,#374,#375,#376));
#1257=EDGE_LOOP('',(#377,#378,#379,#380));
#1258=EDGE_LOOP('',(#381,#382,#383,#384));
#1259=EDGE_LOOP('',(#385,#386,#387,#388));
#1260=EDGE_LOOP('',(#389,#390,#391,#392,#393,#394,#395));
#1261=EDGE_LOOP('',(#396,#397,#398,#399,#400,#401,#402,#403));
#1262=EDGE_LOOP('',(#404,#405,#406,#407));
#1263=EDGE_LOOP('',(#408,#409,#410,#411));
#1264=EDGE_LOOP('',(#412,#413,#414,#415));
#1265=EDGE_LOOP('',(#416,#417,#418,#419,#420));
#1266=EDGE_LOOP('',(#421,#422,#423,#424,#425,#426));
#1267=EDGE_LOOP('',(#427,#428,#429,#430,#431,#432));
#1268=EDGE_LOOP('',(#433,#434,#435,#436,#437,#438));
#1269=EDGE_LOOP('',(#439,#440,#441,#442));
#1270=EDGE_LOOP('',(#443,#444,#445,#446,#447));
#1271=EDGE_LOOP('',(#448,#449,#450,#451,#452,#453));
#1272=EDGE_LOOP('',(#454,#455,#456,#457,#458,#459,#460,#461));
#1273=EDGE_LOOP('',(#462,#463,#464,#465,#466,#467,#468,#469,#470));
#1274=EDGE_LOOP('',(#471,#472,#473,#474));
#1275=EDGE_LOOP('',(#475,#476,#477,#478));
#1276=EDGE_LOOP('',(#479,#480,#481,#482));
#1277=EDGE_LOOP('',(#483,#484,#485,#486));
#1278=EDGE_LOOP('',(#487,#488,#489,#490,#491));
#1279=EDGE_LOOP('',(#492,#493,#494,#495,#496,#497));
#1280=EDGE_LOOP('',(#498,#499,#500,#501,#502,#503));
#1281=EDGE_LOOP('',(#504,#505,#506,#507,#508));
#1282=EDGE_LOOP('',(#509,#510,#511,#512,#513));
#1283=EDGE_LOOP('',(#514,#515,#516,#517));
#1284=EDGE_LOOP('',(#518,#519,#520,#521));
#1285=EDGE_LOOP('',(#522,#523,#524,#525));
#1286=EDGE_LOOP('',(#526,#527,#528,#529));
#1287=EDGE_LOOP('',(#530,#531,#532,#533,#534));
#1288=EDGE_LOOP('',(#535,#536,#537,#538,#539,#540));
#1289=EDGE_LOOP('',(#541,#542,#543,#544,#545,#546));
#1290=EDGE_LOOP('',(#547,#548,#549,#550,#551));
#1291=EDGE_LOOP('',(#552,#553,#554,#555,#556));
#1292=EDGE_LOOP('',(#557,#558,#559,#560,#561));
#1293=EDGE_LOOP('',(#562,#563,#564,#565,#566));
#1294=EDGE_LOOP('',(#567,#568,#569,#570));
#1295=EDGE_LOOP('',(#571,#572,#573,#574,#575,#576));
#1296=EDGE_LOOP('',(#577,#578,#579,#580,#581));
#1297=EDGE_LOOP('',(#582,#583,#584,#585));
#1298=EDGE_LOOP('',(#586,#587,#588,#589));
#1299=EDGE_LOOP('',(#590,#591,#592,#593));
#1300=EDGE_LOOP('',(#594,#595,#596,#597,#598,#599));
#1301=EDGE_LOOP('',(#600,#601,#602,#603));
#1302=EDGE_LOOP('',(#604,#605,#606,#607));
#1303=EDGE_LOOP('',(#608,#609,#610,#611));
#1304=EDGE_LOOP('',(#612,#613,#614,#615));
#1305=EDGE_LOOP('',(#616,#617,#618,#619));
#1306=EDGE_LOOP('',(#620,#621,#622,#623,#624));
#1307=EDGE_LOOP('',(#625,#626,#627,#628));
#1308=EDGE_LOOP('',(#629,#630,#631,#632));
#1309=EDGE_LOOP('',(#633,#634,#635,#636));
#1310=EDGE_LOOP('',(#637,#638,#639,#640,#641,#642));
#1311=EDGE_LOOP('',(#643,#644,#645,#646));
#1312=EDGE_LOOP('',(#647,#648,#649,#650));
#1313=EDGE_LOOP('',(#651,#652,#653,#654));
#1314=EDGE_LOOP('',(#655,#656,#657,#658));
#1315=EDGE_LOOP('',(#659));
#1316=EDGE_LOOP('',(#660));
#1317=EDGE_LOOP('',(#661));
#1318=EDGE_LOOP('',(#662));
#1319=EDGE_LOOP('',(#663));
#1320=EDGE_LOOP('',(#664));
#1321=FACE_BOUND('',#1172,.T.);
#1322=FACE_BOUND('',#1173,.T.);
#1323=FACE_BOUND('',#1174,.T.);
#1324=FACE_BOUND('',#1175,.T.);
#1325=FACE_BOUND('',#1176,.T.);
#1326=FACE_BOUND('',#1177,.T.);
#1327=FACE_BOUND('',#1178,.T.);
#1328=FACE_BOUND('',#1179,.T.);
#1329=FACE_BOUND('',#1180,.T.);
#1330=FACE_BOUND('',#1181,.T.);
#1331=FACE_BOUND('',#1182,.T.);
#1332=FACE_BOUND('',#1183,.T.);
#1333=FACE_BOUND('',#1184,.T.);
#1334=FACE_BOUND('',#1185,.T.);
#1335=FACE_BOUND('',#1186,.T.);
#1336=FACE_BOUND('',#1187,.T.);
#1337=FACE_BOUND('',#1188,.T.);
#1338=FACE_BOUND('',#1189,.T.);
#1339=FACE_BOUND('',#1190,.T.);
#1340=FACE_BOUND('',#1191,.T.);
#1341=FACE_BOUND('',#1192,.T.);
#1342=FACE_BOUND('',#1193,.T.);
#1343=FACE_BOUND('',#1194,.T.);
#1344=FACE_BOUND('',#1195,.T.);
#1345=FACE_BOUND('',#1196,.T.);
#1346=FACE_BOUND('',#1197,.T.);
#1347=FACE_BOUND('',#1198,.T.);
#1348=FACE_BOUND('',#1199,.T.);
#1349=FACE_BOUND('',#1200,.T.);
#1350=FACE_BOUND('',#1201,.T.);
#1351=FACE_BOUND('',#1202,.T.);
#1352=FACE_BOUND('',#1203,.T.);
#1353=FACE_BOUND('',#1204,.T.);
#1354=FACE_BOUND('',#1205,.T.);
#1355=FACE_BOUND('',#1206,.T.);
#1356=FACE_BOUND('',#1207,.T.);
#1357=FACE_BOUND('',#1208,.T.);
#1358=FACE_BOUND('',#1209,.T.);
#1359=FACE_BOUND('',#1210,.T.);
#1360=FACE_BOUND('',#1211,.T.);
#1361=FACE_BOUND('',#1212,.T.);
#1362=FACE_BOUND('',#1213,.T.);
#1363=FACE_BOUND('',#1214,.T.);
#1364=FACE_BOUND('',#1215,.T.);
#1365=FACE_BOUND('',#1216,.T.);
#1366=FACE_BOUND('',#1217,.T.);
#1367=FACE_BOUND('',#1218,.T.);
#1368=FACE_BOUND('',#1219,.T.);
#1369=FACE_BOUND('',#1220,.T.);
#1370=FACE_BOUND('',#1221,.T.);
#1371=FACE_BOUND('',#1222,.T.);
#1372=FACE_BOUND('',#1223,.T.);
#1373=FACE_BOUND('',#1224,.T.);
#1374=FACE_BOUND('',#1225,.T.);
#1375=FACE_BOUND('',#1226,.T.);
#1376=FACE_BOUND('',#1227,.T.);
#1377=FACE_BOUND('',#1228,.T.);
#1378=FACE_BOUND('',#1229,.T.);
#1379=FACE_BOUND('',#1230,.T.);
#1380=FACE_BOUND('',#1231,.T.);
#1381=FACE_BOUND('',#1232,.T.);
#1382=FACE_BOUND('',#1233,.T.);
#1383=FACE_BOUND('',#1234,.T.);
#1384=FACE_BOUND('',#1235,.T.);
#1385=FACE_BOUND('',#1236,.T.);
#1386=FACE_BOUND('',#1237,.T.);
#1387=FACE_BOUND('',#1238,.T.);
#1388=FACE_BOUND('',#1239,.T.);
#1389=FACE_BOUND('',#1240,.T.);
#1390=FACE_BOUND('',#1241,.T.);
#1391=FACE_BOUND('',#1242,.T.);
#1392=FACE_BOUND('',#1243,.T.);
#1393=FACE_BOUND('',#1244,.T.);
#1394=FACE_BOUND('',#1245,.T.);
#1395=FACE_BOUND('',#1246,.T.);
#1396=FACE_BOUND('',#1247,.T.);
#1397=FACE_BOUND('',#1248,.T.);
#1398=FACE_BOUND('',#1249,.T.);
#1399=FACE_BOUND('',#1250,.T.);
#1400=FACE_BOUND('',#1251,.T.);
#1401=FACE_BOUND('',#1252,.T.);
#1402=FACE_BOUND('',#1253,.T.);
#1403=FACE_BOUND('',#1254,.T.);
#1404=FACE_BOUND('',#1255,.T.);
#1405=FACE_BOUND('',#1256,.T.);
#1406=FACE_BOUND('',#1257,.T.);
#1407=FACE_BOUND('',#1258,.T.);
#1408=FACE_BOUND('',#1259,.T.);
#1409=FACE_BOUND('',#1260,.T.);
#1410=FACE_BOUND('',#1261,.T.);
#1411=FACE_BOUND('',#1262,.T.);
#1412=FACE_BOUND('',#1263,.T.);
#1413=FACE_BOUND('',#1264,.T.);
#1414=FACE_BOUND('',#1265,.T.);
#1415=FACE_BOUND('',#1266,.T.);
#1416=FACE_BOUND('',#1267,.T.);
#1417=FACE_BOUND('',#1268,.T.);
#1418=FACE_BOUND('',#1269,.T.);
#1419=FACE_BOUND('',#1270,.T.);
#1420=FACE_BOUND('',#1271,.T.);
#1421=FACE_BOUND('',#1272,.T.);
#1422=FACE_BOUND('',#1273,.T.);
#1423=FACE_BOUND('',#1274,.T.);
#1424=FACE_BOUND('',#1275,.T.);
#1425=FACE_BOUND('',#1276,.T.);
#1426=FACE_BOUND('',#1277,.T.);
#1427=FACE_BOUND('',#1278,.T.);
#1428=FACE_BOUND('',#1279,.T.);
#1429=FACE_BOUND('',#1280,.T.);
#1430=FACE_BOUND('',#1281,.T.);
#1431=FACE_BOUND('',#1282,.T.);
#1432=FACE_BOUND('',#1283,.T.);
#1433=FACE_BOUND('',#1284,.T.);
#1434=FACE_BOUND('',#1285,.T.);
#1435=FACE_BOUND('',#1286,.T.);
#1436=FACE_BOUND('',#1287,.T.);
#1437=FACE_BOUND('',#1288,.T.);
#1438=FACE_BOUND('',#1289,.T.);
#1439=FACE_BOUND('',#1290,.T.);
#1440=FACE_BOUND('',#1291,.T.);
#1441=FACE_BOUND('',#1292,.T.);
#1442=FACE_BOUND('',#1293,.T.);
#1443=FACE_BOUND('',#1294,.T.);
#1444=FACE_BOUND('',#1295,.T.);
#1445=FACE_BOUND('',#1296,.T.);
#1446=FACE_BOUND('',#1297,.T.);
#1447=FACE_BOUND('',#1298,.T.);
#1448=FACE_BOUND('',#1299,.T.);
#1449=FACE_BOUND('',#1300,.T.);
#1450=FACE_BOUND('',#1301,.T.);
#1451=FACE_BOUND('',#1302,.T.);
#1452=FACE_BOUND('',#1303,.T.);
#1453=FACE_BOUND('',#1304,.T.);
#1454=FACE_BOUND('',#1305,.T.);
#1455=FACE_BOUND('',#1306,.T.);
#1456=FACE_BOUND('',#1307,.T.);
#1457=FACE_BOUND('',#1308,.T.);
#1458=FACE_BOUND('',#1309,.T.);
#1459=FACE_BOUND('',#1310,.T.);
#1460=FACE_BOUND('',#1311,.T.);
#1461=FACE_BOUND('',#1312,.T.);
#1462=FACE_BOUND('',#1313,.T.);
#1463=FACE_BOUND('',#1314,.T.);
#1464=FACE_BOUND('',#1315,.T.);
#1465=FACE_BOUND('',#1316,.T.);
#1466=FACE_BOUND('',#1317,.T.);
#1467=FACE_BOUND('',#1318,.T.);
#1468=FACE_BOUND('',#1319,.T.);
#1469=FACE_BOUND('',#1320,.T.);
#1470=CYLINDRICAL_SURFACE('',#1623,0.01115);
#1471=CYLINDRICAL_SURFACE('',#1677,0.001);
#1472=CYLINDRICAL_SURFACE('',#1679,0.001);
#1473=CYLINDRICAL_SURFACE('',#1681,0.001);
#1474=CYLINDRICAL_SURFACE('',#1683,0.001);
#1475=CYLINDRICAL_SURFACE('',#1685,0.0025);
#1476=CYLINDRICAL_SURFACE('',#1688,0.0025);
#1477=CYLINDRICAL_SURFACE('',#1691,0.0025);
#1478=CYLINDRICAL_SURFACE('',#1694,0.0025);
#1479=CYLINDRICAL_SURFACE('',#1697,0.008255);
#1480=CYLINDRICAL_SURFACE('',#1699,0.0015);
#1481=CYLINDRICAL_SURFACE('',#1701,0.0015);
#1482=CYLINDRICAL_SURFACE('',#1703,0.0015);
#1483=CYLINDRICAL_SURFACE('',#1705,0.0015);
#1484=CYLINDRICAL_SURFACE('',#1709,0.002);
#1485=CYLINDRICAL_SURFACE('',#1712,0.002);
#1486=CYLINDRICAL_SURFACE('',#1715,0.002);
#1487=CYLINDRICAL_SURFACE('',#1718,0.002);
#1488=CYLINDRICAL_SURFACE('',#1726,0.000889);
#1489=CYLINDRICAL_SURFACE('',#1727,0.000889);
#1490=CYLINDRICAL_SURFACE('',#1728,0.000889);
#1491=CYLINDRICAL_SURFACE('',#1729,0.000889);
#1492=CYLINDRICAL_SURFACE('',#1730,0.276065789971845);
#1493=CYLINDRICAL_SURFACE('',#1731,0.276065789971845);
#1494=CYLINDRICAL_SURFACE('',#1735,0.0844557257100155);
#1495=CYLINDRICAL_SURFACE('',#1736,0.01614);
#1496=CYLINDRICAL_SURFACE('',#1737,0.01614);
#1497=CYLINDRICAL_SURFACE('',#1738,0.0844557257100155);
#1498=CYLINDRICAL_SURFACE('',#1740,0.0844557257100155);
#1499=CYLINDRICAL_SURFACE('',#1741,0.0844557257100155);
#1500=CYLINDRICAL_SURFACE('',#1744,0.0760339882398963);
#1501=CYLINDRICAL_SURFACE('',#1745,0.0760714578337894);
#1502=CYLINDRICAL_SURFACE('',#1747,0.0760339882399835);
#1503=CYLINDRICAL_SURFACE('',#1748,0.0760714578332067);
#1504=CYLINDRICAL_SURFACE('',#1749,0.0760339882398847);
#1505=CYLINDRICAL_SURFACE('',#1750,0.076077648633502);
#1506=CYLINDRICAL_SURFACE('',#1751,0.0760339882399817);
#1507=CYLINDRICAL_SURFACE('',#1752,0.00889);
#1508=ADVANCED_FACE('',(#1321,#1322),#1470,.F.);
#1509=ADVANCED_FACE('',(#1323,#1324,#1325),#119,.T.);
#1510=ADVANCED_FACE('',(#1326,#1327,#1328,#1329,#1330,#1331),#120,.T.);
#1511=ADVANCED_FACE('',(#1332,#1333,#1334,#1335,#1336,#1337),#121,.F.);
#1512=ADVANCED_FACE('',(#1338,#1339,#1340),#122,.T.);
#1513=ADVANCED_FACE('',(#1341,#1342),#123,.F.);
#1514=ADVANCED_FACE('',(#1343,#1344),#124,.T.);
#1515=ADVANCED_FACE('',(#1345,#1346,#1347),#125,.T.);
#1516=ADVANCED_FACE('',(#1348,#1349),#1471,.F.);
#1517=ADVANCED_FACE('',(#1350,#1351),#1472,.F.);
#1518=ADVANCED_FACE('',(#1352,#1353),#1473,.F.);
#1519=ADVANCED_FACE('',(#1354,#1355),#1474,.F.);
#1520=ADVANCED_FACE('',(#1356,#1357),#1475,.F.);
#1521=ADVANCED_FACE('',(#1358,#1359),#126,.T.);
#1522=ADVANCED_FACE('',(#1360,#1361),#1476,.F.);
#1523=ADVANCED_FACE('',(#1362,#1363),#127,.T.);
#1524=ADVANCED_FACE('',(#1364,#1365),#1477,.F.);
#1525=ADVANCED_FACE('',(#1366,#1367),#128,.T.);
#1526=ADVANCED_FACE('',(#1368,#1369),#1478,.F.);
#1527=ADVANCED_FACE('',(#1370,#1371),#129,.T.);
#1528=ADVANCED_FACE('',(#1372),#1479,.F.);
#1529=ADVANCED_FACE('',(#1373),#130,.F.);
#1530=ADVANCED_FACE('',(#1374,#1375),#1480,.F.);
#1531=ADVANCED_FACE('',(#1376,#1377),#1481,.F.);
#1532=ADVANCED_FACE('',(#1378,#1379),#1482,.F.);
#1533=ADVANCED_FACE('',(#1380,#1381),#1483,.F.);
#1534=ADVANCED_FACE('',(#1382,#1383),#131,.F.);
#1535=ADVANCED_FACE('',(#1384,#1385),#1484,.F.);
#1536=ADVANCED_FACE('',(#1386,#1387),#132,.F.);
#1537=ADVANCED_FACE('',(#1388,#1389),#1485,.F.);
#1538=ADVANCED_FACE('',(#1390,#1391),#133,.F.);
#1539=ADVANCED_FACE('',(#1392,#1393),#1486,.F.);
#1540=ADVANCED_FACE('',(#1394,#1395),#134,.F.);
#1541=ADVANCED_FACE('',(#1396,#1397),#1487,.F.);
#1542=ADVANCED_FACE('',(#1398,#1399),#50,.T.);
#1543=ADVANCED_FACE('',(#1400),#49,.F.);
#1544=ADVANCED_FACE('',(#1401),#135,.F.);
#1545=ADVANCED_FACE('',(#1402),#136,.F.);
#1546=ADVANCED_FACE('',(#1403),#137,.T.);
#1547=ADVANCED_FACE('',(#1404),#138,.T.);
#1548=ADVANCED_FACE('',(#1405),#1488,.F.);
#1549=ADVANCED_FACE('',(#1406),#1489,.F.);
#1550=ADVANCED_FACE('',(#1407),#1490,.T.);
#1551=ADVANCED_FACE('',(#1408),#1491,.T.);
#1552=ADVANCED_FACE('',(#1409),#1492,.F.);
#1553=ADVANCED_FACE('',(#1410),#1493,.F.);
#1554=ADVANCED_FACE('',(#1411),#139,.F.);
#1555=ADVANCED_FACE('',(#1412),#140,.T.);
#1556=ADVANCED_FACE('',(#1413),#141,.T.);
#1557=ADVANCED_FACE('',(#1414),#1494,.F.);
#1558=ADVANCED_FACE('',(#1415),#1495,.T.);
#1559=ADVANCED_FACE('',(#1416),#1496,.T.);
#1560=ADVANCED_FACE('',(#1417),#1497,.F.);
#1561=ADVANCED_FACE('',(#1418),#142,.F.);
#1562=ADVANCED_FACE('',(#1419),#1498,.F.);
#1563=ADVANCED_FACE('',(#1420),#1499,.F.);
#1564=ADVANCED_FACE('',(#1421),#14,.F.);
#1565=ADVANCED_FACE('',(#1422),#15,.F.);
#1566=ADVANCED_FACE('',(#1423),#16,.T.);
#1567=ADVANCED_FACE('',(#1424),#17,.T.);
#1568=ADVANCED_FACE('',(#1425),#18,.T.);
#1569=ADVANCED_FACE('',(#1426),#19,.T.);
#1570=ADVANCED_FACE('',(#1427),#20,.T.);
#1571=ADVANCED_FACE('',(#1428),#21,.T.);
#1572=ADVANCED_FACE('',(#1429),#1500,.T.);
#1573=ADVANCED_FACE('',(#1430),#22,.T.);
#1574=ADVANCED_FACE('',(#1431),#1501,.T.);
#1575=ADVANCED_FACE('',(#1432),#23,.T.);
#1576=ADVANCED_FACE('',(#1433),#24,.T.);
#1577=ADVANCED_FACE('',(#1434),#25,.T.);
#1578=ADVANCED_FACE('',(#1435),#26,.T.);
#1579=ADVANCED_FACE('',(#1436),#27,.T.);
#1580=ADVANCED_FACE('',(#1437),#1502,.T.);
#1581=ADVANCED_FACE('',(#1438),#28,.T.);
#1582=ADVANCED_FACE('',(#1439),#29,.T.);
#1583=ADVANCED_FACE('',(#1440),#1503,.T.);
#1584=ADVANCED_FACE('',(#1441),#1504,.T.);
#1585=ADVANCED_FACE('',(#1442),#1505,.T.);
#1586=ADVANCED_FACE('',(#1443),#1506,.T.);
#1587=ADVANCED_FACE('',(#1444),#30,.T.);
#1588=ADVANCED_FACE('',(#1445),#31,.T.);
#1589=ADVANCED_FACE('',(#1446),#32,.T.);
#1590=ADVANCED_FACE('',(#1447),#33,.T.);
#1591=ADVANCED_FACE('',(#1448),#34,.T.);
#1592=ADVANCED_FACE('',(#1449),#12,.F.);
#1593=ADVANCED_FACE('',(#1450),#35,.T.);
#1594=ADVANCED_FACE('',(#1451),#36,.T.);
#1595=ADVANCED_FACE('',(#1452),#37,.T.);
#1596=ADVANCED_FACE('',(#1453),#38,.T.);
#1597=ADVANCED_FACE('',(#1454),#39,.T.);
#1598=ADVANCED_FACE('',(#1455),#40,.T.);
#1599=ADVANCED_FACE('',(#1456),#41,.T.);
#1600=ADVANCED_FACE('',(#1457),#42,.T.);
#1601=ADVANCED_FACE('',(#1458),#43,.T.);
#1602=ADVANCED_FACE('',(#1459),#13,.F.);
#1603=ADVANCED_FACE('',(#1460),#44,.T.);
#1604=ADVANCED_FACE('',(#1461),#45,.T.);
#1605=ADVANCED_FACE('',(#1462),#46,.T.);
#1606=ADVANCED_FACE('',(#1463),#47,.T.);
#1607=ADVANCED_FACE('',(#1464,#1465),#1507,.F.);
#1608=ADVANCED_FACE('',(#1466,#1467),#143,.F.);
#1609=ADVANCED_FACE('',(#1468,#1469),#48,.T.);
#1610=CLOSED_SHELL('',(#1508,#1509,#1510,#1511,#1512,#1513,#1514,#1515,
#1516,#1517,#1518,#1519,#1520,#1521,#1522,#1523,#1524,#1525,#1526,#1527,
#1528,#1529,#1530,#1531,#1532,#1533,#1534,#1535,#1536,#1537,#1538,#1539,
#1540,#1541,#1542,#1543,#1544,#1545,#1546,#1547,#1548,#1549,#1550,#1551,
#1552,#1553,#1554,#1555,#1556,#1557,#1558,#1559,#1560,#1561,#1562,#1563,
#1564,#1565,#1566,#1567,#1568,#1569,#1570,#1571,#1572,#1573,#1574,#1575,
#1576,#1577,#1578,#1579,#1580,#1581,#1582,#1583,#1584,#1585,#1586,#1587,
#1588,#1589,#1590,#1591,#1592,#1593,#1594,#1595,#1596,#1597,#1598,#1599,
#1600,#1601,#1602,#1603,#1604,#1605,#1606,#1607,#1608,#1609));
#1611=STYLED_ITEM('',(#1612),#1619);
#1612=PRESENTATION_STYLE_ASSIGNMENT((#1613));
#1613=SURFACE_STYLE_USAGE(.BOTH.,#1614);
#1614=SURFACE_SIDE_STYLE('',(#1615));
#1615=SURFACE_STYLE_FILL_AREA(#1616);
#1616=FILL_AREA_STYLE('',(#1617));
#1617=FILL_AREA_STYLE_COLOUR('',#1618);
#1618=COLOUR_RGB('',0.615686274509804,0.811764705882353,0.929411764705882);
#1619=MANIFOLD_SOLID_BREP('Part 16',#1610);
#1620=SHAPE_DEFINITION_REPRESENTATION(#4640,#1621);
#1621=SHAPE_REPRESENTATION('Part 16',(#1622),#4635);
#1622=AXIS2_PLACEMENT_3D('',#2055,#1755,#1756);
#1623=AXIS2_PLACEMENT_3D('',#2056,#1757,#1758);
#1624=AXIS2_PLACEMENT_3D('',#2077,#1759,#1760);
#1625=AXIS2_PLACEMENT_3D('',#2079,#1761,#1762);
#1626=AXIS2_PLACEMENT_3D('',#2080,#1763,#1764);
#1627=AXIS2_PLACEMENT_3D('',#2082,#1765,#1766);
#1628=AXIS2_PLACEMENT_3D('',#2084,#1767,#1768);
#1629=AXIS2_PLACEMENT_3D('',#2094,#1770,#1771);
#1630=AXIS2_PLACEMENT_3D('',#2098,#1773,#1774);
#1631=AXIS2_PLACEMENT_3D('',#2100,#1775,#1776);
#1632=AXIS2_PLACEMENT_3D('',#2102,#1777,#1778);
#1633=AXIS2_PLACEMENT_3D('',#2106,#1780,#1781);
#1634=AXIS2_PLACEMENT_3D('',#2114,#1783,#1784);
#1635=AXIS2_PLACEMENT_3D('',#2118,#1786,#1787);
#1636=AXIS2_PLACEMENT_3D('',#2120,#1788,#1789);
#1637=AXIS2_PLACEMENT_3D('',#2122,#1790,#1791);
#1638=AXIS2_PLACEMENT_3D('',#2130,#1795,#1796);
#1639=AXIS2_PLACEMENT_3D('',#2132,#1797,#1798);
#1640=AXIS2_PLACEMENT_3D('',#2134,#1799,#1800);
#1641=AXIS2_PLACEMENT_3D('',#2139,#1803,#1804);
#1642=AXIS2_PLACEMENT_3D('',#2141,#1805,#1806);
#1643=AXIS2_PLACEMENT_3D('',#2143,#1807,#1808);
#1644=AXIS2_PLACEMENT_3D('',#2145,#1809,#1810);
#1645=AXIS2_PLACEMENT_3D('',#2147,#1811,#1812);
#1646=AXIS2_PLACEMENT_3D('',#2149,#1813,#1814);
#1647=AXIS2_PLACEMENT_3D('',#2152,#1816,#1817);
#1648=AXIS2_PLACEMENT_3D('',#2154,#1818,#1819);
#1649=AXIS2_PLACEMENT_3D('',#2156,#1820,#1821);
#1650=AXIS2_PLACEMENT_3D('',#2158,#1822,#1823);
#1651=AXIS2_PLACEMENT_3D('',#2160,#1824,#1825);
#1652=AXIS2_PLACEMENT_3D('',#2166,#1828,#1829);
#1653=AXIS2_PLACEMENT_3D('',#2168,#1830,#1831);
#1654=AXIS2_PLACEMENT_3D('',#2170,#1832,#1833);
#1655=AXIS2_PLACEMENT_3D('',#2174,#1835,#1836);
#1656=AXIS2_PLACEMENT_3D('',#2182,#1840,#1841);
#1657=AXIS2_PLACEMENT_3D('',#2183,#1842,#1843);
#1658=AXIS2_PLACEMENT_3D('',#2185,#1844,#1845);
#1659=AXIS2_PLACEMENT_3D('',#2187,#1846,#1847);
#1660=AXIS2_PLACEMENT_3D('',#2189,#1848,#1849);
#1661=AXIS2_PLACEMENT_3D('',#2191,#1850,#1851);
#1662=AXIS2_PLACEMENT_3D('',#2192,#1852,#1853);
#1663=AXIS2_PLACEMENT_3D('',#2194,#1854,#1855);
#1664=AXIS2_PLACEMENT_3D('',#2211,#1857,#1858);
#1665=AXIS2_PLACEMENT_3D('',#2226,#1859,#1860);
#1666=AXIS2_PLACEMENT_3D('',#2235,#1861,#1862);
#1667=AXIS2_PLACEMENT_3D('',#2237,#1863,#1864);
#1668=AXIS2_PLACEMENT_3D('',#2258,#1865,#1866);
#1669=AXIS2_PLACEMENT_3D('',#2261,#1867,#1868);
#1670=AXIS2_PLACEMENT_3D('',#2271,#1871,#1872);
#1671=AXIS2_PLACEMENT_3D('',#2273,#1873,#1874);
#1672=AXIS2_PLACEMENT_3D('',#2274,#1875,#1876);
#1673=AXIS2_PLACEMENT_3D('',#2275,#1877,#1878);
#1674=AXIS2_PLACEMENT_3D('',#2288,#1879,#1880);
#1675=AXIS2_PLACEMENT_3D('',#2305,#1881,#1882);
#1676=AXIS2_PLACEMENT_3D('',#2311,#1883,#1884);
#1677=AXIS2_PLACEMENT_3D('',#2313,#1885,#1886);
#1678=AXIS2_PLACEMENT_3D('',#2314,#1887,#1888);
#1679=AXIS2_PLACEMENT_3D('',#2316,#1889,#1890);
#1680=AXIS2_PLACEMENT_3D('',#2317,#1891,#1892);
#1681=AXIS2_PLACEMENT_3D('',#2319,#1893,#1894);
#1682=AXIS2_PLACEMENT_3D('',#2320,#1895,#1896);
#1683=AXIS2_PLACEMENT_3D('',#2322,#1897,#1898);
#1684=AXIS2_PLACEMENT_3D('',#2323,#1899,#1900);
#1685=AXIS2_PLACEMENT_3D('',#2325,#1901,#1902);
#1686=AXIS2_PLACEMENT_3D('',#2326,#1903,#1904);
#1687=AXIS2_PLACEMENT_3D('',#2328,#1905,#1906);
#1688=AXIS2_PLACEMENT_3D('',#2329,#1907,#1908);
#1689=AXIS2_PLACEMENT_3D('',#2330,#1909,#1910);
#1690=AXIS2_PLACEMENT_3D('',#2332,#1911,#1912);
#1691=AXIS2_PLACEMENT_3D('',#2333,#1913,#1914);
#1692=AXIS2_PLACEMENT_3D('',#2334,#1915,#1916);
#1693=AXIS2_PLACEMENT_3D('',#2336,#1917,#1918);
#1694=AXIS2_PLACEMENT_3D('',#2337,#1919,#1920);
#1695=AXIS2_PLACEMENT_3D('',#2338,#1921,#1922);
#1696=AXIS2_PLACEMENT_3D('',#2340,#1923,#1924);
#1697=AXIS2_PLACEMENT_3D('',#2341,#1925,#1926);
#1698=AXIS2_PLACEMENT_3D('',#2344,#1929,#1930);
#1699=AXIS2_PLACEMENT_3D('',#2347,#1933,#1934);
#1700=AXIS2_PLACEMENT_3D('',#2348,#1935,#1936);
#1701=AXIS2_PLACEMENT_3D('',#2350,#1937,#1938);
#1702=AXIS2_PLACEMENT_3D('',#2351,#1939,#1940);
#1703=AXIS2_PLACEMENT_3D('',#2353,#1941,#1942);
#1704=AXIS2_PLACEMENT_3D('',#2354,#1943,#1944);
#1705=AXIS2_PLACEMENT_3D('',#2356,#1945,#1946);
#1706=AXIS2_PLACEMENT_3D('',#2357,#1947,#1948);
#1707=AXIS2_PLACEMENT_3D('',#2359,#1949,#1950);
#1708=AXIS2_PLACEMENT_3D('',#2360,#1951,#1952);
#1709=AXIS2_PLACEMENT_3D('',#2362,#1953,#1954);
#1710=AXIS2_PLACEMENT_3D('',#2375,#1955,#1956);
#1711=AXIS2_PLACEMENT_3D('',#2376,#1957,#1958);
#1712=AXIS2_PLACEMENT_3D('',#2378,#1959,#1960);
#1713=AXIS2_PLACEMENT_3D('',#2379,#1961,#1962);
#1714=AXIS2_PLACEMENT_3D('',#2380,#1963,#1964);
#1715=AXIS2_PLACEMENT_3D('',#2382,#1965,#1966);
#1716=AXIS2_PLACEMENT_3D('',#2383,#1967,#1968);
#1717=AXIS2_PLACEMENT_3D('',#2384,#1969,#1970);
#1718=AXIS2_PLACEMENT_3D('',#2386,#1971,#1972);
#1719=AXIS2_PLACEMENT_3D('',#2399,#1973,#1974);
#1720=AXIS2_PLACEMENT_3D('',#2400,#1975,#1976);
#1721=AXIS2_PLACEMENT_3D('',#2402,#1977,#1978);
#1722=AXIS2_PLACEMENT_3D('',#2403,#1979,#1980);
#1723=AXIS2_PLACEMENT_3D('',#2406,#1983,#1984);
#1724=AXIS2_PLACEMENT_3D('',#2408,#1986,#1987);
#1725=AXIS2_PLACEMENT_3D('',#2410,#1989,#1990);
#1726=AXIS2_PLACEMENT_3D('',#2413,#1993,#1994);
#1727=AXIS2_PLACEMENT_3D('',#2414,#1995,#1996);
#1728=AXIS2_PLACEMENT_3D('',#2415,#1997,#1998);
#1729=AXIS2_PLACEMENT_3D('',#2416,#1999,#2000);
#1730=AXIS2_PLACEMENT_3D('',#2417,#2001,#2002);
#1731=AXIS2_PLACEMENT_3D('',#2452,#2003,#2004);
#1732=AXIS2_PLACEMENT_3D('',#2487,#2005,#2006);
#1733=AXIS2_PLACEMENT_3D('',#2497,#2007,#2008);
#1734=AXIS2_PLACEMENT_3D('',#2507,#2009,#2010);
#1735=AXIS2_PLACEMENT_3D('',#2517,#2011,#2012);
#1736=AXIS2_PLACEMENT_3D('',#2534,#2014,#2015);
#1737=AXIS2_PLACEMENT_3D('',#2569,#2017,#2018);
#1738=AXIS2_PLACEMENT_3D('',#2606,#2021,#2022);
#1739=AXIS2_PLACEMENT_3D('',#2626,#2023,#2024);
#1740=AXIS2_PLACEMENT_3D('',#2636,#2025,#2026);
#1741=AXIS2_PLACEMENT_3D('',#2651,#2027,#2028);
#1742=AXIS2_PLACEMENT_3D('',#2971,#2029,#2030);
#1743=AXIS2_PLACEMENT_3D('',#2993,#2031,#2032);
#1744=AXIS2_PLACEMENT_3D('',#3245,#2033,#2034);
#1745=AXIS2_PLACEMENT_3D('',#3379,#2035,#2036);
#1746=AXIS2_PLACEMENT_3D('',#3592,#2037,#2038);
#1747=AXIS2_PLACEMENT_3D('',#3791,#2039,#2040);
#1748=AXIS2_PLACEMENT_3D('',#4013,#2041,#2042);
#1749=AXIS2_PLACEMENT_3D('',#4014,#2043,#2044);
#1750=AXIS2_PLACEMENT_3D('',#4044,#2045,#2046);
#1751=AXIS2_PLACEMENT_3D('',#4049,#2047,#2048);
#1752=AXIS2_PLACEMENT_3D('',#4528,#2049,#2050);
#1753=AXIS2_PLACEMENT_3D('',#4529,#2051,#2052);
#1754=AXIS2_PLACEMENT_3D('',#4531,#2053,#2054);
#1755=DIRECTION('',(0.,0.,1.));
#1756=DIRECTION('',(1.,0.,0.));
#1757=DIRECTION('',(2.97359927315502E-16,0.,-1.));
#1758=DIRECTION('',(-1.,0.,-2.97359927315502E-16));
#1759=DIRECTION('',(2.97359927315502E-16,0.,-1.));
#1760=DIRECTION('',(-1.,0.,-2.97359927315502E-16));
#1761=DIRECTION('',(0.,0.,1.));
#1762=DIRECTION('',(1.,0.,0.));
#1763=DIRECTION('',(0.,0.,1.));
#1764=DIRECTION('',(1.,0.,0.));
#1765=DIRECTION('',(0.,0.,1.));
#1766=DIRECTION('',(1.,0.,0.));
#1767=DIRECTION('',(0.,0.,1.));
#1768=DIRECTION('',(1.,0.,0.));
#1769=DIRECTION('',(0.,-1.,0.));
#1770=DIRECTION('',(0.,0.,1.));
#1771=DIRECTION('',(1.,0.,0.));
#1772=DIRECTION('',(-1.,0.,0.));
#1773=DIRECTION('',(0.,0.,1.));
#1774=DIRECTION('',(1.,0.,0.));
#1775=DIRECTION('',(0.,0.,1.));
#1776=DIRECTION('',(1.,0.,0.));
#1777=DIRECTION('',(0.,0.,1.));
#1778=DIRECTION('',(1.,0.,0.));
#1779=DIRECTION('',(1.,0.,0.));
#1780=DIRECTION('',(0.,0.,1.));
#1781=DIRECTION('',(1.,0.,0.));
#1782=DIRECTION('',(0.,-1.,0.));
#1783=DIRECTION('',(0.,1.,0.));
#1784=DIRECTION('',(0.,0.,1.));
#1785=DIRECTION('',(0.,0.,1.));
#1786=DIRECTION('',(0.,-1.,0.));
#1787=DIRECTION('',(0.,0.,-1.));
#1788=DIRECTION('',(0.,1.,0.));
#1789=DIRECTION('',(0.,0.,1.));
#1790=DIRECTION('',(1.02078962098469E-14,-1.,-1.80121023854831E-13));
#1791=DIRECTION('',(0.,1.80121023854831E-13,-1.));
#1792=DIRECTION('',(0.,0.,1.));
#1793=DIRECTION('',(1.,0.,0.));
#1794=DIRECTION('',(0.,0.,1.));
#1795=DIRECTION('',(7.31999766662777E-16,-1.,7.99323183325772E-15));
#1796=DIRECTION('',(0.,-7.99323183325772E-15,-1.));
#1797=DIRECTION('',(0.,1.,0.));
#1798=DIRECTION('',(0.,0.,1.));
#1799=DIRECTION('',(0.,-1.,0.));
#1800=DIRECTION('',(0.,0.,-1.));
#1801=DIRECTION('',(0.,0.,1.));
#1802=DIRECTION('',(1.,0.,0.));
#1803=DIRECTION('',(0.,1.,0.));
#1804=DIRECTION('',(0.,0.,1.));
#1805=DIRECTION('',(0.,1.,0.));
#1806=DIRECTION('',(0.,0.,1.));
#1807=DIRECTION('',(0.,1.,0.));
#1808=DIRECTION('',(0.,0.,1.));
#1809=DIRECTION('',(0.,1.,0.));
#1810=DIRECTION('',(0.,0.,1.));
#1811=DIRECTION('',(0.,1.,0.));
#1812=DIRECTION('',(0.,0.,1.));
#1813=DIRECTION('',(0.,0.,1.));
#1814=DIRECTION('',(1.,0.,0.));
#1815=DIRECTION('',(0.,-1.,0.));
#1816=DIRECTION('',(0.,0.,1.));
#1817=DIRECTION('',(1.,0.,0.));
#1818=DIRECTION('',(0.,0.,1.));
#1819=DIRECTION('',(1.,0.,0.));
#1820=DIRECTION('',(0.,0.,1.));
#1821=DIRECTION('',(1.,0.,0.));
#1822=DIRECTION('',(0.,0.,1.));
#1823=DIRECTION('',(1.,0.,0.));
#1824=DIRECTION('',(-3.15397044395479E-13,1.13494868161035E-11,1.));
#1825=DIRECTION('',(0.,-1.,1.13494868161035E-11));
#1826=DIRECTION('',(0.,-1.,0.));
#1827=DIRECTION('',(-1.,0.,0.));
#1828=DIRECTION('',(0.,0.,1.));
#1829=DIRECTION('',(1.,0.,0.));
#1830=DIRECTION('',(0.,0.,1.));
#1831=DIRECTION('',(1.,0.,0.));
#1832=DIRECTION('',(0.,0.,1.));
#1833=DIRECTION('',(1.,0.,0.));
#1834=DIRECTION('',(1.,0.,0.));
#1835=DIRECTION('',(0.,0.,1.));
#1836=DIRECTION('',(1.,0.,0.));
#1837=DIRECTION('',(0.,1.,0.));
#1838=DIRECTION('',(-1.,0.,0.));
#1839=DIRECTION('',(0.,1.,0.));
#1840=DIRECTION('',(0.,0.,1.));
#1841=DIRECTION('',(1.,0.,0.));
#1842=DIRECTION('',(0.,0.,-1.));
#1843=DIRECTION('',(-1.,0.,0.));
#1844=DIRECTION('',(0.,0.,-1.));
#1845=DIRECTION('',(-1.,0.,0.));
#1846=DIRECTION('',(0.,0.,-1.));
#1847=DIRECTION('',(-1.,0.,0.));
#1848=DIRECTION('',(0.,0.,-1.));
#1849=DIRECTION('',(-1.,0.,0.));
#1850=DIRECTION('',(0.,0.,1.));
#1851=DIRECTION('',(1.,0.,0.));
#1852=DIRECTION('',(0.,0.,1.));
#1853=DIRECTION('',(1.,0.,0.));
#1854=DIRECTION('',(0.,0.,1.));
#1855=DIRECTION('',(1.,0.,0.));
#1856=DIRECTION('',(-1.,0.,0.));
#1857=DIRECTION('',(-2.97359927315502E-16,0.,1.));
#1858=DIRECTION('',(1.,0.,2.97359927315502E-16));
#1859=DIRECTION('',(-2.97359927315502E-16,0.,1.));
#1860=DIRECTION('',(1.,0.,2.97359927315502E-16));
#1861=DIRECTION('',(2.97359927315502E-16,0.,-1.));
#1862=DIRECTION('',(-1.,0.,-2.97359927315502E-16));
#1863=DIRECTION('',(0.,0.,1.));
#1864=DIRECTION('',(1.,0.,0.));
#1865=DIRECTION('',(0.,0.,1.));
#1866=DIRECTION('',(1.,0.,0.));
#1867=DIRECTION('',(0.,0.,1.));
#1868=DIRECTION('',(1.,0.,0.));
#1869=DIRECTION('',(0.,-1.,0.));
#1870=DIRECTION('',(0.,-1.,0.));
#1871=DIRECTION('',(0.,0.,1.));
#1872=DIRECTION('',(1.,0.,0.));
#1873=DIRECTION('',(0.,0.,1.));
#1874=DIRECTION('',(1.,0.,0.));
#1875=DIRECTION('',(0.,-1.,0.));
#1876=DIRECTION('',(1.,0.,0.));
#1877=DIRECTION('',(0.,-1.,0.));
#1878=DIRECTION('',(0.,0.,-1.));
#1879=DIRECTION('',(0.,-1.,0.));
#1880=DIRECTION('',(0.,0.,-1.));
#1881=DIRECTION('',(0.,-1.,0.));
#1882=DIRECTION('',(0.,0.,-1.));
#1883=DIRECTION('',(0.,-1.,0.));
#1884=DIRECTION('',(0.,0.,-1.));
#1885=DIRECTION('',(0.,0.,1.));
#1886=DIRECTION('',(1.,0.,0.));
#1887=DIRECTION('',(0.,0.,1.));
#1888=DIRECTION('',(1.,0.,0.));
#1889=DIRECTION('',(0.,0.,1.));
#1890=DIRECTION('',(1.,0.,0.));
#1891=DIRECTION('',(0.,0.,1.));
#1892=DIRECTION('',(1.,0.,0.));
#1893=DIRECTION('',(0.,0.,1.));
#1894=DIRECTION('',(1.,0.,0.));
#1895=DIRECTION('',(0.,0.,1.));
#1896=DIRECTION('',(1.,0.,0.));
#1897=DIRECTION('',(0.,0.,1.));
#1898=DIRECTION('',(1.,0.,0.));
#1899=DIRECTION('',(0.,0.,1.));
#1900=DIRECTION('',(1.,0.,0.));
#1901=DIRECTION('',(0.,0.,-1.));
#1902=DIRECTION('',(-1.,0.,0.));
#1903=DIRECTION('',(0.,0.,-1.));
#1904=DIRECTION('',(-1.,0.,0.));
#1905=DIRECTION('',(0.,0.,-1.));
#1906=DIRECTION('',(1.,0.,0.));
#1907=DIRECTION('',(0.,0.,-1.));
#1908=DIRECTION('',(-1.,0.,0.));
#1909=DIRECTION('',(0.,0.,-1.));
#1910=DIRECTION('',(-1.,0.,0.));
#1911=DIRECTION('',(0.,0.,-1.));
#1912=DIRECTION('',(1.,0.,0.));
#1913=DIRECTION('',(0.,0.,-1.));
#1914=DIRECTION('',(-1.,0.,0.));
#1915=DIRECTION('',(0.,0.,-1.));
#1916=DIRECTION('',(-1.,0.,0.));
#1917=DIRECTION('',(0.,0.,-1.));
#1918=DIRECTION('',(1.,0.,0.));
#1919=DIRECTION('',(0.,0.,-1.));
#1920=DIRECTION('',(-1.,0.,0.));
#1921=DIRECTION('',(0.,0.,-1.));
#1922=DIRECTION('',(-1.,0.,0.));
#1923=DIRECTION('',(0.,0.,-1.));
#1924=DIRECTION('',(1.,0.,0.));
#1925=DIRECTION('',(0.,0.,1.));
#1926=DIRECTION('',(1.,0.,0.));
#1927=DIRECTION('',(0.,0.,1.));
#1928=DIRECTION('',(0.,0.,1.));
#1929=DIRECTION('',(0.,1.,0.));
#1930=DIRECTION('',(0.,0.,1.));
#1931=DIRECTION('',(0.,0.,-1.));
#1932=DIRECTION('',(0.,0.,-1.));
#1933=DIRECTION('',(0.,-1.,0.));
#1934=DIRECTION('',(0.,0.,-1.));
#1935=DIRECTION('',(0.,1.,0.));
#1936=DIRECTION('',(0.,0.,1.));
#1937=DIRECTION('',(0.,-1.,0.));
#1938=DIRECTION('',(0.,0.,-1.));
#1939=DIRECTION('',(0.,1.,0.));
#1940=DIRECTION('',(0.,0.,1.));
#1941=DIRECTION('',(0.,-1.,0.));
#1942=DIRECTION('',(0.,0.,-1.));
#1943=DIRECTION('',(0.,1.,0.));
#1944=DIRECTION('',(0.,0.,1.));
#1945=DIRECTION('',(0.,-1.,0.));
#1946=DIRECTION('',(0.,0.,-1.));
#1947=DIRECTION('',(0.,1.,0.));
#1948=DIRECTION('',(0.,0.,1.));
#1949=DIRECTION('',(0.,1.,0.));
#1950=DIRECTION('',(0.,0.,1.));
#1951=DIRECTION('',(0.,1.,0.));
#1952=DIRECTION('',(0.,0.,1.));
#1953=DIRECTION('',(0.,-1.,0.));
#1954=DIRECTION('',(0.,0.,-1.));
#1955=DIRECTION('',(0.,1.,0.));
#1956=DIRECTION('',(0.,0.,1.));
#1957=DIRECTION('',(0.,1.,0.));
#1958=DIRECTION('',(0.,0.,1.));
#1959=DIRECTION('',(0.,-1.,0.));
#1960=DIRECTION('',(0.,0.,-1.));
#1961=DIRECTION('',(0.,1.,0.));
#1962=DIRECTION('',(0.,0.,1.));
#1963=DIRECTION('',(0.,1.,0.));
#1964=DIRECTION('',(0.,0.,1.));
#1965=DIRECTION('',(0.,-1.,0.));
#1966=DIRECTION('',(0.,0.,-1.));
#1967=DIRECTION('',(0.,1.,0.));
#1968=DIRECTION('',(0.,0.,1.));
#1969=DIRECTION('',(0.,1.,0.));
#1970=DIRECTION('',(0.,0.,1.));
#1971=DIRECTION('',(0.,-1.,0.));
#1972=DIRECTION('',(0.,0.,-1.));
#1973=DIRECTION('',(0.,1.,0.));
#1974=DIRECTION('',(0.,0.,1.));
#1975=DIRECTION('',(0.,1.,0.));
#1976=DIRECTION('',(0.,0.,1.));
#1977=DIRECTION('',(0.,1.,0.));
#1978=DIRECTION('',(0.,0.,1.));
#1979=DIRECTION('',(0.,-1.,0.));
#1980=DIRECTION('',(0.,0.,-1.));
#1981=DIRECTION('',(0.,0.,-1.));
#1982=DIRECTION('',(0.,0.,1.));
#1983=DIRECTION('',(-1.,0.,0.));
#1984=DIRECTION('',(0.,0.,1.));
#1985=DIRECTION('',(0.,0.,-1.));
#1986=DIRECTION('',(-1.,0.,0.));
#1987=DIRECTION('',(0.,0.,1.));
#1988=DIRECTION('',(0.,0.,-1.));
#1989=DIRECTION('',(0.,1.,0.));
#1990=DIRECTION('',(0.,0.,1.));
#1991=DIRECTION('',(0.,0.,-1.));
#1992=DIRECTION('',(0.,0.,-1.));
#1993=DIRECTION('',(0.,0.,1.));
#1994=DIRECTION('',(1.,0.,0.));
#1995=DIRECTION('',(0.,0.,1.));
#1996=DIRECTION('',(1.,0.,0.));
#1997=DIRECTION('',(0.,0.,1.));
#1998=DIRECTION('',(1.,0.,0.));
#1999=DIRECTION('',(0.,0.,1.));
#2000=DIRECTION('',(1.,0.,0.));
#2001=DIRECTION('',(0.,-1.,0.));
#2002=DIRECTION('',(0.,0.,-1.));
#2003=DIRECTION('',(0.,-1.,0.));
#2004=DIRECTION('',(0.,0.,-1.));
#2005=DIRECTION('',(-1.,0.,0.));
#2006=DIRECTION('',(0.,0.,1.));
#2007=DIRECTION('',(-1.,0.,0.));
#2008=DIRECTION('',(0.,0.,1.));
#2009=DIRECTION('',(-1.,0.,0.));
#2010=DIRECTION('',(0.,0.,1.));
#2011=DIRECTION('',(0.,0.,1.));
#2012=DIRECTION('',(1.,0.,0.));
#2013=DIRECTION('',(0.,0.,1.));
#2014=DIRECTION('',(0.,0.,1.));
#2015=DIRECTION('',(1.,0.,0.));
#2016=DIRECTION('',(0.,0.,1.));
#2017=DIRECTION('',(0.,0.,1.));
#2018=DIRECTION('',(1.,0.,0.));
#2019=DIRECTION('',(0.,0.,1.));
#2020=DIRECTION('',(0.,0.,1.));
#2021=DIRECTION('',(0.,0.,1.));
#2022=DIRECTION('',(1.,0.,0.));
#2023=DIRECTION('',(-1.,0.,0.));
#2024=DIRECTION('',(0.,0.,1.));
#2025=DIRECTION('',(0.,0.,1.));
#2026=DIRECTION('',(1.,0.,0.));
#2027=DIRECTION('',(0.,0.,1.));
#2028=DIRECTION('',(1.,0.,0.));
#2029=DIRECTION('',(0.551145366221802,0.381940478001609,-0.741862693870057));
#2030=DIRECTION('',(0.834348883190902,-0.241567781671029,0.49548657698936));
#2031=DIRECTION('',(0.551145366222336,0.381940478001483,-0.741862693869726));
#2032=DIRECTION('',(0.834202138223179,-0.272025228777261,0.479696849575391));
#2033=DIRECTION('',(1.02078962098469E-14,-1.,-1.80121023854831E-13));
#2034=DIRECTION('',(0.,1.80121023854831E-13,-1.));
#2035=DIRECTION('',(0.,0.,1.));
#2036=DIRECTION('',(1.,0.,0.));
#2037=DIRECTION('',(0.00122450310191722,-0.743857449031854,-0.668337187437582));
#2038=DIRECTION('',(-0.995409803370516,-0.0648643150497927,0.0703700503551938));
#2039=DIRECTION('',(7.31999766662777E-16,-1.,7.99323183325772E-15));
#2040=DIRECTION('',(0.,-7.99323183325772E-15,-1.));
#2041=DIRECTION('',(-3.15397044395479E-13,1.13494868161035E-11,1.));
#2042=DIRECTION('',(0.,-1.,1.13494868161035E-11));
#2043=DIRECTION('',(0.,-1.,0.));
#2044=DIRECTION('',(0.,0.,-1.));
#2045=DIRECTION('',(0.,0.,1.));
#2046=DIRECTION('',(1.,0.,0.));
#2047=DIRECTION('',(0.,-1.,0.));
#2048=DIRECTION('',(0.,0.,-1.));
#2049=DIRECTION('',(2.97359927315502E-16,0.,-1.));
#2050=DIRECTION('',(-1.,0.,-2.97359927315502E-16));
#2051=DIRECTION('',(2.97359927315502E-16,0.,-1.));
#2052=DIRECTION('',(-1.,0.,-2.97359927315502E-16));
#2053=DIRECTION('',(2.97359927315502E-16,0.,-1.));
#2054=DIRECTION('',(1.,0.,2.97359927315502E-16));
#2055=CARTESIAN_POINT('',(0.,0.,0.));
#2056=CARTESIAN_POINT('',(-4.74515821012803E-17,-0.0534,0.0784749954));
#2057=CARTESIAN_POINT('',(0.0105694403681398,-0.0577780055471772,0.0619649954));
#2058=CARTESIAN_POINT('',(0.01144027981593,-0.0534,0.0619649954));
#2059=CARTESIAN_POINT('',(0.0105694403681398,-0.0490219944528228,0.0619649954));
#2060=CARTESIAN_POINT('',(0.00808949943651572,-0.0453105005634843,0.0619649954));
#2061=CARTESIAN_POINT('',(0.00437800554717716,-0.0428305596318602,0.0619649954));
#2062=CARTESIAN_POINT('',(-2.83010648336607E-17,-0.0419597201840699,0.0619649954));
#2063=CARTESIAN_POINT('',(-0.00437800554717722,-0.0428305596318602,0.0619649954));
#2064=CARTESIAN_POINT('',(-0.0080894994365158,-0.0453105005634842,0.0619649954));
#2065=CARTESIAN_POINT('',(-0.0105694403681398,-0.0490219944528228,0.0619649954));
#2066=CARTESIAN_POINT('',(-0.0114402798159301,-0.0534,0.0619649954));
#2067=CARTESIAN_POINT('',(-0.0105694403681398,-0.0577780055471772,0.0619649954));
#2068=CARTESIAN_POINT('',(-0.0080894994365158,-0.0614894994365158,0.0619649954));
#2069=CARTESIAN_POINT('',(-0.00437800554717722,-0.0639694403681398,0.0619649954));
#2070=CARTESIAN_POINT('',(-2.82366903296694E-17,-0.0648402798159301,0.0619649954));
#2071=CARTESIAN_POINT('',(0.00437800554717716,-0.0639694403681398,0.0619649954));
#2072=CARTESIAN_POINT('',(0.00808949943651572,-0.0614894994365158,0.0619649954));
#2073=CARTESIAN_POINT('',(0.0105694403681398,-0.0577780055471772,0.0619649954));
#2074=CARTESIAN_POINT('',(0.01144027981593,-0.0534,0.0619649954));
#2075=CARTESIAN_POINT('',(0.0105694403681398,-0.0490219944528228,0.0619649954));
#2076=CARTESIAN_POINT('',(0.01115,-0.0534,0.0619649954));
#2077=CARTESIAN_POINT('',(-4.08382973177835E-17,-0.0534,0.0562349954));
#2078=CARTESIAN_POINT('',(-0.01115,-0.0534,0.0562349954));
#2079=CARTESIAN_POINT('',(0.,-0.03906,-0.055615));
#2080=CARTESIAN_POINT('',(0.008,-0.0609,-0.055615));
#2081=CARTESIAN_POINT('',(0.009,-0.0609,-0.055615));
#2082=CARTESIAN_POINT('',(-0.008,-0.0609,-0.055615));
#2083=CARTESIAN_POINT('',(-0.007,-0.0609,-0.055615));
#2084=CARTESIAN_POINT('',(0.,-0.0534,-0.055615));
#2085=CARTESIAN_POINT('',(-0.0151691655604696,-0.058913258219879,-0.055615));
#2086=CARTESIAN_POINT('',(0.0151691655611484,-0.0589132582180113,-0.055615));
#2087=CARTESIAN_POINT('',(0.015169165559632,-0.0589132582174601,-0.055615));
#2088=CARTESIAN_POINT('',(0.0127623688506297,-0.0517779537724826,-0.055615));
#2089=CARTESIAN_POINT('',(0.0113054235316744,-0.0444402010333294,-0.055615));
#2090=CARTESIAN_POINT('',(0.0107983296027659,-0.0369000000000006,-0.055615));
#2091=CARTESIAN_POINT('',(0.0107983296027659,-0.0369000000000006,-0.055615));
#2092=CARTESIAN_POINT('',(0.010795,-0.03906,-0.055615));
#2093=CARTESIAN_POINT('',(0.010795,-0.052511,-0.055615));
#2094=CARTESIAN_POINT('',(0.009906,-0.052511,-0.055615));
#2095=CARTESIAN_POINT('',(0.009906,-0.0534,-0.055615));
#2096=CARTESIAN_POINT('',(0.,-0.0534,-0.055615));
#2097=CARTESIAN_POINT('',(0.00910068211729209,-0.0534,-0.055615));
#2098=CARTESIAN_POINT('',(0.00910068211729209,-0.054289,-0.055615));
#2099=CARTESIAN_POINT('',(0.00821589357811092,-0.0542025694444445,-0.055615));
#2100=CARTESIAN_POINT('',(0.,-0.0534,-0.055615));
#2101=CARTESIAN_POINT('',(-0.00821589357811092,-0.0542025694444445,-0.055615));
#2102=CARTESIAN_POINT('',(-0.00910068211729209,-0.054289,-0.055615));
#2103=CARTESIAN_POINT('',(-0.00910068211729209,-0.0534,-0.055615));
#2104=CARTESIAN_POINT('',(0.,-0.0534,-0.055615));
#2105=CARTESIAN_POINT('',(-0.009906,-0.0534,-0.055615));
#2106=CARTESIAN_POINT('',(-0.009906,-0.052511,-0.055615));
#2107=CARTESIAN_POINT('',(-0.010795,-0.052511,-0.055615));
#2108=CARTESIAN_POINT('',(-0.010795,-0.03906,-0.055615));
#2109=CARTESIAN_POINT('',(-0.010798314612231,-0.0368997770940799,-0.055615));
#2110=CARTESIAN_POINT('',(-0.010798314612231,-0.0368997770940799,-0.055615));
#2111=CARTESIAN_POINT('',(-0.0113053943087047,-0.0444400549098637,-0.055615));
#2112=CARTESIAN_POINT('',(-0.012762344624783,-0.0517778819517963,-0.055615));
#2113=CARTESIAN_POINT('',(-0.0151691655604661,-0.0589132582198778,-0.055615));
#2114=CARTESIAN_POINT('',(-0.052865,-0.0065,-0.0050800023));
#2115=CARTESIAN_POINT('',(0.0149600009011842,-0.0065,-0.182615));
#2116=CARTESIAN_POINT('',(0.0149599541320532,-0.0065,0.0600151294369741));
#2117=CARTESIAN_POINT('',(0.0149600009011842,-0.0065,0.0632349954));
#2118=CARTESIAN_POINT('',(-0.0610740796614125,-0.0065,0.0600015336122086));
#2119=CARTESIAN_POINT('',(0.0138458838409846,-0.00650000024999999,0.0470330378233558));
#2120=CARTESIAN_POINT('',(0.285875789971845,-0.0065,3.33066907387547E-16));
#2121=CARTESIAN_POINT('',(0.0138459378452641,-0.0065,-0.0470330284745267));
#2122=CARTESIAN_POINT('',(-0.0610741890378328,-0.00650000000000078,-0.0600002590028523));
#2123=CARTESIAN_POINT('',(0.0149598993245513,-0.0065,-0.0600151294254703));
#2124=CARTESIAN_POINT('',(0.0149600009011842,-0.0065,-0.055615));
#2125=CARTESIAN_POINT('',(0.0149600009011842,-0.0065,-0.063235));
#2126=CARTESIAN_POINT('',(-0.052865,-0.0065,-0.063235));
#2127=CARTESIAN_POINT('',(-0.0149600009011841,-0.0065,-0.063235));
#2128=CARTESIAN_POINT('',(-0.0149600009011841,-0.0065,-0.055615));
#2129=CARTESIAN_POINT('',(-0.0149599541320531,-0.0065,-0.0600151294369731));
#2130=CARTESIAN_POINT('',(0.0610740796615114,-0.00650000000000005,-0.0600015336122162));
#2131=CARTESIAN_POINT('',(-0.0138458838409882,-0.0065,-0.0470330378233551));
#2132=CARTESIAN_POINT('',(-0.285875789971845,-0.0065,-2.08166817117217E-17));
#2133=CARTESIAN_POINT('',(-0.013845937845264,-0.0065,0.0470330284745273));
#2134=CARTESIAN_POINT('',(0.0610741890379183,-0.0065,0.0600002590028605));
#2135=CARTESIAN_POINT('',(-0.0149598993245512,-0.0065,0.0600151294254701));
#2136=CARTESIAN_POINT('',(-0.0149600009011841,-0.0065,-0.182615));
#2137=CARTESIAN_POINT('',(-0.0149600009011841,-0.0065,0.0632349954));
#2138=CARTESIAN_POINT('',(-0.052865,-0.0065,0.0632349954));
#2139=CARTESIAN_POINT('',(0.,-0.0065,-3.81312150616541E-17));
#2140=CARTESIAN_POINT('',(0.,-0.0065,0.00253999999999996));
#2141=CARTESIAN_POINT('',(-0.006,-0.0065,9.18485099360515E-20));
#2142=CARTESIAN_POINT('',(-0.006,-0.0065,0.0015));
#2143=CARTESIAN_POINT('',(0.,-0.0065,0.006));
#2144=CARTESIAN_POINT('',(0.,-0.0065,0.0075));
#2145=CARTESIAN_POINT('',(0.,-0.0065,-0.006));
#2146=CARTESIAN_POINT('',(0.,-0.0065,-0.0045));
#2147=CARTESIAN_POINT('',(0.006,-0.0065,9.18485099360515E-20));
#2148=CARTESIAN_POINT('',(0.006,-0.0065,0.0015));
#2149=CARTESIAN_POINT('',(-0.002981512806053,-0.00858,-0.063235));
#2150=CARTESIAN_POINT('',(0.0149600009011842,-0.00858,-0.063235));
#2151=CARTESIAN_POINT('',(0.0149599731923105,-0.0069913918094886,-0.063235));
#2152=CARTESIAN_POINT('',(-0.0611115123503527,-0.00699602100786441,-0.063235));
#2153=CARTESIAN_POINT('',(0.0140971900365936,-0.0184208637335352,-0.063235));
#2154=CARTESIAN_POINT('',(0.0975967522044819,-0.0310937872891205,-0.063235));
#2155=CARTESIAN_POINT('',(0.01614,-0.0534,-0.063235));
#2156=CARTESIAN_POINT('',(0.,-0.0534,-0.063235));
#2157=CARTESIAN_POINT('',(-0.01614,-0.0534,-0.063235));
#2158=CARTESIAN_POINT('',(-0.0975967522044819,-0.0310937872891202,-0.063235));
#2159=CARTESIAN_POINT('',(-0.0140972224659352,-0.0184208686601511,-0.063235));
#2160=CARTESIAN_POINT('',(0.061111577842041,-0.00699688898260747,-0.0632349999999759));
#2161=CARTESIAN_POINT('',(-0.014959940109179,-0.00698676261920488,-0.063235));
#2162=CARTESIAN_POINT('',(-0.0149600009011841,-0.00858,-0.063235));
#2163=CARTESIAN_POINT('',(-0.0091275,-0.0534,-0.063235));
#2164=CARTESIAN_POINT('',(-0.00910068211729209,-0.0534,-0.063235));
#2165=CARTESIAN_POINT('',(-0.009906,-0.0534,-0.063235));
#2166=CARTESIAN_POINT('',(-0.00910068211729209,-0.054289,-0.063235));
#2167=CARTESIAN_POINT('',(-0.00821589357811092,-0.0542025694444445,-0.063235));
#2168=CARTESIAN_POINT('',(0.,-0.0534,-0.063235));
#2169=CARTESIAN_POINT('',(0.00821589357811092,-0.0542025694444445,-0.063235));
#2170=CARTESIAN_POINT('',(0.00910068211729209,-0.054289,-0.063235));
#2171=CARTESIAN_POINT('',(0.00910068211729209,-0.0534,-0.063235));
#2172=CARTESIAN_POINT('',(0.0091275,-0.0534,-0.063235));
#2173=CARTESIAN_POINT('',(0.009906,-0.0534,-0.063235));
#2174=CARTESIAN_POINT('',(0.009906,-0.052511,-0.063235));
#2175=CARTESIAN_POINT('',(0.010795,-0.052511,-0.063235));
#2176=CARTESIAN_POINT('',(0.010795,-0.04515,-0.063235));
#2177=CARTESIAN_POINT('',(0.010795,-0.0369,-0.063235));
#2178=CARTESIAN_POINT('',(-0.002981512806053,-0.0369,-0.063235));
#2179=CARTESIAN_POINT('',(-0.010795,-0.0369,-0.063235));
#2180=CARTESIAN_POINT('',(-0.010795,-0.04515,-0.063235));
#2181=CARTESIAN_POINT('',(-0.010795,-0.052511,-0.063235));
#2182=CARTESIAN_POINT('',(-0.009906,-0.052511,-0.063235));
#2183=CARTESIAN_POINT('',(0.008,-0.0609,-0.063235));
#2184=CARTESIAN_POINT('',(0.0055,-0.0609,-0.063235));
#2185=CARTESIAN_POINT('',(-0.008,-0.0309,-0.063235));
#2186=CARTESIAN_POINT('',(-0.0105,-0.0309,-0.063235));
#2187=CARTESIAN_POINT('',(0.008,-0.0309,-0.063235));
#2188=CARTESIAN_POINT('',(0.0055,-0.0309,-0.063235));
#2189=CARTESIAN_POINT('',(-0.008,-0.0609,-0.063235));
#2190=CARTESIAN_POINT('',(-0.0105,-0.0609,-0.063235));
#2191=CARTESIAN_POINT('',(0.,-0.03906,-0.055615));
#2192=CARTESIAN_POINT('',(-0.008,-0.0309,-0.055615));
#2193=CARTESIAN_POINT('',(-0.007,-0.0309,-0.055615));
#2194=CARTESIAN_POINT('',(0.008,-0.0309,-0.055615));
#2195=CARTESIAN_POINT('',(0.009,-0.0309,-0.055615));
#2196=CARTESIAN_POINT('',(1.7347234759768E-18,-0.0369,-0.055615));
#2197=CARTESIAN_POINT('',(0.0107983296027659,-0.0369000000000006,-0.055615));
#2198=CARTESIAN_POINT('',(0.010561614537696,-0.0333801803443271,-0.055615));
#2199=CARTESIAN_POINT('',(0.0105388093941992,-0.0298668470109936,-0.055615));
#2200=CARTESIAN_POINT('',(0.0107299141722753,-0.02636,-0.055615));
#2201=CARTESIAN_POINT('',(0.0107299141722753,-0.02636,-0.055615));
#2202=CARTESIAN_POINT('',(0.0107299141722753,-0.02636,-0.055615));
#2203=CARTESIAN_POINT('',(0.00357663805742515,-0.02636,-0.055615));
#2204=CARTESIAN_POINT('',(-0.00357663805742503,-0.02636,-0.055615));
#2205=CARTESIAN_POINT('',(-0.0107299141722752,-0.02636,-0.055615));
#2206=CARTESIAN_POINT('',(-0.0107299141722752,-0.02636,-0.055615));
#2207=CARTESIAN_POINT('',(-0.0107299141722752,-0.0263600000000002,-0.055615));
#2208=CARTESIAN_POINT('',(-0.0105388134469581,-0.0298667726418456,-0.055615));
#2209=CARTESIAN_POINT('',(-0.01056161359361,-0.0333800316732055,-0.055615));
#2210=CARTESIAN_POINT('',(-0.010798314612231,-0.0368997770940799,-0.055615));
#2211=CARTESIAN_POINT('',(0.,-0.06954,0.0530749954));
#2212=CARTESIAN_POINT('',(-0.0107299141722752,-0.02636,0.0530749954));
#2213=CARTESIAN_POINT('',(-0.00357663805742505,-0.02636,0.0530749954));
#2214=CARTESIAN_POINT('',(0.00357663805742514,-0.02636,0.0530749954));
#2215=CARTESIAN_POINT('',(0.0107299141722753,-0.02636,0.0530749954));
#2216=CARTESIAN_POINT('',(-0.0107299141722752,-0.02636,0.0530749954));
#2217=CARTESIAN_POINT('',(0.0107299141722753,-0.02636,0.0530749954));
#2218=CARTESIAN_POINT('',(0.0107299141722753,-0.02636,0.0530749954));
#2219=CARTESIAN_POINT('',(0.0105799873246194,-0.0291112159709403,0.0530749954));
#2220=CARTESIAN_POINT('',(0.0105416297294215,-0.0346055579583602,0.0530749954));
#2221=CARTESIAN_POINT('',(0.0112747555499734,-0.0428668649705603,0.0530749954));
#2222=CARTESIAN_POINT('',(0.0127800218448534,-0.0510157743304739,0.0530749954));
#2223=CARTESIAN_POINT('',(0.0142881211446974,-0.0563012718764405,0.0530749954));
#2224=CARTESIAN_POINT('',(0.0151691655604028,-0.0589132582197452,0.0530749954));
#2225=CARTESIAN_POINT('',(0.0151691655605048,-0.0589132582197823,0.0530749954));
#2226=CARTESIAN_POINT('',(0.,-0.0534,0.0530749954));
#2227=CARTESIAN_POINT('',(-0.0151691655604734,-0.0589132582198686,0.0530749954));
#2228=CARTESIAN_POINT('',(-0.0151691655604698,-0.0589132582198673,0.0530749954));
#2229=CARTESIAN_POINT('',(-0.0142882001187591,-0.0563015060065366,0.0530749954));
#2230=CARTESIAN_POINT('',(-0.01278020277878,-0.0510163618623478,0.0530749954));
#2231=CARTESIAN_POINT('',(-0.0112747145865344,-0.0428665645842758,0.0530749954));
#2232=CARTESIAN_POINT('',(-0.0105416126498235,-0.0346061719720358,0.0530749954));
#2233=CARTESIAN_POINT('',(-0.0105799738923293,-0.0291114624591373,0.0530749954));
#2234=CARTESIAN_POINT('',(-0.0107299141722752,-0.02636,0.0530749954));
#2235=CARTESIAN_POINT('',(-3.98986399474665E-17,-0.0534,0.0530749954));
#2236=CARTESIAN_POINT('',(-0.00889000000000004,-0.0534,0.0530749954));
#2237=CARTESIAN_POINT('',(0.,-0.03802,0.0632349954));
#2238=CARTESIAN_POINT('',(0.0117192386156282,-0.048348437575093,0.0632349954));
#2239=CARTESIAN_POINT('',(0.0127433005428863,-0.053235027083893,0.0632349954));
#2240=CARTESIAN_POINT('',(0.0118236580638421,-0.0581064138942052,0.0632349954));
#2241=CARTESIAN_POINT('',(0.00919368963633691,-0.0622236299047009,0.0632349954));
#2242=CARTESIAN_POINT('',(0.00512147128887753,-0.065068852618082,0.0632349954));
#2243=CARTESIAN_POINT('',(0.000266359004118711,-0.0661406613369538,0.0632349954));
#2244=CARTESIAN_POINT('',(-0.0046295464575298,-0.0652727439804923,0.0632349954));
#2245=CARTESIAN_POINT('',(-0.00882064549690568,-0.0625973427151128,0.0632349954));
#2246=CARTESIAN_POINT('',(-0.0116688844478687,-0.0585217196796822,0.0632349954));
#2247=CARTESIAN_POINT('',(-0.012740640848037,-0.0536663639532917,0.0632349954));
#2248=CARTESIAN_POINT('',(-0.0118727501552648,-0.0487704552908964,0.0632349954));
#2249=CARTESIAN_POINT('',(-0.00919734163996657,-0.044579355870566,0.0632349954));
#2250=CARTESIAN_POINT('',(-0.00512171820496813,-0.0417311088886792,0.0632349954));
#2251=CARTESIAN_POINT('',(-0.000266370956399441,-0.0406593844563088,0.0632349954));
#2252=CARTESIAN_POINT('',(0.00462957124509846,-0.041527155291086,0.0632349954));
#2253=CARTESIAN_POINT('',(0.00882054498843915,-0.0442030112702583,0.0632349954));
#2254=CARTESIAN_POINT('',(0.0117192386156282,-0.048348437575093,0.0632349954));
#2255=CARTESIAN_POINT('',(0.0127433005428863,-0.053235027083893,0.0632349954));
#2256=CARTESIAN_POINT('',(0.0118236580638421,-0.0581064138942052,0.0632349954));
#2257=CARTESIAN_POINT('',(0.01242,-0.0534,0.0632349954));
#2258=CARTESIAN_POINT('',(0.0975967522044819,-0.0310937872891205,0.0632349954));
#2259=CARTESIAN_POINT('',(0.01614,-0.0534,0.0632349954));
#2260=CARTESIAN_POINT('',(0.0140971940109943,-0.0184208643375547,0.06323499515));
#2261=CARTESIAN_POINT('',(-0.0611176795328714,-0.0069954515423971,0.0632349954));
#2262=CARTESIAN_POINT('',(0.0149599847527915,-0.00698676261295718,0.0632349951500003));
#2263=CARTESIAN_POINT('',(0.0149600009011842,-0.03802,0.0632349954));
#2264=CARTESIAN_POINT('',(-0.0149600009011841,-0.03802,0.0632349954));
#2265=CARTESIAN_POINT('',(-0.0149600009011841,-0.0131884495591273,0.0632349954));
#2266=CARTESIAN_POINT('',(-0.0149600009011841,-0.0131884495591273,0.0632349954));
#2267=CARTESIAN_POINT('',(-0.0147986485075144,-0.0142249589842597,0.0632349954));
#2268=CARTESIAN_POINT('',(-0.0146113166036773,-0.0153544588867629,0.0632349954));
#2269=CARTESIAN_POINT('',(-0.014398005189673,-0.0165769492666368,0.0632349954));
#2270=CARTESIAN_POINT('',(-0.0143980080229296,-0.0165769497609944,0.0632349954));
#2271=CARTESIAN_POINT('',(-0.0975967522044819,-0.0310937872891202,0.0632349954));
#2272=CARTESIAN_POINT('',(-0.01614,-0.0534,0.0632349954));
#2273=CARTESIAN_POINT('',(0.,-0.0534,0.0632349954));
#2274=CARTESIAN_POINT('',(0.,-0.01366,-0.0075));
#2275=CARTESIAN_POINT('',(-2.94185130493259E-19,-0.01366,0.006));
#2276=CARTESIAN_POINT('',(-2.94185130493259E-19,-0.01366,0.004));
#2277=CARTESIAN_POINT('',(-0.0105950442215551,-0.01366,-0.042915));
#2278=CARTESIAN_POINT('',(-0.00353171956239972,-0.01366,-0.042915));
#2279=CARTESIAN_POINT('',(0.00353160509675561,-0.01366,-0.042915));
#2280=CARTESIAN_POINT('',(0.010594929755911,-0.01366,-0.042915));
#2281=CARTESIAN_POINT('',(-0.0105950442215551,-0.01366,-0.042915));
#2282=CARTESIAN_POINT('',(0.010594929755911,-0.01366,-0.042915));
#2283=CARTESIAN_POINT('',(0.0105950415056919,-0.01366,-0.0429149825789353));
#2284=CARTESIAN_POINT('',(0.00845797894931481,-0.01366,-0.0292066657343452));
#2285=CARTESIAN_POINT('',(0.00735105337667226,-0.01366,-0.0154155077939728));
#2286=CARTESIAN_POINT('',(0.00727426478776431,-0.01366,-0.00154150875781799));
#2287=CARTESIAN_POINT('',(0.00727426478777956,-0.01366,-0.00154150875788142));
#2288=CARTESIAN_POINT('',(0.006,-0.01366,3.31666338409262E-20));
#2289=CARTESIAN_POINT('',(0.00727428770171251,-0.01366,0.0015414898161403));
#2290=CARTESIAN_POINT('',(0.0072742877017126,-0.01366,0.00154148981614042));
#2291=CARTESIAN_POINT('',(0.00734649551563013,-0.01366,0.0145560972949986));
#2292=CARTESIAN_POINT('',(0.00832541804199167,-0.01366,0.0275005991562852));
#2293=CARTESIAN_POINT('',(0.0102110552807972,-0.01366,0.0403749954000001));
#2294=CARTESIAN_POINT('',(0.0102110552807972,-0.01366,0.0403749954));
#2295=CARTESIAN_POINT('',(0.0102110552807972,-0.01366,0.0403749954));
#2296=CARTESIAN_POINT('',(0.00340437668778451,-0.01366,0.0403749954));
#2297=CARTESIAN_POINT('',(-0.00340230190522817,-0.01366,0.0403749954));
#2298=CARTESIAN_POINT('',(-0.0102089804982408,-0.01366,0.0403749954));
#2299=CARTESIAN_POINT('',(-0.0102089804982408,-0.01366,0.0403749954));
#2300=CARTESIAN_POINT('',(-0.0102110117134343,-0.01366,0.0403746979379096));
#2301=CARTESIAN_POINT('',(-0.00832540296339801,-0.01366,0.0275003997692254));
#2302=CARTESIAN_POINT('',(-0.00734649495948977,-0.01366,0.0145559970619452));
#2303=CARTESIAN_POINT('',(-0.00727428770170956,-0.01366,0.00154148981606894));
#2304=CARTESIAN_POINT('',(-0.00727428770172432,-0.01366,0.00154148981613054));
#2305=CARTESIAN_POINT('',(-0.006,-0.01366,-1.09662637800813E-18));
#2306=CARTESIAN_POINT('',(-0.00727426478776477,-0.01366,-0.00154150875789365));
#2307=CARTESIAN_POINT('',(-0.00727426478776477,-0.01366,-0.00154150875789365));
#2308=CARTESIAN_POINT('',(-0.00735105340921226,-0.01366,-0.0154155136721432));
#2309=CARTESIAN_POINT('',(-0.00845797988714235,-0.01366,-0.029206677419512));
#2310=CARTESIAN_POINT('',(-0.010595044221555,-0.01366,-0.042915));
#2311=CARTESIAN_POINT('',(4.52633231189017E-21,-0.01366,-0.006));
#2312=CARTESIAN_POINT('',(4.52633231189017E-21,-0.01366,-0.008));
#2313=CARTESIAN_POINT('',(0.008,-0.0609,-0.078475));
#2314=CARTESIAN_POINT('',(0.008,-0.0609,-0.056915));
#2315=CARTESIAN_POINT('',(0.009,-0.0609,-0.056915));
#2316=CARTESIAN_POINT('',(-0.008,-0.0609,-0.078475));
#2317=CARTESIAN_POINT('',(-0.008,-0.0609,-0.056915));
#2318=CARTESIAN_POINT('',(-0.007,-0.0609,-0.056915));
#2319=CARTESIAN_POINT('',(-0.008,-0.0309,-0.078475));
#2320=CARTESIAN_POINT('',(-0.008,-0.0309,-0.056915));
#2321=CARTESIAN_POINT('',(-0.007,-0.0309,-0.056915));
#2322=CARTESIAN_POINT('',(0.008,-0.0309,-0.078475));
#2323=CARTESIAN_POINT('',(0.008,-0.0309,-0.056915));
#2324=CARTESIAN_POINT('',(0.009,-0.0309,-0.056915));
#2325=CARTESIAN_POINT('',(0.008,-0.0309,-0.056915));
#2326=CARTESIAN_POINT('',(0.008,-0.0309,-0.056915));
#2327=CARTESIAN_POINT('',(0.0055,-0.0309,-0.056915));
#2328=CARTESIAN_POINT('',(0.,-0.03525,-0.056915));
#2329=CARTESIAN_POINT('',(-0.008,-0.0309,-0.056915));
#2330=CARTESIAN_POINT('',(-0.008,-0.0309,-0.056915));
#2331=CARTESIAN_POINT('',(-0.0105,-0.0309,-0.056915));
#2332=CARTESIAN_POINT('',(0.,-0.03525,-0.056915));
#2333=CARTESIAN_POINT('',(-0.008,-0.0609,-0.056915));
#2334=CARTESIAN_POINT('',(-0.008,-0.0609,-0.056915));
#2335=CARTESIAN_POINT('',(-0.0105,-0.0609,-0.056915));
#2336=CARTESIAN_POINT('',(0.,-0.03525,-0.056915));
#2337=CARTESIAN_POINT('',(0.008,-0.0609,-0.056915));
#2338=CARTESIAN_POINT('',(0.008,-0.0609,-0.056915));
#2339=CARTESIAN_POINT('',(0.0055,-0.0609,-0.056915));
#2340=CARTESIAN_POINT('',(0.,-0.03525,-0.056915));
#2341=CARTESIAN_POINT('',(0.,-0.0534,-0.081015));
#2342=CARTESIAN_POINT('',(-0.00821589357811092,-0.0542025694444445,-0.081015));
#2343=CARTESIAN_POINT('',(0.00821589357811092,-0.0542025694444445,-0.081015));
#2344=CARTESIAN_POINT('',(1.7347234759768E-18,-0.0369,-0.081015));
#2345=CARTESIAN_POINT('',(0.010795,-0.0369,-0.037835));
#2346=CARTESIAN_POINT('',(-0.010795,-0.0369,-0.037835));
#2347=CARTESIAN_POINT('',(0.006,0.01174,9.18485099360515E-20));
#2348=CARTESIAN_POINT('',(0.006,-0.0078,9.18485099360515E-20));
#2349=CARTESIAN_POINT('',(0.006,-0.0078,0.0015));
#2350=CARTESIAN_POINT('',(0.,0.01174,-0.006));
#2351=CARTESIAN_POINT('',(0.,-0.0078,-0.006));
#2352=CARTESIAN_POINT('',(0.,-0.0078,-0.0045));
#2353=CARTESIAN_POINT('',(0.,0.01174,0.006));
#2354=CARTESIAN_POINT('',(0.,-0.0078,0.006));
#2355=CARTESIAN_POINT('',(0.,-0.0078,0.0075));
#2356=CARTESIAN_POINT('',(-0.006,0.01174,9.18485099360515E-20));
#2357=CARTESIAN_POINT('',(-0.006,-0.0078,9.18485099360515E-20));
#2358=CARTESIAN_POINT('',(-0.006,-0.0078,0.0015));
#2359=CARTESIAN_POINT('',(-0.052865,-0.0078,-0.0050800023));
#2360=CARTESIAN_POINT('',(-0.006,-0.0078,-1.09662637800813E-18));
#2361=CARTESIAN_POINT('',(-0.006,-0.0078,0.002));
#2362=CARTESIAN_POINT('',(-0.006,0.249014543073497,-1.09662637800813E-18));
#2363=CARTESIAN_POINT('',(-0.00727428770172431,-0.01366,0.00154148981613054));
#2364=CARTESIAN_POINT('',(-0.0073487109092307,-0.01366,0.00147996714043338));
#2365=CARTESIAN_POINT('',(-0.00752462962076429,-0.0136555978386376,0.00132343949128507));
#2366=CARTESIAN_POINT('',(-0.00783753417673703,-0.0136274031506495,0.000856369667050298));
#2367=CARTESIAN_POINT('',(-0.00798244164845072,-0.0136027719022884,0.000361956028198275));
#2368=CARTESIAN_POINT('',(-0.00800897761904787,-0.0135960309693065,2.15989878609791E-6));
#2369=CARTESIAN_POINT('',(-0.00798164574627786,-0.0136029684983476,-0.000363447342884395));
#2370=CARTESIAN_POINT('',(-0.00786587735534076,-0.0136223716578842,-0.000764289866742298));
#2371=CARTESIAN_POINT('',(-0.00767535771031294,-0.0136429118432908,-0.00110349200065835));
#2372=CARTESIAN_POINT('',(-0.0074843821243549,-0.0136558190730983,-0.00135406704582052));
#2373=CARTESIAN_POINT('',(-0.00734866100309842,-0.01366,-0.00148001025711823));
#2374=CARTESIAN_POINT('',(-0.00727426478776471,-0.01366,-0.0015415087578937));
#2375=CARTESIAN_POINT('',(-0.052865,-0.0078,-0.0050800023));
#2376=CARTESIAN_POINT('',(-2.94185130493259E-19,-0.0078,0.006));
#2377=CARTESIAN_POINT('',(-2.94185130493259E-19,-0.0078,0.008));
#2378=CARTESIAN_POINT('',(-2.94185130493259E-19,0.249014543073497,0.006));
#2379=CARTESIAN_POINT('',(-0.052865,-0.0078,-0.0050800023));
#2380=CARTESIAN_POINT('',(4.52633231189017E-21,-0.0078,-0.006));
#2381=CARTESIAN_POINT('',(4.52633231189017E-21,-0.0078,-0.004));
#2382=CARTESIAN_POINT('',(4.52633231189017E-21,0.249014543073497,-0.006));
#2383=CARTESIAN_POINT('',(-0.052865,-0.0078,-0.0050800023));
#2384=CARTESIAN_POINT('',(0.006,-0.0078,3.31666338409262E-20));
#2385=CARTESIAN_POINT('',(0.006,-0.0078,0.002));
#2386=CARTESIAN_POINT('',(0.006,0.249014543073497,3.31666338409262E-20));
#2387=CARTESIAN_POINT('',(0.00727426478777956,-0.01366,-0.00154150875788142));
#2388=CARTESIAN_POINT('',(0.00734868879215239,-0.01366,-0.00147998728571789));
#2389=CARTESIAN_POINT('',(0.00752460972260624,-0.0136555978360881,-0.00132346247597626));
#2390=CARTESIAN_POINT('',(0.00783752152794806,-0.0136274030852224,-0.000856396764855477));
#2391=CARTESIAN_POINT('',(0.00798243616364024,-0.0136027718691445,-0.000361986052148001));
#2392=CARTESIAN_POINT('',(0.00800897758493226,-0.0135960309695665,-2.18947937565774E-6));
#2393=CARTESIAN_POINT('',(0.00798165125996413,-0.0136029685295606,0.000363417306519496));
#2394=CARTESIAN_POINT('',(0.00786588864389492,-0.0136223717232379,0.00076426230031404));
#2395=CARTESIAN_POINT('',(0.00767537422220079,-0.0136429118684472,0.0011034669050782));
#2396=CARTESIAN_POINT('',(0.0074844024304011,-0.0136558190803598,0.00135404479615566));
#2397=CARTESIAN_POINT('',(0.00734868312165743,-0.01366,0.0014799901113048));
#2398=CARTESIAN_POINT('',(0.00727428770171251,-0.01366,0.0015414898161403));
#2399=CARTESIAN_POINT('',(0.,-0.00777,-3.81312150616541E-17));
#2400=CARTESIAN_POINT('',(0.,-0.00777,-3.81312150616541E-17));
#2401=CARTESIAN_POINT('',(0.,-0.00777,0.00126999999999996));
#2402=CARTESIAN_POINT('',(0.,-0.00777,-3.81312150616541E-17));
#2403=CARTESIAN_POINT('',(-0.0091275,-0.0534,-0.037835));
#2404=CARTESIAN_POINT('',(-0.009906,-0.0534,-0.055615));
#2405=CARTESIAN_POINT('',(-0.00910068211729209,-0.0534,-0.037835));
#2406=CARTESIAN_POINT('',(-0.010795,-0.04515,-0.037835));
#2407=CARTESIAN_POINT('',(-0.010795,-0.052511,-0.063235));
#2408=CARTESIAN_POINT('',(0.010795,-0.04515,-0.037835));
#2409=CARTESIAN_POINT('',(0.010795,-0.052511,-0.055615));
#2410=CARTESIAN_POINT('',(0.0091275,-0.0534,-0.037835));
#2411=CARTESIAN_POINT('',(0.009906,-0.0534,-0.063235));
#2412=CARTESIAN_POINT('',(0.00910068211729209,-0.0534,-0.055615));
#2413=CARTESIAN_POINT('',(0.009906,-0.052511,-0.037835));
#2414=CARTESIAN_POINT('',(-0.009906,-0.052511,-0.037835));
#2415=CARTESIAN_POINT('',(-0.00910068211729209,-0.054289,-0.081015));
#2416=CARTESIAN_POINT('',(0.00910068211729209,-0.054289,-0.081015));
#2417=CARTESIAN_POINT('',(0.285875789971845,0.01174,3.33066907387547E-16));
#2418=CARTESIAN_POINT('',(0.013845983929222,-0.00650000024999999,0.0470330204982816));
#2419=CARTESIAN_POINT('',(0.013845983929222,-0.00843648258835517,0.0470330204982816));
#2420=CARTESIAN_POINT('',(0.013845983929222,-0.0103729649267104,0.0470330204982816));
#2421=CARTESIAN_POINT('',(0.013845983929222,-0.0123094472650655,0.0470330204982816));
#2422=CARTESIAN_POINT('',(0.0138458838835406,-0.0123094472650655,0.0470330380640638));
#2423=CARTESIAN_POINT('',(0.013845983929222,-0.0123094474235031,0.0470330204982816));
#2424=CARTESIAN_POINT('',(0.0137534593688677,-0.0120968896901216,0.046497876509214));
#2425=CARTESIAN_POINT('',(0.0136109854267984,-0.0118205575502639,0.0456593346858705));
#2426=CARTESIAN_POINT('',(0.0134193089601471,-0.0115408520614112,0.0444981404644167));
#2427=CARTESIAN_POINT('',(0.01326594135693,-0.0113679847391938,0.0435482892553846));
#2428=CARTESIAN_POINT('',(0.0131394957354128,-0.0112618567622921,0.0427488286558197));
#2429=CARTESIAN_POINT('',(0.0129566528624508,-0.0111514845246408,0.0415706079125527));
#2430=CARTESIAN_POINT('',(0.0128182170525388,-0.0111199999993921,0.0406485273587266));
#2431=CARTESIAN_POINT('',(0.0127242421969268,-0.01112,0.0400069036660605));
#2432=CARTESIAN_POINT('',(0.012724242196927,-0.01112,0.0400069036660618));
#2433=CARTESIAN_POINT('',(0.0127242421969268,-0.01112,0.0400069036660605));
#2434=CARTESIAN_POINT('',(0.00872247604703641,-0.01112,0.0126844038595295));
#2435=CARTESIAN_POINT('',(0.00885121176778121,-0.01112,-0.0152393107336156));
#2436=CARTESIAN_POINT('',(0.0131047303780286,-0.01112,-0.0425237514907316));
#2437=CARTESIAN_POINT('',(0.0131047303780287,-0.01112,-0.0425237514907316));
#2438=CARTESIAN_POINT('',(0.0131047303780286,-0.01112,-0.0425237514907316));
#2439=CARTESIAN_POINT('',(0.0132010414623337,-0.0111199999993087,-0.0431415445027675));
#2440=CARTESIAN_POINT('',(0.0132965904407387,-0.0111408738095132,-0.0437406707358401));
#2441=CARTESIAN_POINT('',(0.0133910126957965,-0.0111826214306135,-0.0443211749122364));
#2442=CARTESIAN_POINT('',(0.0133911252516317,-0.0111826833145622,-0.0443214384265129));
#2443=CARTESIAN_POINT('',(0.0133910890042633,-0.0111828034679928,-0.044321644051032));
#2444=CARTESIAN_POINT('',(0.0135246932007002,-0.00981743307281686,-0.0451430282820007));
#2445=CARTESIAN_POINT('',(0.0136754999048078,-0.00841856728036176,-0.0460469741928635));
#2446=CARTESIAN_POINT('',(0.0138459839291886,-0.00698620609062745,-0.0470330204980881));
#2447=CARTESIAN_POINT('',(0.0138459657112373,-0.00698620603082105,-0.0470330235218275));
#2448=CARTESIAN_POINT('',(0.013845983929222,-0.00698620609062715,-0.0470330204982811));
#2449=CARTESIAN_POINT('',(0.013845983929222,-0.00682413739375143,-0.0470330204982811));
#2450=CARTESIAN_POINT('',(0.013845983929222,-0.00666206869687572,-0.0470330204982811));
#2451=CARTESIAN_POINT('',(0.013845983929222,-0.0065,-0.0470330204982811));
#2452=CARTESIAN_POINT('',(-0.285875789971845,0.01174,-2.08166817117217E-17));
#2453=CARTESIAN_POINT('',(-0.0131047303780286,-0.01112,-0.0425237514907316));
#2454=CARTESIAN_POINT('',(-0.00885121176778116,-0.01112,-0.0152393107336153));
#2455=CARTESIAN_POINT('',(-0.0087224760470364,-0.01112,0.0126844038595299));
#2456=CARTESIAN_POINT('',(-0.0127242421969269,-0.01112,0.0400069036660611));
#2457=CARTESIAN_POINT('',(-0.0131047303780287,-0.01112,-0.0425237514907316));
#2458=CARTESIAN_POINT('',(-0.0127242421969271,-0.01112,0.0400069036660616));
#2459=CARTESIAN_POINT('',(-0.0127242421969269,-0.01112,0.0400069036660611));
#2460=CARTESIAN_POINT('',(-0.0129418025409719,-0.0111199999984901,0.0414923209132036));
#2461=CARTESIAN_POINT('',(-0.0131560123109202,-0.0112407940608237,0.0428707816470697));
#2462=CARTESIAN_POINT('',(-0.0133620693489503,-0.0114823821870007,0.0441428642596484));
#2463=CARTESIAN_POINT('',(-0.0133620704329085,-0.0114823928938778,0.0441428620506634));
#2464=CARTESIAN_POINT('',(-0.0133620732688853,-0.0114824088847014,0.04414288845916));
#2465=CARTESIAN_POINT('',(-0.0135026214748902,-0.0100245499874133,0.0450105551509255));
#2466=CARTESIAN_POINT('',(-0.0136629040189733,-0.00852600122955468,0.0459741220489017));
#2467=CARTESIAN_POINT('',(-0.0138459839292205,-0.00698676261112555,0.0470330204982727));
#2468=CARTESIAN_POINT('',(-0.0138459378227182,-0.00698676255188136,0.0470330283431864));
#2469=CARTESIAN_POINT('',(-0.0138459839292221,-0.0069867626111193,0.0470330204982823));
#2470=CARTESIAN_POINT('',(-0.0138459839292221,-0.00682450840741286,0.0470330204982823));
#2471=CARTESIAN_POINT('',(-0.0138459839292221,-0.00666225420370643,0.0470330204982823));
#2472=CARTESIAN_POINT('',(-0.0138459839292221,-0.0065,0.0470330204982823));
#2473=CARTESIAN_POINT('',(-0.0138459839292221,-0.0065,-0.0470330204982821));
#2474=CARTESIAN_POINT('',(-0.0138459839292221,-0.0066620686963923,-0.0470330204982821));
#2475=CARTESIAN_POINT('',(-0.0138459839292221,-0.0068241373927846,-0.0470330204982821));
#2476=CARTESIAN_POINT('',(-0.0138459839292221,-0.0069862060891769,-0.0470330204982821));
#2477=CARTESIAN_POINT('',(-0.0138459117068271,-0.00698620603025191,-0.0470330328698757));
#2478=CARTESIAN_POINT('',(-0.0138459839291885,-0.0069862060891769,-0.0470330204980874));
#2479=CARTESIAN_POINT('',(-0.0136754990397898,-0.00841857454527699,-0.0460469691897687));
#2480=CARTESIAN_POINT('',(-0.0135246923258755,-0.00981744023425536,-0.0451430229235065));
#2481=CARTESIAN_POINT('',(-0.0133910888346711,-0.011182803156112,-0.0443216430083981));
#2482=CARTESIAN_POINT('',(-0.0133911251548995,-0.0111826832792724,-0.0443214378318433));
#2483=CARTESIAN_POINT('',(-0.0133910126955853,-0.0111826214305201,-0.0443211749109382));
#2484=CARTESIAN_POINT('',(-0.0132965904406215,-0.0111408738094887,-0.0437406707351029));
#2485=CARTESIAN_POINT('',(-0.0132010414622862,-0.0111199999993153,-0.0431415445024632));
#2486=CARTESIAN_POINT('',(-0.0131047303780286,-0.01112,-0.0425237514907316));
#2487=CARTESIAN_POINT('',(0.0149600009011842,0.01174,-0.055615));
#2488=CARTESIAN_POINT('',(0.0149600009011842,-0.0065,-0.0600151294453362));
#2489=CARTESIAN_POINT('',(0.0149600009011842,-0.00666225412037097,-0.0600151294453362));
#2490=CARTESIAN_POINT('',(0.0149600009011842,-0.00682450824074195,-0.0600151294453362));
#2491=CARTESIAN_POINT('',(0.0149600009011842,-0.00698676236111292,-0.0600151294453362));
#2492=CARTESIAN_POINT('',(0.014959899324501,-0.00698676236111292,-0.0600151296754701));
#2493=CARTESIAN_POINT('',(0.0149600009011842,-0.0069867626111128,-0.0600151296754701));
#2494=CARTESIAN_POINT('',(0.0149600009011842,-0.0069867626111128,-0.0610884197836468));
#2495=CARTESIAN_POINT('',(0.0149600009011842,-0.0069867626111128,-0.0621617098918234));
#2496=CARTESIAN_POINT('',(0.0149600009011842,-0.0069867626111128,-0.0632350000000001));
#2497=CARTESIAN_POINT('',(-0.0149600009011841,0.01174,-0.055615));
#2498=CARTESIAN_POINT('',(-0.0149600009011841,-0.0069867626111125,-0.063235));
#2499=CARTESIAN_POINT('',(-0.0149600009011841,-0.0069867626111125,-0.0621617099387181));
#2500=CARTESIAN_POINT('',(-0.0149600009011841,-0.0069867626111125,-0.0610884198774361));
#2501=CARTESIAN_POINT('',(-0.0149600009011841,-0.0069867626111125,-0.0600151298161542));
#2502=CARTESIAN_POINT('',(-0.014959940109179,-0.00698676236920487,-0.0600151298161542));
#2503=CARTESIAN_POINT('',(-0.0149600009011841,-0.00698676236920487,-0.060015129445336));
#2504=CARTESIAN_POINT('',(-0.0149600009011841,-0.00682450824613658,-0.060015129445336));
#2505=CARTESIAN_POINT('',(-0.0149600009011841,-0.00666225412306829,-0.060015129445336));
#2506=CARTESIAN_POINT('',(-0.0149600009011841,-0.0065,-0.060015129445336));
#2507=CARTESIAN_POINT('',(-0.0149600009011841,0.01174,-0.182615));
#2508=CARTESIAN_POINT('',(-0.0149600009011841,-0.0065,0.060015129445336));
#2509=CARTESIAN_POINT('',(-0.0149600009011841,-0.0084337098315665,0.060015129445336));
#2510=CARTESIAN_POINT('',(-0.0149600009011841,-0.010367419663133,0.060015129445336));
#2511=CARTESIAN_POINT('',(-0.0149600009011841,-0.0123011294946995,0.060015129445336));
#2512=CARTESIAN_POINT('',(-0.0149598994249008,-0.0123014981214838,0.0600160244020722));
#2513=CARTESIAN_POINT('',(-0.0149600009011841,-0.0123014983635771,0.0600160243022903));
#2514=CARTESIAN_POINT('',(-0.0149600009011841,-0.0126984407296179,0.0609790962541004));
#2515=CARTESIAN_POINT('',(-0.0149600009011841,-0.0129940911281347,0.0620520866200036));
#2516=CARTESIAN_POINT('',(-0.0149600009011841,-0.0131884495591273,0.0632349954));
#2517=CARTESIAN_POINT('',(-0.0975967522044819,-0.0310937872891202,-0.182615));
#2518=CARTESIAN_POINT('',(-0.0136678305993103,-0.0216754156995975,0.0550846411388795));
#2519=CARTESIAN_POINT('',(-0.0135045111771957,-0.0231307864975071,0.0554382106462932));
#2520=CARTESIAN_POINT('',(-0.0133620430058141,-0.0247385571064591,0.0556149954));
#2521=CARTESIAN_POINT('',(-0.0132661510597894,-0.0264982116146079,0.0556149954));
#2522=CARTESIAN_POINT('',(-0.0136679128708095,-0.021674590569821,0.0550844126280245));
#2523=CARTESIAN_POINT('',(-0.0132661510597894,-0.0264982116146079,0.0556149954));
#2524=CARTESIAN_POINT('',(-0.0132661510597894,-0.0264982116146081,0.0556149954));
#2525=CARTESIAN_POINT('',(-0.012773307033843,-0.0355420911897278,0.0556149954));
#2526=CARTESIAN_POINT('',(-0.0137478115289187,-0.0446643217588612,0.0556149954));
#2527=CARTESIAN_POINT('',(-0.0161400001893886,-0.0534000006916,0.0556149954));
#2528=CARTESIAN_POINT('',(-0.016139999317145,-0.0533966801686477,0.0556149954));
#2529=CARTESIAN_POINT('',(-0.01614,-0.0534,-0.182615));
#2530=CARTESIAN_POINT('',(-0.0143980080229297,-0.0165769497609945,0.0632349954));
#2531=CARTESIAN_POINT('',(-0.0140829268003205,-0.0183827398985146,0.0599499739062666));
#2532=CARTESIAN_POINT('',(-0.0138463952264425,-0.020084223661846,0.057233272603739));
#2533=CARTESIAN_POINT('',(-0.0136678514051955,-0.0216752302961985,0.0550848914924174));
#2534=CARTESIAN_POINT('',(0.,-0.0534,-0.182615));
#2535=CARTESIAN_POINT('',(0.0151691655605047,-0.0589132582197823,0.0530749954));
#2536=CARTESIAN_POINT('',(0.0153737295937144,-0.0583504212250724,0.0530749954));
#2537=CARTESIAN_POINT('',(0.0156197155603001,-0.0575259586364727,0.0531351341175792));
#2538=CARTESIAN_POINT('',(0.0158182020610475,-0.0566259866802271,0.0533059473262223));
#2539=CARTESIAN_POINT('',(0.0159110148683057,-0.0561165005665823,0.0534375597050619));
#2540=CARTESIAN_POINT('',(0.0159658037796459,-0.0557767698772419,0.0535388413397822));
#2541=CARTESIAN_POINT('',(0.0160277229061804,-0.0553175451227514,0.0537017274089025));
#2542=CARTESIAN_POINT('',(0.0160680486630058,-0.0549363906100404,0.0538674821675102));
#2543=CARTESIAN_POINT('',(0.0160932301655581,-0.0546367238791603,0.0540230441852594));
#2544=CARTESIAN_POINT('',(0.0161077496878712,-0.0544235981738738,0.0541512195568534));
#2545=CARTESIAN_POINT('',(0.016117721750482,-0.0542554641693327,0.0542609635526602));
#2546=CARTESIAN_POINT('',(0.0161276254016555,-0.0540422236271244,0.0544221982535921));
#2547=CARTESIAN_POINT('',(0.0161351846737195,-0.0538174111596016,0.0546255759613288));
#2548=CARTESIAN_POINT('',(0.0161408843838134,-0.053504689808042,0.0550109972329983));
#2549=CARTESIAN_POINT('',(0.0161399986796225,-0.0533934705338783,0.055328719816336));
#2550=CARTESIAN_POINT('',(0.0161399986342899,-0.0533933603372952,0.0556149954));
#2551=CARTESIAN_POINT('',(0.0161408437654194,-0.0533997693140098,0.0556149953999998));
#2552=CARTESIAN_POINT('',(0.01614,-0.0534,-0.182615));
#2553=CARTESIAN_POINT('',(-0.0161399986342899,-0.0533933603372954,0.0556149954));
#2554=CARTESIAN_POINT('',(-0.0161399986732944,-0.0533934551513867,0.055365773531186));
#2555=CARTESIAN_POINT('',(-0.0161410004638857,-0.0534995383905341,0.0550111664543729));
#2556=CARTESIAN_POINT('',(-0.0161350741380362,-0.0538208978552655,0.054623135486788));
#2557=CARTESIAN_POINT('',(-0.0161275055366207,-0.0540468726612945,0.0544178458535292));
#2558=CARTESIAN_POINT('',(-0.0161165754973592,-0.0542760118157657,0.0542470583576418));
#2559=CARTESIAN_POINT('',(-0.0161087305288589,-0.0544070577546838,0.0541618928660255));
#2560=CARTESIAN_POINT('',(-0.0160937134638555,-0.0546316282490355,0.0540250552428833));
#2561=CARTESIAN_POINT('',(-0.0160690250888488,-0.0549255181638804,0.053872746735821));
#2562=CARTESIAN_POINT('',(-0.0160287463854442,-0.05530936782726,0.0537047566040399));
#2563=CARTESIAN_POINT('',(-0.0159666682532622,-0.0557709842641524,0.0535407305707222));
#2564=CARTESIAN_POINT('',(-0.0159120037437447,-0.0561107112407754,0.0534391341070804));
#2565=CARTESIAN_POINT('',(-0.015819200836628,-0.0566211607047378,0.0533069206052992));
#2566=CARTESIAN_POINT('',(-0.015620636121422,-0.0575226812040468,0.0531354017010029));
#2567=CARTESIAN_POINT('',(-0.0153742314443294,-0.0583490404344933,0.0530749954));
#2568=CARTESIAN_POINT('',(-0.0151691655604733,-0.0589132582198687,0.0530749954));
#2569=CARTESIAN_POINT('',(0.,-0.0534,-0.182615));
#2570=CARTESIAN_POINT('',(0.01614,-0.0534,-0.182615));
#2571=CARTESIAN_POINT('',(0.016139999317145,-0.0533966801686477,-0.058155));
#2572=CARTESIAN_POINT('',(0.0161399986342899,-0.0533933603372953,-0.058155));
#2573=CARTESIAN_POINT('',(0.0161399986787275,-0.053393468358413,-0.0578710631669021));
#2574=CARTESIAN_POINT('',(0.016140756662132,-0.0535054567440623,-0.0575524091590362));
#2575=CARTESIAN_POINT('',(0.0161354276806174,-0.0538108119922974,-0.0571716429057557));
#2576=CARTESIAN_POINT('',(0.0161276011260648,-0.0540404900745644,-0.0569644668688249));
#2577=CARTESIAN_POINT('',(0.0161205521467487,-0.0541987265775236,-0.0568422270273502));
#2578=CARTESIAN_POINT('',(0.0161118859564,-0.0543537965376988,-0.0567368908485593));
#2579=CARTESIAN_POINT('',(0.0161062893995129,-0.0544441698844565,-0.0566791848734176));
#2580=CARTESIAN_POINT('',(0.0160929349238268,-0.0546414815817545,-0.0565600657723046));
#2581=CARTESIAN_POINT('',(0.0160685440414603,-0.0549306223116558,-0.0564104911365027));
#2582=CARTESIAN_POINT('',(0.016028192572972,-0.0553128887952534,-0.0562436355150276));
#2583=CARTESIAN_POINT('',(0.0159495100292195,-0.0559001424882654,-0.0560343660065723));
#2584=CARTESIAN_POINT('',(0.0158482012208722,-0.0564841165749991,-0.0558756395407356));
#2585=CARTESIAN_POINT('',(0.0156186906327183,-0.0575341264554766,-0.0556721779873416));
#2586=CARTESIAN_POINT('',(0.015373612396339,-0.0583507436814478,-0.055615));
#2587=CARTESIAN_POINT('',(0.0151691655611484,-0.0589132582180113,-0.055615));
#2588=CARTESIAN_POINT('',(-0.0151691655604696,-0.058913258219879,-0.055615));
#2589=CARTESIAN_POINT('',(-0.0153737295937157,-0.05835042122508,-0.055615));
#2590=CARTESIAN_POINT('',(-0.0156197288556851,-0.0575258631287606,-0.0556751685550062));
#2591=CARTESIAN_POINT('',(-0.0158181843339088,-0.0566261140236725,-0.0558459121429596));
#2592=CARTESIAN_POINT('',(-0.0159110458908292,-0.0561162777153916,-0.055977633925706));
#2593=CARTESIAN_POINT('',(-0.0159656852293115,-0.0557776214870057,-0.0560785798893055));
#2594=CARTESIAN_POINT('',(-0.0160281660849911,-0.0553143615349108,-0.0562427265899222));
#2595=CARTESIAN_POINT('',(-0.0160686469343718,-0.0549295622129775,-0.0564108108108761));
#2596=CARTESIAN_POINT('',(-0.0160934845478332,-0.05463468256468,-0.0565633708366537));
#2597=CARTESIAN_POINT('',(-0.016108587467921,-0.0544093714905515,-0.0567004437913213));
#2598=CARTESIAN_POINT('',(-0.0161164864421094,-0.0542776824599015,-0.0567859067858252));
#2599=CARTESIAN_POINT('',(-0.0161274540318139,-0.054048192236022,-0.0569567088563798));
#2600=CARTESIAN_POINT('',(-0.0161350548831465,-0.0538217362850954,-0.0571621512546377));
#2601=CARTESIAN_POINT('',(-0.0161410038107248,-0.053499760313478,-0.0575504719421772));
#2602=CARTESIAN_POINT('',(-0.016139998673804,-0.0533934563901324,-0.0579054678321097));
#2603=CARTESIAN_POINT('',(-0.0161399986342899,-0.0533933603372954,-0.058155));
#2604=CARTESIAN_POINT('',(-0.0161408437654194,-0.0533997693140098,-0.058155));
#2605=CARTESIAN_POINT('',(-0.01614,-0.0534,-0.182615));
#2606=CARTESIAN_POINT('',(-0.0975967522044819,-0.0310937872891202,-0.182615));
#2607=CARTESIAN_POINT('',(-0.0161400001893885,-0.0534000006915998,-0.058155));
#2608=CARTESIAN_POINT('',(-0.0137478115289187,-0.0446643217588611,-0.058155));
#2609=CARTESIAN_POINT('',(-0.012773307033843,-0.0355420911897279,-0.058155));
#2610=CARTESIAN_POINT('',(-0.0132661510597894,-0.0264982116146084,-0.058155));
#2611=CARTESIAN_POINT('',(-0.0132661510597894,-0.0264982116146081,-0.058155));
#2612=CARTESIAN_POINT('',(-0.0132661510597894,-0.0264982116146079,-0.058155));
#2613=CARTESIAN_POINT('',(-0.0133955891126915,-0.0241229729970028,-0.058155));
#2614=CARTESIAN_POINT('',(-0.013609371449543,-0.0220234678054642,-0.057832516880482));
#2615=CARTESIAN_POINT('',(-0.013846555488391,-0.0202000204832148,-0.057187550641446));
#2616=CARTESIAN_POINT('',(-0.0138465683419986,-0.0201998346024868,-0.0571874881312841));
#2617=CARTESIAN_POINT('',(-0.013846559201076,-0.0201999919404993,-0.0571875935595903));
#2618=CARTESIAN_POINT('',(-0.0139220267833712,-0.01961980621271,-0.0580599884216523));
#2619=CARTESIAN_POINT('',(-0.0140053052665513,-0.0190266807161936,-0.0590023326448584));
#2620=CARTESIAN_POINT('',(-0.0140972501390897,-0.0184208728635854,-0.0600146262292088));
#2621=CARTESIAN_POINT('',(-0.0140972224627836,-0.0184208686810209,-0.0600146264442957));
#2622=CARTESIAN_POINT('',(-0.0140972501390851,-0.0184208728636155,-0.0600146264442957));
#2623=CARTESIAN_POINT('',(-0.0140972501390851,-0.0184208728636154,-0.0610880842961971));
#2624=CARTESIAN_POINT('',(-0.0140972501390851,-0.0184208728636154,-0.0621615421480986));
#2625=CARTESIAN_POINT('',(-0.0140972501390851,-0.0184208728636154,-0.063235));
#2626=CARTESIAN_POINT('',(0.0149600009011842,0.01174,-0.182615));
#2627=CARTESIAN_POINT('',(0.0149600009011842,-0.0069867626111128,0.0632349951500003));
#2628=CARTESIAN_POINT('',(0.0149600009011842,-0.0069867626111128,0.0621617066623245));
#2629=CARTESIAN_POINT('',(0.0149600009011842,-0.0069867626111128,0.0610884181746486));
#2630=CARTESIAN_POINT('',(0.0149600009011842,-0.0069867626111128,0.0600151296869727));
#2631=CARTESIAN_POINT('',(0.0149599541318343,-0.00698676236039196,0.0600151296869727));
#2632=CARTESIAN_POINT('',(0.0149600009011842,-0.00698676236039196,0.060015129445337));
#2633=CARTESIAN_POINT('',(0.0149600009011842,-0.00682450824026131,0.060015129445337));
#2634=CARTESIAN_POINT('',(0.0149600009011842,-0.00666225412013065,0.060015129445337));
#2635=CARTESIAN_POINT('',(0.0149600009011842,-0.0065,0.060015129445337));
#2636=CARTESIAN_POINT('',(0.0975967522044819,-0.0310937872891205,-0.182615));
#2637=CARTESIAN_POINT('',(0.0161400001893885,-0.0534000006916,0.0556149954));
#2638=CARTESIAN_POINT('',(0.0137478115289186,-0.0446643217588611,0.0556149954));
#2639=CARTESIAN_POINT('',(0.0127733070338429,-0.0355420911897276,0.0556149954));
#2640=CARTESIAN_POINT('',(0.0132661510597895,-0.0264982116146078,0.0556149954));
#2641=CARTESIAN_POINT('',(0.0132661510597895,-0.0264982116146079,0.0556149954));
#2642=CARTESIAN_POINT('',(0.0132661510597895,-0.0264982116146078,0.0556149954));
#2643=CARTESIAN_POINT('',(0.0134399186919665,-0.0233095079746597,0.0556149954));
#2644=CARTESIAN_POINT('',(0.0137638341179172,-0.0206176896978013,0.0550334773167003));
#2645=CARTESIAN_POINT('',(0.0140972501390851,-0.0184208728636157,0.053870441150101));
#2646=CARTESIAN_POINT('',(0.0140971940473073,-0.0184208641066537,0.0538704412854362));
#2647=CARTESIAN_POINT('',(0.0140972501390851,-0.0184208728636157,0.0538704412854362));
#2648=CARTESIAN_POINT('',(0.0140972501390851,-0.0184208728636157,0.0569919592402908));
#2649=CARTESIAN_POINT('',(0.0140972501390851,-0.0184208728636157,0.0601134771951454));
#2650=CARTESIAN_POINT('',(0.0140972501390851,-0.0184208728636157,0.06323499515));
#2651=CARTESIAN_POINT('',(0.0975967522044819,-0.0310937872891205,-0.182615));
#2652=CARTESIAN_POINT('',(0.0140972501390896,-0.0184208728635857,-0.060014626230539));
#2653=CARTESIAN_POINT('',(0.0140053052659771,-0.0190266807199771,-0.059002332640781));
#2654=CARTESIAN_POINT('',(0.0139220267826029,-0.0196198062183213,-0.0580599884149403));
#2655=CARTESIAN_POINT('',(0.0138465592003653,-0.0201999919459637,-0.057187593553017));
#2656=CARTESIAN_POINT('',(0.014097190033435,-0.0184208637544038,-0.060014626445626));
#2657=CARTESIAN_POINT('',(0.0138465683412643,-0.0201998346081145,-0.0571874881248214));
#2658=CARTESIAN_POINT('',(0.0138465554882759,-0.0202000204840995,-0.057187550641759));
#2659=CARTESIAN_POINT('',(0.0136093714495001,-0.0220234678059446,-0.0578325168805863));
#2660=CARTESIAN_POINT('',(0.0133955891126815,-0.024122972997187,-0.058155));
#2661=CARTESIAN_POINT('',(0.0132661510597895,-0.0264982116146078,-0.058155));
#2662=CARTESIAN_POINT('',(0.0132661510597895,-0.0264982116146079,-0.058155));
#2663=CARTESIAN_POINT('',(0.0132661510597895,-0.0264982116146078,-0.058155));
#2664=CARTESIAN_POINT('',(0.0127733070338429,-0.0355420911897276,-0.058155));
#2665=CARTESIAN_POINT('',(0.0137478115289186,-0.0446643217588611,-0.058155));
#2666=CARTESIAN_POINT('',(0.0161400001893885,-0.0534000006916,-0.058155));
#2667=CARTESIAN_POINT('',(0.0140972501390851,-0.0184208728636157,-0.063235));
#2668=CARTESIAN_POINT('',(0.0140972501390851,-0.0184208728636157,-0.062161542148542));
#2669=CARTESIAN_POINT('',(0.0140972501390851,-0.0184208728636157,-0.061088084297084));
#2670=CARTESIAN_POINT('',(0.0140972501390851,-0.0184208728636157,-0.060014626445626));
#2671=CARTESIAN_POINT('',(0.0119302548736526,-0.01366,-0.0427625808172021));
#2672=CARTESIAN_POINT('',(-0.0119302559793719,-0.01366,-0.0427625808172021));
#2673=CARTESIAN_POINT('',(0.0119302548736526,-0.01366,-0.0448919490824351));
#2674=CARTESIAN_POINT('',(-0.0119302559793719,-0.01366,-0.0448919490824351));
#2675=CARTESIAN_POINT('',(0.0119302548736526,-0.0141520601541228,-0.0486586254587789));
#2676=CARTESIAN_POINT('',(-0.0119302559793719,-0.0141520601541228,-0.0486586254587789));
#2677=CARTESIAN_POINT('',(0.0119302548736527,-0.0173231283731574,-0.0540050303006768));
#2678=CARTESIAN_POINT('',(-0.0119302559793719,-0.0173231283731574,-0.0540050303006768));
#2679=CARTESIAN_POINT('',(0.0119302548736526,-0.0221012634695337,-0.055615));
#2680=CARTESIAN_POINT('',(-0.0119302559793719,-0.0221012634695337,-0.055615));
#2681=CARTESIAN_POINT('',(0.0119302548736526,-0.02636,-0.055615));
#2682=CARTESIAN_POINT('',(-0.0119302559793719,-0.02636,-0.055615));
#2683=CARTESIAN_POINT('',(0.0113277993553506,-0.0206969939527818,-0.0547851288532222));
#2684=CARTESIAN_POINT('',(0.0114186405676615,-0.0201174769099041,-0.0545861174526066));
#2685=CARTESIAN_POINT('',(0.0115338276548886,-0.0193333145047482,-0.0542462195215562));
#2686=CARTESIAN_POINT('',(0.0116466597674718,-0.0184194581944935,-0.0537157870149078));
#2687=CARTESIAN_POINT('',(0.0117081109325314,-0.0178314618255709,-0.0533138086402285));
#2688=CARTESIAN_POINT('',(0.0117575795149514,-0.0171907591551544,-0.0527937275558942));
#2689=CARTESIAN_POINT('',(0.0117804869436312,-0.0166297476736782,-0.0522438186891052));
#2690=CARTESIAN_POINT('',(0.0117813634030771,-0.0161170858276086,-0.0516499038554855));
#2691=CARTESIAN_POINT('',(0.0117566667263643,-0.0156413843534516,-0.0509847788525332));
#2692=CARTESIAN_POINT('',(0.0117160353966857,-0.0152752052933096,-0.0503757752400389));
#2693=CARTESIAN_POINT('',(0.0116350212920132,-0.014810621871168,-0.0494648081759696));
#2694=CARTESIAN_POINT('',(0.0114263829477378,-0.0141436882141806,-0.0477168872292351));
#2695=CARTESIAN_POINT('',(0.0111318081032937,-0.0138129036038792,-0.0459054641085805));
#2696=CARTESIAN_POINT('',(0.0108841082789095,-0.0137162000182766,-0.0445484629446995));
#2697=CARTESIAN_POINT('',(0.0113278104365789,-0.0206969955065856,-0.0547851293868122));
#2698=CARTESIAN_POINT('',(0.0108840408231213,-0.013716200891088,-0.0445484751932351));
#2699=CARTESIAN_POINT('',(0.0108839733673331,-0.0137162017640183,-0.0445484874417623));
#2700=CARTESIAN_POINT('',(0.0107876625620934,-0.0136787334985094,-0.0440227196158818));
#2701=CARTESIAN_POINT('',(0.0106913517568537,-0.01366,-0.0434782170230019));
#2702=CARTESIAN_POINT('',(0.0105950409516139,-0.01366,-0.0429149809316124));
#2703=CARTESIAN_POINT('',(-0.010595044221555,-0.01366,-0.042915));
#2704=CARTESIAN_POINT('',(-0.0106913517994316,-0.01366,-0.0434782171890174));
#2705=CARTESIAN_POINT('',(-0.0107876593773081,-0.0136787330867326,-0.0440227012913023));
#2706=CARTESIAN_POINT('',(-0.0108839669551846,-0.0137161992601977,-0.0445484523068546));
#2707=CARTESIAN_POINT('',(-0.0108840350882211,-0.0137161983785933,-0.0445484399353472));
#2708=CARTESIAN_POINT('',(-0.0108841018652115,-0.0137161975143568,-0.0445484278078159));
#2709=CARTESIAN_POINT('',(-0.0111317959581756,-0.0138128965660971,-0.0459053977334345));
#2710=CARTESIAN_POINT('',(-0.0114263670752457,-0.0141436655029164,-0.0477168075746832));
#2711=CARTESIAN_POINT('',(-0.0116350103515508,-0.0148106003265485,-0.0494647582887186));
#2712=CARTESIAN_POINT('',(-0.0117160290592098,-0.0152751829642543,-0.0503757377566642));
#2713=CARTESIAN_POINT('',(-0.0117566671175154,-0.0156413903239193,-0.0509847862580805));
#2714=CARTESIAN_POINT('',(-0.0117813640463304,-0.016117032128606,-0.0516498324465715));
#2715=CARTESIAN_POINT('',(-0.0117804883967627,-0.0166296845471537,-0.0522437513636348));
#2716=CARTESIAN_POINT('',(-0.0117575815893417,-0.0171906931582634,-0.0527936718080846));
#2717=CARTESIAN_POINT('',(-0.0117081093908418,-0.0178314799747957,-0.0533138230466626));
#2718=CARTESIAN_POINT('',(-0.0116466673136362,-0.0184194137221093,-0.0537157568580852));
#2719=CARTESIAN_POINT('',(-0.0115338364043719,-0.0193332656084107,-0.0542461966713063));
#2720=CARTESIAN_POINT('',(-0.0114186457750738,-0.020117443691206,-0.0545861060449063));
#2721=CARTESIAN_POINT('',(-0.0113277993556345,-0.0206969939510008,-0.0547851288526106));
#2722=CARTESIAN_POINT('',(-0.0113278104368605,-0.0206969955048042,-0.0547851293862005));
#2723=CARTESIAN_POINT('',(-0.0113278215180864,-0.0206969970586076,-0.0547851299197904));
#2724=CARTESIAN_POINT('',(-0.0110417033672231,-0.0225222485119021,-0.0554119372571652));
#2725=CARTESIAN_POINT('',(-0.0108424009186193,-0.024483476776268,-0.055615));
#2726=CARTESIAN_POINT('',(-0.0107299141722752,-0.02636,-0.055615));
#2727=CARTESIAN_POINT('',(0.0107299141722754,-0.02636,-0.055615));
#2728=CARTESIAN_POINT('',(0.0108424009185104,-0.0244834767771441,-0.055615));
#2729=CARTESIAN_POINT('',(0.011041703367021,-0.0225222485133793,-0.055411937257362));
#2730=CARTESIAN_POINT('',(0.0113278215178073,-0.0206969970603893,-0.0547851299204023));
#2731=CARTESIAN_POINT('',(0.0121053493470623,-0.02636,0.0530749954));
#2732=CARTESIAN_POINT('',(-0.0117441763072777,-0.02636,0.0530749954));
#2733=CARTESIAN_POINT('',(0.0121053493470623,-0.0178424240782895,0.0530749954));
#2734=CARTESIAN_POINT('',(-0.0117441763072777,-0.0178424240782895,0.0530749954));
#2735=CARTESIAN_POINT('',(0.0121053493470623,-0.013610627516546,0.048789216040033));
#2736=CARTESIAN_POINT('',(-0.0117441763072777,-0.013610627516546,0.048789216040033));
#2737=CARTESIAN_POINT('',(0.0121053493470623,-0.0136604508485578,0.0402218167863107));
#2738=CARTESIAN_POINT('',(-0.0117441763072777,-0.0136604508485578,0.0402218167863107));
#2739=CARTESIAN_POINT('',(0.011963948997333,-0.0169390202202911,0.0500023390050002));
#2740=CARTESIAN_POINT('',(0.0118655113568551,-0.0176248038955856,0.0506661922675973));
#2741=CARTESIAN_POINT('',(0.0117395311903514,-0.018387784313615,0.0511934830279791));
#2742=CARTESIAN_POINT('',(0.0115860084978218,-0.0192008204761126,0.0516113522844126));
#2743=CARTESIAN_POINT('',(0.011963948997333,-0.0169390202202911,0.0500023390050002));
#2744=CARTESIAN_POINT('',(0.0115860084978218,-0.0192008204761126,0.0516113522844126));
#2745=CARTESIAN_POINT('',(0.0115860084978218,-0.0192008204761125,0.0516113522844126));
#2746=CARTESIAN_POINT('',(0.0111506122548173,-0.021506622194889,0.0527964455116909));
#2747=CARTESIAN_POINT('',(0.0108652474796352,-0.0241023465197382,0.0530749954));
#2748=CARTESIAN_POINT('',(0.0107299141722753,-0.02636,0.0530749954));
#2749=CARTESIAN_POINT('',(-0.0107299141722752,-0.02636,0.0530749954));
#2750=CARTESIAN_POINT('',(-0.0108181193928824,-0.0248885453577744,0.0530749954));
#2751=CARTESIAN_POINT('',(-0.0109560394006723,-0.023399409664188,0.0529483604595298));
#2752=CARTESIAN_POINT('',(-0.0111436741956449,-0.0219752163001317,0.0526124671976985));
#2753=CARTESIAN_POINT('',(-0.0111436640150261,-0.0219752150291135,0.0526124668979312));
#2754=CARTESIAN_POINT('',(-0.0111436538344078,-0.0219752137580913,0.0526124665981629));
#2755=CARTESIAN_POINT('',(-0.0112235146114803,-0.0213692481972762,0.0524695506733004));
#2756=CARTESIAN_POINT('',(-0.0113269585684368,-0.0205483801645569,0.0522140743820888));
#2757=CARTESIAN_POINT('',(-0.011418215681468,-0.019732448559891,0.0518716715761386));
#2758=CARTESIAN_POINT('',(-0.0114628917602539,-0.019292741721306,0.0516599425887119));
#2759=CARTESIAN_POINT('',(-0.0114900866061439,-0.0190059207770107,0.0515111592422086));
#2760=CARTESIAN_POINT('',(-0.0115215106595332,-0.0186370131076836,0.0513021441873034));
#2761=CARTESIAN_POINT('',(-0.0115535241490564,-0.018198410545539,0.0510275620207083));
#2762=CARTESIAN_POINT('',(-0.0115936752096126,-0.0174660063956528,0.0505064105410796));
#2763=CARTESIAN_POINT('',(-0.0115994423140409,-0.0165589344534762,0.0496663986236934));
#2764=CARTESIAN_POINT('',(-0.0115307437936453,-0.0156966290923887,0.0485739496278822));
#2765=CARTESIAN_POINT('',(-0.0113374388525061,-0.0147075379227501,0.0468447468339297));
#2766=CARTESIAN_POINT('',(-0.0110782877958694,-0.0142025817387824,0.0452696755179013));
#2767=CARTESIAN_POINT('',(-0.0108547496102744,-0.0139785635514798,0.0440792453434731));
#2768=CARTESIAN_POINT('',(-0.0108547468217842,-0.0139785636466433,0.0440792458491708));
#2769=CARTESIAN_POINT('',(-0.0108547468217842,-0.0139785636466433,0.0440792458491707));
#2770=CARTESIAN_POINT('',(-0.0107029607593423,-0.0138264472270485,0.0432709010180884));
#2771=CARTESIAN_POINT('',(-0.0104883794150781,-0.0136599779196931,0.0420963236900826));
#2772=CARTESIAN_POINT('',(-0.0102110027889914,-0.0136600000020895,0.0403746695876406));
#2773=CARTESIAN_POINT('',(0.0102110552807972,-0.01366,0.0403749954));
#2774=CARTESIAN_POINT('',(0.0104690755392695,-0.01366,0.0419765061054658));
#2775=CARTESIAN_POINT('',(0.0109157728889903,-0.0139580680283316,0.0444755338798695));
#2776=CARTESIAN_POINT('',(0.0112237839042632,-0.0144499604859966,0.0459688860085475));
#2777=CARTESIAN_POINT('',(0.0113431178282876,-0.0146729774427809,0.0465355285408365));
#2778=CARTESIAN_POINT('',(0.0113431178282876,-0.0146729774427809,0.0465355285408365));
#2779=CARTESIAN_POINT('',(0.0113431178282876,-0.0146729774427809,0.0465355285408366));
#2780=CARTESIAN_POINT('',(0.0116133857901102,-0.015178067164938,0.0478188628815209));
#2781=CARTESIAN_POINT('',(0.0118203295131253,-0.0159057600562323,0.0490021210707844));
#2782=CARTESIAN_POINT('',(0.011963948997333,-0.0169390202202911,0.0500023390050002));
#2783=CARTESIAN_POINT('',(0.014494448155567,-0.00929764494362124,-0.0519149674301321));
#2784=CARTESIAN_POINT('',(0.014458462800189,-0.00937529396467651,-0.0516002657636395));
#2785=CARTESIAN_POINT('',(0.014423027246304,-0.00946957143693294,-0.0513167036187102));
#2786=CARTESIAN_POINT('',(0.0143510081038956,-0.00967020508564348,-0.050769796782074));
#2787=CARTESIAN_POINT('',(0.0143144327984914,-0.00977656117519038,-0.0505064423631993));
#2788=CARTESIAN_POINT('',(0.0142750418678185,-0.00987836847508887,-0.0502324403046813));
#2789=CARTESIAN_POINT('',(0.0144836247032982,-0.00910634649720224,-0.0517605089153495));
#2790=CARTESIAN_POINT('',(0.0144456373459901,-0.00917725199375946,-0.0514295844397198));
#2791=CARTESIAN_POINT('',(0.0144080649428259,-0.00926342005798425,-0.0511285147578939));
#2792=CARTESIAN_POINT('',(0.0143312272745724,-0.0094470097651043,-0.0505437499186701));
#2793=CARTESIAN_POINT('',(0.0142919714294975,-0.00954443181464302,-0.0502600447146507));
#2794=CARTESIAN_POINT('',(0.0142493967717637,-0.0096378449543258,-0.0499641560129005));
#2795=CARTESIAN_POINT('',(0.0144723974794608,-0.00891566267003446,-0.0516135323350673));
#2796=CARTESIAN_POINT('',(0.0144322199883649,-0.008980201234107,-0.0512657844910579));
#2797=CARTESIAN_POINT('',(0.0143922200814064,-0.00905844560686338,-0.0509461336244842));
#2798=CARTESIAN_POINT('',(0.0143098274023717,-0.00922479520845321,-0.0503209650635762));
#2799=CARTESIAN_POINT('',(0.0142674438666067,-0.00931290109629251,-0.0500154371282753));
#2800=CARTESIAN_POINT('',(0.0142212098774848,-0.0093971617093565,-0.0496962594679412));
#2801=CARTESIAN_POINT('',(0.0144488008131689,-0.00853431345458037,-0.0513294388846003));
#2802=CARTESIAN_POINT('',(0.0144038548315422,-0.00858639568089259,-0.0509468133521074));
#2803=CARTESIAN_POINT('',(0.0143584296593025,-0.0086489581822462,-0.0505880623177257));
#2804=CARTESIAN_POINT('',(0.0142635505396275,-0.00878078330313396,-0.0498785078009687));
#2805=CARTESIAN_POINT('',(0.0142141041099412,-0.00885004678351659,-0.0495276941770852));
#2806=CARTESIAN_POINT('',(0.0141597725284337,-0.00891552956893122,-0.0491612836331864));
#2807=CARTESIAN_POINT('',(0.0144364313707144,-0.00834364806629405,-0.0511923220144155));
#2808=CARTESIAN_POINT('',(0.0143889070323447,-0.00838964088733063,-0.0507916421618189));
#2809=CARTESIAN_POINT('',(0.0143404840596517,-0.00844444510508482,-0.0504123720334703));
#2810=CARTESIAN_POINT('',(0.0142386734702725,-0.00855898574696351,-0.0496588351717028));
#2811=CARTESIAN_POINT('',(0.0141852918364763,-0.00861872298141675,-0.0492845585905789));
#2812=CARTESIAN_POINT('',(0.0141265220701468,-0.00867458067278673,-0.0488942043436337));
#2813=CARTESIAN_POINT('',(0.0144102155917084,-0.00796112492898189,-0.0509228438252405));
#2814=CARTESIAN_POINT('',(0.0143571343576579,-0.00799474080985854,-0.0504847945474729));
#2815=CARTESIAN_POINT('',(0.0143020928895076,-0.00803398901722883,-0.0500627697268055));
#2816=CARTESIAN_POINT('',(0.0141850767780627,-0.00811426595028099,-0.0492192144683627));
#2817=CARTESIAN_POINT('',(0.014123104986824,-0.00815529526186441,-0.0487976754965674));
#2818=CARTESIAN_POINT('',(0.014054981524319,-0.00819247300282557,-0.048360905115514));
#2819=CARTESIAN_POINT('',(0.0143963692551569,-0.00776926717995606,-0.0507904825062502));
#2820=CARTESIAN_POINT('',(0.0143403094821685,-0.00779659552594841,-0.0503331181234154));
#2821=CARTESIAN_POINT('',(0.0142816472609624,-0.00782804591018979,-0.0498888576051393));
#2822=CARTESIAN_POINT('',(0.0141563570325921,-0.00789134352169733,-0.0489992662022916));
#2823=CARTESIAN_POINT('',(0.014089730281509,-0.00792319116095763,-0.0485539278035818));
#2824=CARTESIAN_POINT('',(0.0140166914107309,-0.00795131424747808,-0.048094685203013));
#2825=CARTESIAN_POINT('',(0.0143664915443225,-0.00738317762364085,-0.0505255076429515));
#2826=CARTESIAN_POINT('',(0.0143040010179234,-0.00739726243581074,-0.0500282388068117));
#2827=CARTESIAN_POINT('',(0.0142374531814858,-0.00741287158744145,-0.049538004907545));
#2828=CARTESIAN_POINT('',(0.0140944628706624,-0.00744285653230893,-0.0485557753758764));
#2829=CARTESIAN_POINT('',(0.014018019689333,-0.00745723244583176,-0.0480637752331086));
#2830=CARTESIAN_POINT('',(0.0139351008505706,-0.00746885196625953,-0.0475631553018034));
#2831=CARTESIAN_POINT('',(0.0143504601700397,-0.00718894581635147,-0.0503928940986431));
#2832=CARTESIAN_POINT('',(0.0142845174291676,-0.00719607462958319,-0.0498750359142655));
#2833=CARTESIAN_POINT('',(0.0142137046637509,-0.00720364027437446,-0.049361064232612));
#2834=CARTESIAN_POINT('',(0.0140612883197802,-0.00721729177667487,-0.0483322326176195));
#2835=CARTESIAN_POINT('',(0.0139796836672325,-0.00722337763666946,-0.0478173701578052));
#2836=CARTESIAN_POINT('',(0.0138918004007333,-0.00722754843993277,-0.0472978453134823));
#2837=CARTESIAN_POINT('',(0.0143329822050739,-0.00699293613116831,-0.0502576505534194));
#2838=CARTESIAN_POINT('',(0.0142633136652913,-0.00699253954621233,-0.0497185591701149));
#2839=CARTESIAN_POINT('',(0.0141878731545306,-0.00699183943736815,-0.0491802151362007));
#2840=CARTESIAN_POINT('',(0.0140255206619317,-0.0069896547190964,-0.048105251640628));
#2841=CARTESIAN_POINT('',(0.0139386084985324,-0.00698817011215427,-0.0475686322373543));
#2842=CARTESIAN_POINT('',(0.0138460118177906,-0.0069862060906273,-0.047033015676344));
#2843=CARTESIAN_POINT('',(0.014494448155567,-0.00929764494362124,-0.0519149674301321));
#2844=CARTESIAN_POINT('',(0.0144728012510294,-0.00891504805078324,-0.0516060504005669));
#2845=CARTESIAN_POINT('',(0.0144262772694053,-0.00815477121911701,-0.0510480718174391));
#2846=CARTESIAN_POINT('',(0.0143679381350054,-0.00738495550153463,-0.0505281376438668));
#2847=CARTESIAN_POINT('',(0.0143329822050739,-0.00699293613116831,-0.0502576505534194));
#2848=CARTESIAN_POINT('',(0.0143329822050759,-0.00699293613116832,-0.0502576505534347));
#2849=CARTESIAN_POINT('',(0.014494448155567,-0.00929764494362124,-0.0519149674301321));
#2850=CARTESIAN_POINT('',(0.0138458917622531,-0.00698620609062943,-0.0470330364562436));
#2851=CARTESIAN_POINT('',(0.0140174242740152,-0.00698984025623244,-0.0480240913714245));
#2852=CARTESIAN_POINT('',(0.0141833042337796,-0.00699208360307874,-0.0490987690101035));
#2853=CARTESIAN_POINT('',(0.0143330309451568,-0.00699293613116831,-0.0502576442561995));
#2854=CARTESIAN_POINT('',(0.0142750418678185,-0.00987836847508887,-0.0502324403046813));
#2855=CARTESIAN_POINT('',(0.0141724614835991,-0.00891627439203659,-0.0491593031375581));
#2856=CARTESIAN_POINT('',(0.0140291661495613,-0.00795157548784918,-0.0480923342248972));
#2857=CARTESIAN_POINT('',(0.0138460118177906,-0.0069862060906273,-0.047033015676344));
#2858=CARTESIAN_POINT('',(0.0142750418678185,-0.00987836847508888,-0.0502324403046814));
#2859=CARTESIAN_POINT('',(0.014494448155567,-0.00929764494362124,-0.0519149674301321));
#2860=CARTESIAN_POINT('',(0.014458462800189,-0.00937529396467651,-0.0516002657636395));
#2861=CARTESIAN_POINT('',(0.014423027246304,-0.00946957143693294,-0.0513167036187102));
#2862=CARTESIAN_POINT('',(0.0143510081038956,-0.00967020508564348,-0.050769796782074));
#2863=CARTESIAN_POINT('',(0.0143144327984914,-0.00977656117519038,-0.0505064423631993));
#2864=CARTESIAN_POINT('',(0.0142750418678185,-0.00987836847508887,-0.0502324403046813));
#2865=CARTESIAN_POINT('',(0.0145955355996746,-0.0119004517817152,-0.0544204251970237));
#2866=CARTESIAN_POINT('',(0.0145736923218575,-0.0120522735405917,-0.0542514079772191));
#2867=CARTESIAN_POINT('',(0.0145513855454115,-0.0121994003948789,-0.0540876153240848));
#2868=CARTESIAN_POINT('',(0.0145062336178455,-0.0124842935271693,-0.0537704473270451));
#2869=CARTESIAN_POINT('',(0.0144833884667255,-0.0126220598051724,-0.0536170719831395));
#2870=CARTESIAN_POINT('',(0.0144604684395603,-0.0127551604114808,-0.0534688893817926));
#2871=CARTESIAN_POINT('',(0.0145908304468981,-0.0116553632544965,-0.0541433449304686));
#2872=CARTESIAN_POINT('',(0.0145687504907683,-0.0118002280747586,-0.0539662040857327));
#2873=CARTESIAN_POINT('',(0.0145463010404606,-0.0119459828166858,-0.0538005729492347));
#2874=CARTESIAN_POINT('',(0.0145009919069956,-0.0122345562128085,-0.0534871502509999));
#2875=CARTESIAN_POINT('',(0.0144781322238383,-0.012377374867004,-0.053339358689263));
#2876=CARTESIAN_POINT('',(0.0144552318020093,-0.0125163675118031,-0.0531978969940494));
#2877=CARTESIAN_POINT('',(0.0145847678954254,-0.011417955058441,-0.0538868299865062));
#2878=CARTESIAN_POINT('',(0.0145621699950915,-0.0115563893304216,-0.0537005780146657));
#2879=CARTESIAN_POINT('',(0.0145393468654885,-0.0117001796709761,-0.0535309186054401));
#2880=CARTESIAN_POINT('',(0.0144935017782074,-0.0119895899099874,-0.0532144734154845));
#2881=CARTESIAN_POINT('',(0.0144704800540003,-0.0121352096796248,-0.05306768710667));
#2882=CARTESIAN_POINT('',(0.0144474381710291,-0.0122773032179785,-0.0529271934297931));
#2883=CARTESIAN_POINT('',(0.014570618479242,-0.0109575558742632,-0.0534096914690953));
#2884=CARTESIAN_POINT('',(0.0145464989848391,-0.0110836842807631,-0.0532032170818519));
#2885=CARTESIAN_POINT('',(0.0145224803086428,-0.0112221171304681,-0.0530213539058284));
#2886=CARTESIAN_POINT('',(0.0144746005066459,-0.0115077681983983,-0.0526868973524449));
#2887=CARTESIAN_POINT('',(0.0144507404568417,-0.0116549859630399,-0.0525343018228149));
#2888=CARTESIAN_POINT('',(0.0144267392484631,-0.0117986856607725,-0.0523864139377237));
#2889=CARTESIAN_POINT('',(0.0145625316145315,-0.0107345648861409,-0.0531890678956469));
#2890=CARTESIAN_POINT('',(0.0145374084702635,-0.0108548179754416,-0.0529714822201051));
#2891=CARTESIAN_POINT('',(0.0145125679492858,-0.0109898576334249,-0.0527814434297236));
#2892=CARTESIAN_POINT('',(0.014463189407998,-0.0112709125849258,-0.0524319978844224));
#2893=CARTESIAN_POINT('',(0.0144386530727386,-0.0114169272289149,-0.0522725878811318));
#2894=CARTESIAN_POINT('',(0.0144138339532458,-0.0115591323965314,-0.0521163380102199));
#2895=CARTESIAN_POINT('',(0.0145450240560272,-0.0103020566634362,-0.0527784728445928));
#2896=CARTESIAN_POINT('',(0.0145174847324904,-0.0104106167998378,-0.0525366392744132));
#2897=CARTESIAN_POINT('',(0.0144905017172306,-0.0105371857078822,-0.0523263320810969));
#2898=CARTESIAN_POINT('',(0.0144368941771277,-0.0108038584656859,-0.0519365091392838));
#2899=CARTESIAN_POINT('',(0.0144102728396674,-0.0109439613974144,-0.0517569878703513));
#2900=CARTESIAN_POINT('',(0.014382918179178,-0.0110795926344363,-0.0515768640871531));
#2901=CARTESIAN_POINT('',(0.0145356033622336,-0.0100925394288539,-0.0525885013669872));
#2902=CARTESIAN_POINT('',(0.0145066515092929,-0.0101952819295556,-0.0523335311904682));
#2903=CARTESIAN_POINT('',(0.0144783478529398,-0.0103167731738363,-0.0521111310871182));
#2904=CARTESIAN_POINT('',(0.0144220100624291,-0.0105736597475105,-0.051695919617768));
#2905=CARTESIAN_POINT('',(0.0143939800089323,-0.0107090540863161,-0.0515031015553678));
#2906=CARTESIAN_POINT('',(0.0143649077031639,-0.0108396061313227,-0.0513074660856448));
#2907=CARTESIAN_POINT('',(0.0145157271381379,-0.00968598279215591,-0.0522339779171481));
#2908=CARTESIAN_POINT('',(0.0144835532702416,-0.00977664149743343,-0.0519506850970412));
#2909=CARTESIAN_POINT('',(0.014452091773572,-0.0098860417805095,-0.0517004113454004));
#2910=CARTESIAN_POINT('',(0.0143889574496336,-0.0101184308231791,-0.0512255869889377));
#2911=CARTESIAN_POINT('',(0.0143572906824462,-0.0102414187609711,-0.0510010277440765));
#2912=CARTESIAN_POINT('',(0.0143237920972956,-0.0103592558123231,-0.0507693963400505));
#2913=CARTESIAN_POINT('',(0.0145052716078358,-0.00948894339004024,-0.0520694259449147));
#2914=CARTESIAN_POINT('',(0.0144712882543879,-0.00957333593559356,-0.0517709470875592));
#2915=CARTESIAN_POINT('',(0.0144379895497821,-0.00967572281588163,-0.0515048924795265));
#2916=CARTESIAN_POINT('',(0.0143707889332188,-0.00989340040618267,-0.0509958436454779));
#2917=CARTESIAN_POINT('',(0.0143368941674853,-0.0100086905357377,-0.050752840011748));
#2918=CARTESIAN_POINT('',(0.0143006869638733,-0.0101188919958519,-0.0505007245964622));
#2919=CARTESIAN_POINT('',(0.014494448155567,-0.00929764494362124,-0.0519149674301321));
#2920=CARTESIAN_POINT('',(0.014458462800189,-0.00937529396467651,-0.0516002657636395));
#2921=CARTESIAN_POINT('',(0.014423027246304,-0.00946957143693294,-0.0513167036187102));
#2922=CARTESIAN_POINT('',(0.0143510081038956,-0.00967020508564348,-0.050769796782074));
#2923=CARTESIAN_POINT('',(0.0143144327984914,-0.00977656117519038,-0.0505064423631993));
#2924=CARTESIAN_POINT('',(0.0142750418678185,-0.00987836847508887,-0.0502324403046813));
#2925=CARTESIAN_POINT('',(0.0145955355996746,-0.0119004517817152,-0.0544204251970237));
#2926=CARTESIAN_POINT('',(0.0145861252941216,-0.0114102747272778,-0.0538662646639136));
#2927=CARTESIAN_POINT('',(0.0145564454934456,-0.0104913632677086,-0.0529224661784343));
#2928=CARTESIAN_POINT('',(0.0145160950601046,-0.00968024183645924,-0.0522238844596973));
#2929=CARTESIAN_POINT('',(0.014494448155567,-0.00929764494362124,-0.0519149674301321));
#2930=CARTESIAN_POINT('',(0.0145955355996746,-0.0119004517817152,-0.0544204251970237));
#2931=CARTESIAN_POINT('',(0.0144604684395603,-0.0127551604114808,-0.0534688893817926));
#2932=CARTESIAN_POINT('',(0.0144395218893563,-0.01179998881277,-0.0523849198308198));
#2933=CARTESIAN_POINT('',(0.0143776222520378,-0.0108404625581412,-0.0513055774718049));
#2934=CARTESIAN_POINT('',(0.0142750418678185,-0.00987836847508887,-0.0502324403046813));
#2935=CARTESIAN_POINT('',(0.0144604684395603,-0.0127551604114808,-0.0534688893817926));
#2936=CARTESIAN_POINT('',(0.0147249668043711,-0.0109334733492858,-0.0554969066673639));
#2937=CARTESIAN_POINT('',(0.0147038037707345,-0.0111039872533433,-0.0553070863877823));
#2938=CARTESIAN_POINT('',(0.0146823676084689,-0.0112698209820124,-0.0551224746300996));
#2939=CARTESIAN_POINT('',(0.0146391551618475,-0.0115921423667601,-0.0547636526446226));
#2940=CARTESIAN_POINT('',(0.0146173788774917,-0.0117486300228386,-0.0545894424168283));
#2941=CARTESIAN_POINT('',(0.0145736923218575,-0.0120522735405917,-0.0542514079772191));
#2942=CARTESIAN_POINT('',(0.0145513855454115,-0.0121994003948789,-0.0540876153240849));
#2943=CARTESIAN_POINT('',(0.0145062336178455,-0.0124842935271693,-0.0537704473270451));
#2944=CARTESIAN_POINT('',(0.0144833884667255,-0.0126220598051724,-0.0536170719831396));
#2945=CARTESIAN_POINT('',(0.0144604684395603,-0.0127551604114808,-0.0534688893817926));
#2946=CARTESIAN_POINT('',(0.0147358398305336,-0.00898783342369352,-0.0545092083734887));
#2947=CARTESIAN_POINT('',(0.0146491412755068,-0.00901534298266165,-0.053354292913729));
#2948=CARTESIAN_POINT('',(0.014566850731909,-0.00914141502409496,-0.0525481475444818));
#2949=CARTESIAN_POINT('',(0.014494448155567,-0.00929764494362124,-0.0519149674301321));
#2950=CARTESIAN_POINT('',(0.0147285840963825,-0.00833111856926871,-0.0541775952770391));
#2951=CARTESIAN_POINT('',(0.0146339515573546,-0.00834892773345045,-0.0529621391606534));
#2952=CARTESIAN_POINT('',(0.0145396690435624,-0.00843049315455321,-0.0520608747278007));
#2953=CARTESIAN_POINT('',(0.0144511543464918,-0.00853245115794524,-0.0512971333710017));
#2954=CARTESIAN_POINT('',(0.0147111837890695,-0.0076661285465593,-0.0538471194824437));
#2955=CARTESIAN_POINT('',(0.0146159669213125,-0.00766875468369765,-0.0526823707624461));
#2956=CARTESIAN_POINT('',(0.014513082000234,-0.00771720836210797,-0.0517123923340622));
#2957=CARTESIAN_POINT('',(0.014402894064937,-0.00777697487190095,-0.0507986247343142));
#2958=CARTESIAN_POINT('',(0.0146831698714019,-0.00699237543272877,-0.0535196747038266));
#2959=CARTESIAN_POINT('',(0.0145896635329322,-0.00699329672920813,-0.0524300060035781));
#2960=CARTESIAN_POINT('',(0.0144731553871155,-0.00699373406055513,-0.0513423030356576));
#2961=CARTESIAN_POINT('',(0.0143329822050739,-0.00699293613116831,-0.0502576505534194));
#2962=CARTESIAN_POINT('',(0.0147342884165858,-0.00898832568926205,-0.0544885419165652));
#2963=CARTESIAN_POINT('',(0.0147127430623247,-0.00899516205687337,-0.0542015352563689));
#2964=CARTESIAN_POINT('',(0.0146913833963593,-0.00900820632281715,-0.05393652193856));
#2965=CARTESIAN_POINT('',(0.0146494251259568,-0.00904450150525398,-0.0534446968873145));
#2966=CARTESIAN_POINT('',(0.0146288265318345,-0.00906775242174681,-0.0532178848933834));
#2967=CARTESIAN_POINT('',(0.0145685400763539,-0.00914950142786743,-0.0525860657589992));
#2968=CARTESIAN_POINT('',(0.0145304335109451,-0.00921999592256596,-0.0522296690966247));
#2969=CARTESIAN_POINT('',(0.014494448155567,-0.00929764494362124,-0.0519149674301321));
#2970=CARTESIAN_POINT('',(0.0147342884165858,-0.00898832568926205,-0.0544885419165652));
#2971=CARTESIAN_POINT('',(-0.0420290027078234,0.00744626491608422,-0.0881980001354346));
#2972=CARTESIAN_POINT('',(0.0146814966366212,-0.00699239191872681,-0.0535001757949981));
#2973=CARTESIAN_POINT('',(0.0143330309451568,-0.00699293613116831,-0.0502576442561995));
#2974=CARTESIAN_POINT('',(0.0144527555618603,-0.00699361783049781,-0.0511843051931151));
#2975=CARTESIAN_POINT('',(0.0145754454972749,-0.00699343642635064,-0.0522647818016928));
#2976=CARTESIAN_POINT('',(0.0146814466712668,-0.00699239191872681,-0.0535001800821873));
#2977=CARTESIAN_POINT('',(0.0147257292944415,-0.0109273298463766,-0.0555037457661827));
#2978=CARTESIAN_POINT('',(0.0146831490638116,-0.0112704054887947,-0.0551218255074132));
#2979=CARTESIAN_POINT('',(0.0146394844882479,-0.0115949849181916,-0.0547604894960889));
#2980=CARTESIAN_POINT('',(0.0145955355996746,-0.0119004517817152,-0.0544204251970237));
#2981=CARTESIAN_POINT('',(0.0147395757119465,-0.0102908491924123,-0.0551729527079437));
#2982=CARTESIAN_POINT('',(0.0146772734824719,-0.0104424070522184,-0.054306162761737));
#2983=CARTESIAN_POINT('',(0.0146225686734604,-0.0106706205234127,-0.0537175476810793));
#2984=CARTESIAN_POINT('',(0.0145767149885687,-0.0109200976728404,-0.0533121041308035));
#2985=CARTESIAN_POINT('',(0.0147430965782938,-0.00964454779926921,-0.0548408355532782));
#2986=CARTESIAN_POINT('',(0.014664331669398,-0.00968175791263999,-0.0537464560556979));
#2987=CARTESIAN_POINT('',(0.01459403266172,-0.00985233599066491,-0.0530354225172048));
#2988=CARTESIAN_POINT('',(0.0145377419646423,-0.0100628387292972,-0.0525328014892625));
#2989=CARTESIAN_POINT('',(0.0147358409462439,-0.00898783306967726,-0.054509223235917));
#2990=CARTESIAN_POINT('',(0.0146491420193136,-0.00901534274665081,-0.0533543028220145));
#2991=CARTESIAN_POINT('',(0.0145668510424882,-0.00914141435392874,-0.0525481502605808));
#2992=CARTESIAN_POINT('',(0.014494448155567,-0.00929764494362124,-0.0519149674301321));
#2993=CARTESIAN_POINT('',(-0.0384654988755166,0.00641142176949115,-0.0860833768344589));
#2994=CARTESIAN_POINT('',(0.0147249668043711,-0.0109334733492858,-0.0554969066673639));
#2995=CARTESIAN_POINT('',(0.0147249668043711,-0.0109334733492858,-0.0554969066673639));
#2996=CARTESIAN_POINT('',(0.0147038037707345,-0.0111039872533433,-0.0553070863877823));
#2997=CARTESIAN_POINT('',(0.0146823676084689,-0.0112698209820124,-0.0551224746300996));
#2998=CARTESIAN_POINT('',(0.0146391551618475,-0.0115921423667601,-0.0547636526446226));
#2999=CARTESIAN_POINT('',(0.0146173788774917,-0.0117486300228386,-0.0545894424168283));
#3000=CARTESIAN_POINT('',(0.0145736923218575,-0.0120522735405917,-0.0542514079772191));
#3001=CARTESIAN_POINT('',(0.0145513855454115,-0.0121994003948789,-0.0540876153240849));
#3002=CARTESIAN_POINT('',(0.0145062336178455,-0.0124842935271693,-0.0537704473270451));
#3003=CARTESIAN_POINT('',(0.0144833884667255,-0.0126220598051724,-0.0536170719831396));
#3004=CARTESIAN_POINT('',(0.0144604684395603,-0.0127551604114808,-0.0534688893817926));
#3005=CARTESIAN_POINT('',(0.0147249668043711,-0.0109334733492858,-0.0554969066673639));
#3006=CARTESIAN_POINT('',(0.0147321750079524,-0.0110081939445938,-0.0556766857288284));
#3007=CARTESIAN_POINT('',(0.0147386012437501,-0.0110828884577724,-0.0558574921604667));
#3008=CARTESIAN_POINT('',(0.0147498583827746,-0.0112322103238133,-0.0562211655712281));
#3009=CARTESIAN_POINT('',(0.0147546892860015,-0.0113068376766757,-0.0564040325503513));
#3010=CARTESIAN_POINT('',(0.0147627243628809,-0.0114560102260267,-0.05677183286322));
#3011=CARTESIAN_POINT('',(0.0147659285365334,-0.0115305554225153,-0.0569567661969654));
#3012=CARTESIAN_POINT('',(0.0147706787572605,-0.0116795486630613,-0.0573287050262161));
#3013=CARTESIAN_POINT('',(0.0147722248043351,-0.0117539967071187,-0.0575157105217213));
#3014=CARTESIAN_POINT('',(0.0147736273749028,-0.0119027806467449,-0.0578917994816287));
#3015=CARTESIAN_POINT('',(0.0147735887141092,-0.0119771670174911,-0.0580808646072719));
#3016=CARTESIAN_POINT('',(0.014771984285586,-0.0121259057005243,-0.0584610440968692));
#3017=CARTESIAN_POINT('',(0.0147704185178562,-0.0122002580128112,-0.0586521584608234));
#3018=CARTESIAN_POINT('',(0.0147657126606791,-0.0123489057186001,-0.0590364443739743));
#3019=CARTESIAN_POINT('',(0.0147625725712317,-0.0124232011121021,-0.0592296159231712));
#3020=CARTESIAN_POINT('',(0.0147546708558376,-0.0125717121199953,-0.0596180241537396));
#3021=CARTESIAN_POINT('',(0.0147499092298911,-0.0126459277343867,-0.0598132608351111));
#3022=CARTESIAN_POINT('',(0.0147443132283042,-0.0127200920290598,-0.0600095340560359));
#3023=CARTESIAN_POINT('',(0.0147038037707345,-0.0111039872533433,-0.0553070863877823));
#3024=CARTESIAN_POINT('',(0.0147100263999982,-0.0112324835157964,-0.0555137396483226));
#3025=CARTESIAN_POINT('',(0.0147153690037769,-0.0113537796176883,-0.0557187415194538));
#3026=CARTESIAN_POINT('',(0.0147243864432011,-0.0115832022668801,-0.0561249112468646));
#3027=CARTESIAN_POINT('',(0.0147280612788466,-0.0116913288141799,-0.0563260791031442));
#3028=CARTESIAN_POINT('',(0.0147338354648421,-0.0118956431207176,-0.0567240495648187));
#3029=CARTESIAN_POINT('',(0.0147359348099109,-0.0119918308516707,-0.0569208520876375));
#3030=CARTESIAN_POINT('',(0.0147386664701656,-0.0121734991424287,-0.057309559472272));
#3031=CARTESIAN_POINT('',(0.0147392987853516,-0.0122589797022335,-0.0575014643340879));
#3032=CARTESIAN_POINT('',(0.0147392048518162,-0.0124204653241775,-0.0578798441517509));
#3033=CARTESIAN_POINT('',(0.0147385993118402,-0.012498071687251,-0.0580702180275816));
#3034=CARTESIAN_POINT('',(0.0147361602881346,-0.0126482264669222,-0.0584530616328098));
#3035=CARTESIAN_POINT('',(0.0147343268044051,-0.0127207748835199,-0.0586455313622074));
#3036=CARTESIAN_POINT('',(0.0147293210958556,-0.0128620287195608,-0.0590322945941379));
#3037=CARTESIAN_POINT('',(0.0147261488710357,-0.012930734139004,-0.0592265880966709));
#3038=CARTESIAN_POINT('',(0.0147183548829686,-0.0130655169300571,-0.059616726794441));
#3039=CARTESIAN_POINT('',(0.0147137331197214,-0.0131315943016669,-0.059812571989678));
#3040=CARTESIAN_POINT('',(0.0147083311885921,-0.0131969651240208,-0.0600090569910513));
#3041=CARTESIAN_POINT('',(0.0146823676084689,-0.0112698209820124,-0.0551224746300996));
#3042=CARTESIAN_POINT('',(0.0146878396905266,-0.011437430361053,-0.0553493918441864));
#3043=CARTESIAN_POINT('',(0.0146922572092027,-0.0115928398558164,-0.0555726156173136));
#3044=CARTESIAN_POINT('',(0.0146992578507075,-0.0118816427307997,-0.0560111061438108));
#3045=CARTESIAN_POINT('',(0.0147018409869713,-0.0120150361609132,-0.0562263729514627));
#3046=CARTESIAN_POINT('',(0.0147054172745277,-0.0122621916647375,-0.0566483858388091));
#3047=CARTESIAN_POINT('',(0.0147064104234489,-0.0123759537456685,-0.0568551318498795));
#3048=CARTESIAN_POINT('',(0.0147070447571732,-0.0125862319795432,-0.0572595421788431));
#3049=CARTESIAN_POINT('',(0.0147066859405084,-0.0126827481814848,-0.0574572065526892));
#3050=CARTESIAN_POINT('',(0.0147048236702076,-0.0128609181936499,-0.0578428958910606));
#3051=CARTESIAN_POINT('',(0.0147034423123379,-0.0129449456113277,-0.0580367796073603));
#3052=CARTESIAN_POINT('',(0.0146996359271572,-0.0131052447734052,-0.0584264578010255));
#3053=CARTESIAN_POINT('',(0.0146972108839076,-0.0131815165636736,-0.0586222523334965));
#3054=CARTESIAN_POINT('',(0.0146911436951835,-0.0133286592303808,-0.0590155845926094));
#3055=CARTESIAN_POINT('',(0.0146875015251906,-0.0133995301487609,-0.0592131223711337));
#3056=CARTESIAN_POINT('',(0.0146787971171813,-0.0135382189941219,-0.0596097707459314));
#3057=CARTESIAN_POINT('',(0.0146737348498432,-0.0136060369618425,-0.0598088813940929));
#3058=CARTESIAN_POINT('',(0.0146678466767516,-0.0136734986704885,-0.0600086914768387));
#3059=CARTESIAN_POINT('',(0.0146391551618475,-0.0115921423667601,-0.0547636526446226));
#3060=CARTESIAN_POINT('',(0.0146437501842237,-0.011814569281745,-0.0550217216989743));
#3061=CARTESIAN_POINT('',(0.0146468757542159,-0.0120188278267943,-0.0552730240652312));
#3062=CARTESIAN_POINT('',(0.0146507991794197,-0.0123950842700047,-0.0557620044663869));
#3063=CARTESIAN_POINT('',(0.0146515970817668,-0.0125670823428256,-0.0559996826912659));
#3064=CARTESIAN_POINT('',(0.014651370370397,-0.0128828978566137,-0.0564613463673516));
#3065=CARTESIAN_POINT('',(0.0146503457660708,-0.0130267154183004,-0.0566853318569672));
#3066=CARTESIAN_POINT('',(0.0146469024200784,-0.0132902494004175,-0.0571195551063236));
#3067=CARTESIAN_POINT('',(0.0146444836733847,-0.0134099659923759,-0.0573297930618936));
#3068=CARTESIAN_POINT('',(0.0146385730860467,-0.0136293707666505,-0.0577364771099005));
#3069=CARTESIAN_POINT('',(0.0146351896271479,-0.0137320047732023,-0.0579402545054767));
#3070=CARTESIAN_POINT('',(0.0146273872760206,-0.0139271745813256,-0.0583491260706207));
#3071=CARTESIAN_POINT('',(0.0146229683281121,-0.0140197105434813,-0.0585542204330604));
#3072=CARTESIAN_POINT('',(0.0146128102813572,-0.0141987062645352,-0.0589661711530269));
#3073=CARTESIAN_POINT('',(0.0146070710956443,-0.0142851661694176,-0.0591730276911813));
#3074=CARTESIAN_POINT('',(0.01459388464979,-0.014456007570552,-0.0595889377442232));
#3075=CARTESIAN_POINT('',(0.0145864372871228,-0.0145403892094379,-0.0597979914407196));
#3076=CARTESIAN_POINT('',(0.0145778916354789,-0.0146257175293953,-0.0600083548684278));
#3077=CARTESIAN_POINT('',(0.0146173788774917,-0.0117486300228386,-0.0545894424168283));
#3078=CARTESIAN_POINT('',(0.0146218473816057,-0.0119867614065343,-0.0548583993049914));
#3079=CARTESIAN_POINT('',(0.0146246060761016,-0.0122057558862915,-0.0551195583226951));
#3080=CARTESIAN_POINT('',(0.014627469051951,-0.012610086506816,-0.0556267077415335));
#3081=CARTESIAN_POINT('',(0.0146275734007054,-0.0127954228971158,-0.055872698414065));
#3082=CARTESIAN_POINT('',(0.0146257415487018,-0.0131370584434554,-0.0563499704333398));
#3083=CARTESIAN_POINT('',(0.0146238053661872,-0.0132933577982092,-0.0565812519115736));
#3084=CARTESIAN_POINT('',(0.0146183816279132,-0.0135815388391475,-0.0570295851452132));
#3085=CARTESIAN_POINT('',(0.0146148940650349,-0.0137134207703919,-0.0572466371803715));
#3086=CARTESIAN_POINT('',(0.0146067034696071,-0.0139573768528965,-0.0576670064437087));
#3087=CARTESIAN_POINT('',(0.0146020937177612,-0.0140721967386536,-0.0578771676946005));
#3088=CARTESIAN_POINT('',(0.0145916627558466,-0.0142920930782294,-0.0582983980774591));
#3089=CARTESIAN_POINT('',(0.0145858414662952,-0.0143971697614791,-0.0585094674849589));
#3090=CARTESIAN_POINT('',(0.0145726540670958,-0.014602128954323,-0.0589334676716255));
#3091=CARTESIAN_POINT('',(0.0145652878327519,-0.0147020116720029,-0.059146398708283));
#3092=CARTESIAN_POINT('',(0.0145485298363595,-0.0149010974518337,-0.059575060784013));
#3093=CARTESIAN_POINT('',(0.0145391379279029,-0.0150003007177736,-0.0597907920825269));
#3094=CARTESIAN_POINT('',(0.0145284210994408,-0.0151014028403392,-0.060008383773825));
#3095=CARTESIAN_POINT('',(0.0145736923218575,-0.0120522735405917,-0.0542514079772191));
#3096=CARTESIAN_POINT('',(0.0145786341906981,-0.0123043187533951,-0.0545366121528301));
#3097=CARTESIAN_POINT('',(0.0145813436358074,-0.0125390029257843,-0.0548127035589245));
#3098=CARTESIAN_POINT('',(0.0145832488213606,-0.0129783029595135,-0.0553482421184432));
#3099=CARTESIAN_POINT('',(0.0145824446565277,-0.0131829191703027,-0.0556076896518016));
#3100=CARTESIAN_POINT('',(0.0145780622979206,-0.0135667451250995,-0.0561115668143954));
#3101=CARTESIAN_POINT('',(0.0145744841355994,-0.0137459551812107,-0.0563559967264863));
#3102=CARTESIAN_POINT('',(0.0145650998964432,-0.0140836274946753,-0.0568314945951104));
#3103=CARTESIAN_POINT('',(0.0145592938099953,-0.0142420900952245,-0.0570625629432775));
#3104=CARTESIAN_POINT('',(0.0145457856530815,-0.0145429127239934,-0.0575130148998947));
#3105=CARTESIAN_POINT('',(0.0145381426971311,-0.0146872305531886,-0.0577372885996735));
#3106=CARTESIAN_POINT('',(0.0145209375383977,-0.0149682876361745,-0.058185941811186));
#3107=CARTESIAN_POINT('',(0.0145113752246742,-0.0151050272113092,-0.0584103217086751));
#3108=CARTESIAN_POINT('',(0.0144899790930465,-0.0153755032715067,-0.0588611960983731));
#3109=CARTESIAN_POINT('',(0.0144781450972023,-0.0155092400452967,-0.0590876909479963));
#3110=CARTESIAN_POINT('',(0.0144516475709045,-0.0157782364638102,-0.0595447819214127));
#3111=CARTESIAN_POINT('',(0.0144369838357999,-0.0159134963939841,-0.0597753784084253));
#3112=CARTESIAN_POINT('',(0.014420526021869,-0.0160517548128313,-0.0600090063894893));
#3113=CARTESIAN_POINT('',(0.0145513855454115,-0.0121994003948789,-0.0540876153240849));
#3114=CARTESIAN_POINT('',(0.0145564700796887,-0.0124528177772847,-0.0543746579167265));
#3115=CARTESIAN_POINT('',(0.0145591603946149,-0.0126908285040987,-0.05465318378919));
#3116=CARTESIAN_POINT('',(0.0145606897163493,-0.0131404854508281,-0.0551950896119967));
#3117=CARTESIAN_POINT('',(0.0145595288249371,-0.0133521320452366,-0.0554584699693951));
#3118=CARTESIAN_POINT('',(0.0145540666240878,-0.0137535183307829,-0.0559720205846682));
#3119=CARTESIAN_POINT('',(0.0145497653504604,-0.0139432583694192,-0.0562221911836822));
#3120=CARTESIAN_POINT('',(0.0145385187074123,-0.0143052853482022,-0.0567112901665731));
#3121=CARTESIAN_POINT('',(0.0145315733279766,-0.0144775726561488,-0.0569502189700419));
#3122=CARTESIAN_POINT('',(0.0145153056377341,-0.0148091336903706,-0.0574188249779471));
#3123=CARTESIAN_POINT('',(0.0145060233762968,-0.0149697773738384,-0.0576519256227544));
#3124=CARTESIAN_POINT('',(0.0144850191013347,-0.0152851967710411,-0.0581179498270743));
#3125=CARTESIAN_POINT('',(0.0144732969692147,-0.0154399728291859,-0.058350873799904));
#3126=CARTESIAN_POINT('',(0.0144470445115188,-0.015748027541082,-0.0588187706150886));
#3127=CARTESIAN_POINT('',(0.0144325139925883,-0.0159013065021005,-0.0590537438379181));
#3128=CARTESIAN_POINT('',(0.0144000562593282,-0.0162106838096466,-0.059527940381532));
#3129=CARTESIAN_POINT('',(0.0143821288259869,-0.0163667824621311,-0.0597671640914808));
#3130=CARTESIAN_POINT('',(0.0143621015160413,-0.0165264214851483,-0.0600096000987211));
#3131=CARTESIAN_POINT('',(0.0145062336178455,-0.0124842935271693,-0.0537704473270451));
#3132=CARTESIAN_POINT('',(0.014511475339146,-0.0127340307722576,-0.0540537444788195));
#3133=CARTESIAN_POINT('',(0.0145141545196419,-0.0129743680261279,-0.0543316357253375));
#3134=CARTESIAN_POINT('',(0.0145150433488731,-0.0134393033574608,-0.0548782475134997));
#3135=CARTESIAN_POINT('',(0.0145132530802529,-0.013663901734867,-0.0551469683807166));
#3136=CARTESIAN_POINT('',(0.014505678960476,-0.0141004277808154,-0.0556769192578917));
#3137=CARTESIAN_POINT('',(0.0144998951389082,-0.0143123557399567,-0.0559381495768319));
#3138=CARTESIAN_POINT('',(0.0144846323078538,-0.0147266059913574,-0.0564548245528088));
#3139=CARTESIAN_POINT('',(0.014475153291549,-0.0149289285782346,-0.0567102695454525));
#3140=CARTESIAN_POINT('',(0.0144526165201248,-0.0153270222593082,-0.0572170972677702));
#3141=CARTESIAN_POINT('',(0.0144395692439381,-0.0155231845113024,-0.0574694585070539));
#3142=CARTESIAN_POINT('',(0.0144098002636766,-0.0159127734356501,-0.0579738731429878));
#3143=CARTESIAN_POINT('',(0.0143930784658577,-0.0161062003840058,-0.0582259268703232));
#3144=CARTESIAN_POINT('',(0.0143556646305914,-0.016493324730841,-0.058731522630719));
#3145=CARTESIAN_POINT('',(0.0143349724271013,-0.0166870223663847,-0.0589850649577883));
#3146=CARTESIAN_POINT('',(0.0142891476447384,-0.0170776480996471,-0.0594954098989747));
#3147=CARTESIAN_POINT('',(0.0142640148917379,-0.0172745764426245,-0.0597522128244272));
#3148=CARTESIAN_POINT('',(0.0142363418268863,-0.0174745781096827,-0.0600115212269755));
#3149=CARTESIAN_POINT('',(0.0144833884667255,-0.0126220598051724,-0.0536170719831396));
#3150=CARTESIAN_POINT('',(0.0144886447096127,-0.0128667447433408,-0.0538947852770161));
#3151=CARTESIAN_POINT('',(0.0144913318155131,-0.0131060821970133,-0.0541696074311975));
#3152=CARTESIAN_POINT('',(0.014491955786984,-0.0135759397381293,-0.0547145579213505));
#3153=CARTESIAN_POINT('',(0.0144898927090074,-0.0138064600259233,-0.0549846864742912));
#3154=CARTESIAN_POINT('',(0.0144812861590274,-0.0142605666368796,-0.0555213641605575));
#3155=CARTESIAN_POINT('',(0.0144747427060355,-0.0144841531583469,-0.0557879135124243));
#3156=CARTESIAN_POINT('',(0.0144573257175413,-0.0149262732085733,-0.0563185633670562));
#3157=CARTESIAN_POINT('',(0.0144464521788201,-0.0151448069341643,-0.0565826640934853));
#3158=CARTESIAN_POINT('',(0.0144204055710446,-0.0155786957633303,-0.0571095594787523));
#3159=CARTESIAN_POINT('',(0.0144052324756318,-0.015794051069091,-0.0573723543673963));
#3160=CARTESIAN_POINT('',(0.0143704978072618,-0.0162234474872228,-0.0578977884419723));
#3161=CARTESIAN_POINT('',(0.0143509361730662,-0.016437488784122,-0.0581604278483963));
#3162=CARTESIAN_POINT('',(0.0143072174813552,-0.0168661034282117,-0.0586867001283853));
#3163=CARTESIAN_POINT('',(0.0142830603005232,-0.0170806769237228,-0.0589503331864331));
#3164=CARTESIAN_POINT('',(0.0142298292698065,-0.0175121681998366,-0.0594797209549179));
#3165=CARTESIAN_POINT('',(0.0142007553050382,-0.0177290861444928,-0.0597454758729159));
#3166=CARTESIAN_POINT('',(0.0141690065298704,-0.0179480680300807,-0.0600128486445959));
#3167=CARTESIAN_POINT('',(0.0144604684395603,-0.0127551604114808,-0.0534688893817926));
#3168=CARTESIAN_POINT('',(0.0144657050771113,-0.0129939533111584,-0.0537398817695357));
#3169=CARTESIAN_POINT('',(0.0144683848034569,-0.013232474832269,-0.054011162982709));
#3170=CARTESIAN_POINT('',(0.0144686321132956,-0.0137089213762249,-0.0545542508583357));
#3171=CARTESIAN_POINT('',(0.0144661997004059,-0.0139468464001053,-0.0548260575205775));
#3172=CARTESIAN_POINT('',(0.0144562285350895,-0.0144220480515561,-0.0553701443845746));
#3173=CARTESIAN_POINT('',(0.0144486897784102,-0.0146593246787482,-0.0556424245831049));
#3174=CARTESIAN_POINT('',(0.0144285158098431,-0.0151331776274838,-0.056187404150565));
#3175=CARTESIAN_POINT('',(0.0144158806014929,-0.0153697539501472,-0.0564601035192977));
#3176=CARTESIAN_POINT('',(0.0143855277190604,-0.0158421561228438,-0.0570058673321908));
#3177=CARTESIAN_POINT('',(0.0143678100552358,-0.0160779819846433,-0.0572789317827737));
#3178=CARTESIAN_POINT('',(0.0143273099625844,-0.016548837271027,-0.0578253740299054));
#3179=CARTESIAN_POINT('',(0.0143045275371117,-0.0167838666970159,-0.0580987518265479));
#3180=CARTESIAN_POINT('',(0.014253919313167,-0.0172530847180046,-0.0586457692895135));
#3181=CARTESIAN_POINT('',(0.0142260934810383,-0.0174872732870789,-0.0589194089251085));
#3182=CARTESIAN_POINT('',(0.0141654249452549,-0.0179547563193861,-0.059466885594366));
#3183=CARTESIAN_POINT('',(0.0141325822448045,-0.0181880507840794,-0.0597407226280397));
#3184=CARTESIAN_POINT('',(0.0140972466291464,-0.0184208723308888,-0.0600146262305139));
#3185=CARTESIAN_POINT('',(0.0144604684395603,-0.0127551604114808,-0.0534688893817926));
#3186=CARTESIAN_POINT('',(0.0145023615399683,-0.0146655036089022,-0.0556368284837373));
#3187=CARTESIAN_POINT('',(0.0143799315544112,-0.0165582999564143,-0.0578233974107203));
#3188=CARTESIAN_POINT('',(0.0140972466291464,-0.0184208723308888,-0.0600146262305139));
#3189=CARTESIAN_POINT('',(0.0147442833000561,-0.0127200897706781,-0.0600095340560359));
#3190=CARTESIAN_POINT('',(0.0145714975732908,-0.015009859395035,-0.060007243364039));
#3191=CARTESIAN_POINT('',(0.0143268458562977,-0.0169086555439057,-0.0600089407555316));
#3192=CARTESIAN_POINT('',(0.0140971299340334,-0.0184208546039068,-0.0600146262305139));
#3193=CARTESIAN_POINT('',(0.0147443132283042,-0.0127200920290598,-0.0600095340560359));
#3194=CARTESIAN_POINT('',(0.0147249668043711,-0.0109334733492858,-0.0554969066673639));
#3195=CARTESIAN_POINT('',(0.0147321750079524,-0.0110081939445938,-0.0556766857288284));
#3196=CARTESIAN_POINT('',(0.0147386012437501,-0.0110828884577724,-0.0558574921604667));
#3197=CARTESIAN_POINT('',(0.0147498583827746,-0.0112322103238133,-0.0562211655712281));
#3198=CARTESIAN_POINT('',(0.0147546892860015,-0.0113068376766757,-0.0564040325503513));
#3199=CARTESIAN_POINT('',(0.0147627243628809,-0.0114560102260267,-0.05677183286322));
#3200=CARTESIAN_POINT('',(0.0147659285365334,-0.0115305554225153,-0.0569567661969654));
#3201=CARTESIAN_POINT('',(0.0147706787572605,-0.0116795486630613,-0.0573287050262161));
#3202=CARTESIAN_POINT('',(0.0147722248043351,-0.0117539967071187,-0.0575157105217213));
#3203=CARTESIAN_POINT('',(0.0147736273749028,-0.0119027806467449,-0.0578917994816287));
#3204=CARTESIAN_POINT('',(0.0147735887141092,-0.0119771670174911,-0.0580808646072719));
#3205=CARTESIAN_POINT('',(0.014771984285586,-0.0121259057005243,-0.0584610440968692));
#3206=CARTESIAN_POINT('',(0.0147704185178562,-0.0122002580128112,-0.0586521584608234));
#3207=CARTESIAN_POINT('',(0.0147657126606791,-0.0123489057186001,-0.0590364443739743));
#3208=CARTESIAN_POINT('',(0.0147625725712317,-0.0124232011121021,-0.0592296159231712));
#3209=CARTESIAN_POINT('',(0.0147546708558376,-0.0125717121199953,-0.0596180241537396));
#3210=CARTESIAN_POINT('',(0.0147499092298911,-0.0126459277343867,-0.0598132608351111));
#3211=CARTESIAN_POINT('',(0.0147443132283042,-0.0127200920290598,-0.0600095340560359));
#3212=CARTESIAN_POINT('',(0.0140992704697958,-0.0184075225846497,-0.0600369402706572));
#3213=CARTESIAN_POINT('',(0.0139895152516889,-0.0191298237796879,-0.0588291524971618));
#3214=CARTESIAN_POINT('',(0.0138860343680993,-0.0198739001991897,-0.0576525168097427));
#3215=CARTESIAN_POINT('',(0.0137904985985361,-0.0206398621518468,-0.0565354406573921));
#3216=CARTESIAN_POINT('',(0.0149574092810351,-0.0127594138153391,-0.0534584887142054));
#3217=CARTESIAN_POINT('',(0.0147496034894152,-0.0137979600315962,-0.0523891321211029));
#3218=CARTESIAN_POINT('',(0.0145536002047305,-0.0148691836109916,-0.0513468486930817));
#3219=CARTESIAN_POINT('',(0.0143725999376251,-0.0159731177004967,-0.0503569921289416));
#3220=CARTESIAN_POINT('',(0.0138489495876499,-0.00696175717073266,-0.0470498475148397));
#3221=CARTESIAN_POINT('',(0.0136852939183462,-0.00833608544334228,-0.0461031070092627));
#3222=CARTESIAN_POINT('',(0.0135310270593641,-0.00975160013361552,-0.0451809716618049));
#3223=CARTESIAN_POINT('',(0.0133886263079378,-0.0112084831875611,-0.0443056520584446));
#3224=CARTESIAN_POINT('',(0.0133911924921135,-0.0111827302105737,-0.0443214233436708));
#3225=CARTESIAN_POINT('',(0.0134568365167437,-0.0112183864728727,-0.044724932994362));
#3226=CARTESIAN_POINT('',(0.0135787224066428,-0.0113092160934647,-0.0455020113463439));
#3227=CARTESIAN_POINT('',(0.0137340407078141,-0.0114904747382979,-0.0465703498236796));
#3228=CARTESIAN_POINT('',(0.0138422578173665,-0.0116710771043629,-0.0473802702880279));
#3229=CARTESIAN_POINT('',(0.0139065696758375,-0.0118057669562586,-0.0478938041732503));
#3230=CARTESIAN_POINT('',(0.01394172198707,-0.0118888278357534,-0.0481852912908636));
#3231=CARTESIAN_POINT('',(0.0139629746642944,-0.0119420629352045,-0.0483649026074467));
#3232=CARTESIAN_POINT('',(0.0139969712119802,-0.0120352596659693,-0.0486612326469929));
#3233=CARTESIAN_POINT('',(0.0140352120139187,-0.0121522119534581,-0.0490084385068788));
#3234=CARTESIAN_POINT('',(0.0140989778906907,-0.0123757847367617,-0.0496203253590933));
#3235=CARTESIAN_POINT('',(0.0141733815439584,-0.0127276873375596,-0.0504404698772171));
#3236=CARTESIAN_POINT('',(0.0142280948162762,-0.0131172985343158,-0.0511974749256613));
#3237=CARTESIAN_POINT('',(0.0142607005009412,-0.0134551234810978,-0.0517721964775026));
#3238=CARTESIAN_POINT('',(0.0142788143035851,-0.0137003184527318,-0.0521584157405401));
#3239=CARTESIAN_POINT('',(0.0142948593049937,-0.0140201540735468,-0.0526195175681421));
#3240=CARTESIAN_POINT('',(0.0143063006454408,-0.0144476212311725,-0.0531802173653288));
#3241=CARTESIAN_POINT('',(0.0143050237794582,-0.0152592448768141,-0.0541178171619831));
#3242=CARTESIAN_POINT('',(0.0142203716620499,-0.0170379158662504,-0.0557185187454515));
#3243=CARTESIAN_POINT('',(0.0140168273108696,-0.018890798505942,-0.0567060420444637));
#3244=CARTESIAN_POINT('',(0.0138465811034552,-0.0201996494297683,-0.0571874245553411));
#3245=CARTESIAN_POINT('',(-0.0610741890378328,-0.00771720000000031,-0.0600002590028526));
#3246=CARTESIAN_POINT('',(0.0146814466712668,-0.00699239191872681,-0.0535001800821873));
#3247=CARTESIAN_POINT('',(0.0146833259322989,-0.00699237340098402,-0.0535220820645919));
#3248=CARTESIAN_POINT('',(0.0146978892531454,-0.00699219969718539,-0.05369027638461));
#3249=CARTESIAN_POINT('',(0.0147400507801384,-0.00699164054059412,-0.0542120841055214));
#3250=CARTESIAN_POINT('',(0.0147834261316777,-0.0069909886401239,-0.0548162327957537));
#3251=CARTESIAN_POINT('',(0.0148190911491596,-0.00699039582490121,-0.0553642646550518));
#3252=CARTESIAN_POINT('',(0.0148495491537017,-0.00698982066724376,-0.0558951878954542));
#3253=CARTESIAN_POINT('',(0.0148706188961932,-0.00698936475393544,-0.0563156104714256));
#3254=CARTESIAN_POINT('',(0.014881828802123,-0.00698910459807306,-0.0565555595058578));
#3255=CARTESIAN_POINT('',(0.0148914361056339,-0.00698886593553281,-0.0567752834493764));
#3256=CARTESIAN_POINT('',(0.014895408550982,-0.00698876282123705,-0.0568713261939264));
#3257=CARTESIAN_POINT('',(0.0149022545372883,-0.00698858503387289,-0.0570403730551119));
#3258=CARTESIAN_POINT('',(0.0149125203226472,-0.0069883097819661,-0.0573118335227715));
#3259=CARTESIAN_POINT('',(0.0149253641966671,-0.00698794688980253,-0.0576972267302002));
#3260=CARTESIAN_POINT('',(0.0149373082402848,-0.00698758258108571,-0.0581347254212469));
#3261=CARTESIAN_POINT('',(0.0149494117009912,-0.00698718367689115,-0.0586922184614539));
#3262=CARTESIAN_POINT('',(0.0149580807645402,-0.00698685158084685,-0.0593371315912977));
#3263=CARTESIAN_POINT('',(0.0149598401535825,-0.00698676274949894,-0.0597983046329085));
#3264=CARTESIAN_POINT('',(0.0149597977479185,-0.00698676261111281,-0.0600151294056044));
#3265=CARTESIAN_POINT('',(0.0147249668043711,-0.0109334733492858,-0.0554969066673639));
#3266=CARTESIAN_POINT('',(0.014731713430845,-0.0106135182546122,-0.0553271688240165));
#3267=CARTESIAN_POINT('',(0.0147358932608004,-0.0102914534487679,-0.0551582517442945));
#3268=CARTESIAN_POINT('',(0.0147390301805724,-0.00964307927525431,-0.0548221123985466));
#3269=CARTESIAN_POINT('',(0.0147379872703891,-0.00931676990758514,-0.0546548901325206));
#3270=CARTESIAN_POINT('',(0.0147305895627825,-0.00865988147093896,-0.0543221937006098));
#3271=CARTESIAN_POINT('',(0.0147243874450075,-0.00832934393351497,-0.0541566274879081));
#3272=CARTESIAN_POINT('',(0.0147068368091429,-0.00766404506261872,-0.0538271438527924));
#3273=CARTESIAN_POINT('',(0.0146954882910534,-0.00732928372914645,-0.0536632264303783));
#3274=CARTESIAN_POINT('',(0.0146814966366212,-0.00699239191872681,-0.0535001757949981));
#3275=CARTESIAN_POINT('',(0.0147393832115337,-0.0110829145399018,-0.0558564647902929));
#3276=CARTESIAN_POINT('',(0.0147549902029802,-0.0107053118254449,-0.0557500853817853));
#3277=CARTESIAN_POINT('',(0.0147653527766467,-0.0103412630328362,-0.0556272595764411));
#3278=CARTESIAN_POINT('',(0.0147774108320706,-0.00963895001506309,-0.0553591460087158));
#3279=CARTESIAN_POINT('',(0.0147791063138281,-0.00930068578989863,-0.0552138582463347));
#3280=CARTESIAN_POINT('',(0.0147756519290853,-0.00864861863076193,-0.0549112516011719));
#3281=CARTESIAN_POINT('',(0.0147705082500795,-0.00832117315397053,-0.0547469072926443));
#3282=CARTESIAN_POINT('',(0.0147538761202434,-0.00766106491891912,-0.0544030159962152));
#3283=CARTESIAN_POINT('',(0.0147423876694131,-0.00732840216065909,-0.0542234690083136));
#3284=CARTESIAN_POINT('',(0.0147279709333925,-0.00699193401815346,-0.0540417603269842));
#3285=CARTESIAN_POINT('',(0.0147506717475618,-0.0112322514020002,-0.056220132393917));
#3286=CARTESIAN_POINT('',(0.01477227858733,-0.0108131559342589,-0.0561606076249143));
#3287=CARTESIAN_POINT('',(0.014786828203262,-0.0104185593886472,-0.056072127288446));
#3288=CARTESIAN_POINT('',(0.0148052537748885,-0.00967414475405504,-0.0558557271030187));
#3289=CARTESIAN_POINT('',(0.0148091298115962,-0.00932432598340906,-0.0557278072540679));
#3290=CARTESIAN_POINT('',(0.0148094338531153,-0.00866521769682135,-0.0554509996845373));
#3291=CARTESIAN_POINT('',(0.0148057852497596,-0.00833544032120477,-0.0552916256017128));
#3292=CARTESIAN_POINT('',(0.0147919240842391,-0.00766958391465437,-0.054950063503159));
#3293=CARTESIAN_POINT('',(0.0147817114179768,-0.00733350421263331,-0.0547678754874881));
#3294=CARTESIAN_POINT('',(0.0147686279138644,-0.00699135272481087,-0.054583843884173));
#3295=CARTESIAN_POINT('',(0.0147667419013206,-0.0115305965007021,-0.0569557330196543));
#3296=CARTESIAN_POINT('',(0.0147966341576652,-0.0110509867854682,-0.0569570952056704));
#3297=CARTESIAN_POINT('',(0.0148173159512462,-0.0106107525653184,-0.0569163596108464));
#3298=CARTESIAN_POINT('',(0.0148458902068421,-0.00979784302058044,-0.0567779109554875));
#3299=CARTESIAN_POINT('',(0.0148537829522407,-0.00942516531017597,-0.0566801978949854));
#3300=CARTESIAN_POINT('',(0.0148616580467365,-0.00873607242543085,-0.0564550124779262));
#3301=CARTESIAN_POINT('',(0.0148614802090995,-0.00839402836631621,-0.0563144710009229));
#3302=CARTESIAN_POINT('',(0.0148545718219716,-0.0077016291750286,-0.0560055143230197));
#3303=CARTESIAN_POINT('',(0.0148478409045498,-0.00735127169449727,-0.0558370991223538));
#3304=CARTESIAN_POINT('',(0.0148382965936056,-0.00699012458157982,-0.0556687591550706));
#3305=CARTESIAN_POINT('',(0.0147715235190512,-0.0116796047373057,-0.0573276660417675));
#3306=CARTESIAN_POINT('',(0.0148037013205899,-0.0111809734146097,-0.0573430602130876));
#3307=CARTESIAN_POINT('',(0.0148263283679201,-0.0107256492162843,-0.057315724687592));
#3308=CARTESIAN_POINT('',(0.0148586841071483,-0.00988634633570853,-0.0572035164603153));
#3309=CARTESIAN_POINT('',(0.0148684132037879,-0.00950236424515661,-0.0571186437585834));
#3310=CARTESIAN_POINT('',(0.0148801011954146,-0.00879032794627757,-0.05691928350671));
#3311=CARTESIAN_POINT('',(0.0148818991207627,-0.00843834914493302,-0.0567926050144197));
#3312=CARTESIAN_POINT('',(0.0148791723652426,-0.00772515541115001,-0.0565139233229767));
#3313=CARTESIAN_POINT('',(0.0148746471567075,-0.00736393712416929,-0.056361920124175));
#3314=CARTESIAN_POINT('',(0.014867308285628,-0.00698947773147363,-0.0562115908680724));
#3315=CARTESIAN_POINT('',(0.0147743286601866,-0.0119771726165579,-0.0580798439615824));
#3316=CARTESIAN_POINT('',(0.0148094994424527,-0.0114531378930978,-0.0580906563144006));
#3317=CARTESIAN_POINT('',(0.0148353230577733,-0.0109756804245007,-0.0580717578217145));
#3318=CARTESIAN_POINT('',(0.0148745599107749,-0.0100913356287229,-0.057993806474228));
#3319=CARTESIAN_POINT('',(0.0148879737145764,-0.00968444352996107,-0.0579347536195095));
#3320=CARTESIAN_POINT('',(0.014907171175927,-0.00891843691638011,-0.0577957610610696));
#3321=CARTESIAN_POINT('',(0.0149128289305566,-0.00854222809424831,-0.0577071201165263));
#3322=CARTESIAN_POINT('',(0.0149179066861558,-0.00777922554204939,-0.0575113499773844));
#3323=CARTESIAN_POINT('',(0.0149173259369043,-0.00739242711705333,-0.0574042207833707));
#3324=CARTESIAN_POINT('',(0.0149136970549102,-0.00698829932234016,-0.0572977484766381));
#3325=CARTESIAN_POINT('',(0.0147727714464448,-0.0121259341599168,-0.0584600155042479));
#3326=CARTESIAN_POINT('',(0.0148087132361209,-0.0116017209461666,-0.0584678830882434));
#3327=CARTESIAN_POINT('',(0.0148357937362989,-0.0111203092181168,-0.0584518616270576));
#3328=CARTESIAN_POINT('',(0.0148780754207071,-0.0102196042250157,-0.0583878187884044));
#3329=CARTESIAN_POINT('',(0.0148932772110793,-0.00980030584758906,-0.0583397974110353));
#3330=CARTESIAN_POINT('',(0.0149160346289111,-0.0090001202064825,-0.0582275331351571));
#3331=CARTESIAN_POINT('',(0.0149235002030756,-0.008607264629438,-0.058157200518856));
#3332=CARTESIAN_POINT('',(0.0149320825298074,-0.00781133288034728,-0.0580042861070881));
#3333=CARTESIAN_POINT('',(0.0149331984693353,-0.00740825167916935,-0.0579217043123234));
#3334=CARTESIAN_POINT('',(0.0149310741987943,-0.00698776776221687,-0.057841074383171));
#3335=CARTESIAN_POINT('',(0.0147633597320905,-0.0124232295714946,-0.0592285873305498));
#3336=CARTESIAN_POINT('',(0.0147999012209472,-0.0119138036996747,-0.059231499051077));
#3337=CARTESIAN_POINT('',(0.0148292863315667,-0.0114312655896029,-0.0592221736482351));
#3338=CARTESIAN_POINT('',(0.0148775136096458,-0.0105021832324598,-0.0591875571329196));
#3339=CARTESIAN_POINT('',(0.0148963562602723,-0.0100556348956271,-0.0591622660205689));
#3340=CARTESIAN_POINT('',(0.0149259846435002,-0.00918057307145582,-0.0591042268996684));
#3341=CARTESIAN_POINT('',(0.0149367432743578,-0.00874863705441988,-0.059069739794054));
#3342=CARTESIAN_POINT('',(0.0149510194743064,-0.00787767977431711,-0.0589984463508431));
#3343=CARTESIAN_POINT('',(0.0149545363541958,-0.00743865449277196,-0.0589616400141241));
#3344=CARTESIAN_POINT('',(0.0149542262150378,-0.00698699958087999,-0.0589279826986067));
#3345=CARTESIAN_POINT('',(0.014755505231478,-0.0125717634397135,-0.0596169876141863));
#3346=CARTESIAN_POINT('',(0.0147918754121053,-0.0120773034001139,-0.0596178882400679));
#3347=CARTESIAN_POINT('',(0.0148223080813223,-0.0115975931673711,-0.0596123828063786));
#3348=CARTESIAN_POINT('',(0.0148734356983802,-0.0106564936432039,-0.059593286460513));
#3349=CARTESIAN_POINT('',(0.0148941309663913,-0.0101951016254262,-0.0595796955484678));
#3350=CARTESIAN_POINT('',(0.0149270700012845,-0.00927934264530841,-0.0595491551812928));
#3351=CARTESIAN_POINT('',(0.0149393137683494,-0.00882497294299003,-0.0595322057267964));
#3352=CARTESIAN_POINT('',(0.0149557794684896,-0.00791191932846151,-0.0594996761038612));
#3353=CARTESIAN_POINT('',(0.0149600008990193,-0.00745323274262917,-0.0594840959363584));
#3354=CARTESIAN_POINT('',(0.0149600009011842,-0.00698676295803703,-0.0594715650810429));
#3355=CARTESIAN_POINT('',(0.0147443132283042,-0.0127200920290598,-0.0600095340560359));
#3356=CARTESIAN_POINT('',(0.0147802952680162,-0.0122432189340989,-0.0600100111210205));
#3357=CARTESIAN_POINT('',(0.0148117747409981,-0.0117660062762262,-0.0600105997367749));
#3358=CARTESIAN_POINT('',(0.0148657221898977,-0.0108110716643841,-0.0600118284403797));
#3359=CARTESIAN_POINT('',(0.0148881901606398,-0.0103333497108263,-0.0600124685283613));
#3360=CARTESIAN_POINT('',(0.0149241209816956,-0.00937756906228625,-0.0600136288417246));
#3361=CARTESIAN_POINT('',(0.0149375838701562,-0.00889951036172001,-0.0600141490677398));
#3362=CARTESIAN_POINT('',(0.0149555238873376,-0.00794321787224344,-0.0600148992162142));
#3363=CARTESIAN_POINT('',(0.0149600009011842,-0.0074649840976354,-0.0600151291396095));
#3364=CARTESIAN_POINT('',(0.0149600009011842,-0.00698676261111281,-0.0600151294453362));
#3365=CARTESIAN_POINT('',(0.0149599449200032,-0.0069867623679259,-0.0600151294453364));
#3366=CARTESIAN_POINT('',(0.0149599521536069,-0.00704619558645311,-0.0600151294073407));
#3367=CARTESIAN_POINT('',(0.0149598673076196,-0.0071297584421134,-0.0600151238769626));
#3368=CARTESIAN_POINT('',(0.0149593099210522,-0.0073374297487416,-0.0600150912586204));
#3369=CARTESIAN_POINT('',(0.0149571900035433,-0.00770020674496823,-0.0600149770979584));
#3370=CARTESIAN_POINT('',(0.0149504491282103,-0.00826928994184955,-0.0600146537711976));
#3371=CARTESIAN_POINT('',(0.0149368829554061,-0.00889925441307694,-0.0600141063580798));
#3372=CARTESIAN_POINT('',(0.0149215223457524,-0.00942661335881033,-0.0600135554126565));
#3373=CARTESIAN_POINT('',(0.0149058742228668,-0.00987285320444903,-0.0600130314394904));
#3374=CARTESIAN_POINT('',(0.0148922946173494,-0.010209308445886,-0.0600126175230503));
#3375=CARTESIAN_POINT('',(0.0148706955453537,-0.0106942090588191,-0.0600120278719876));
#3376=CARTESIAN_POINT('',(0.0148275661387688,-0.0115254495384067,-0.0600110096240181));
#3377=CARTESIAN_POINT('',(0.0147802680555891,-0.0122432170468611,-0.0600101250768513));
#3378=CARTESIAN_POINT('',(0.0147442833000561,-0.012720089770678,-0.0600095340560359));
#3379=CARTESIAN_POINT('',(-0.0611115123503527,-0.00699602100786441,-0.0615078));
#3380=CARTESIAN_POINT('',(-0.0144944481568452,-0.00929764493216156,-0.051914967436085));
#3381=CARTESIAN_POINT('',(-0.0144836247044816,-0.00910634648595183,-0.0517605089209288));
#3382=CARTESIAN_POINT('',(-0.0144723974805437,-0.0089156626590175,-0.0516135323402393));
#3383=CARTESIAN_POINT('',(-0.01444880081404,-0.00853431344404506,-0.0513294388888958));
#3384=CARTESIAN_POINT('',(-0.0144364313714743,-0.00834364805600696,-0.0511923220182418));
#3385=CARTESIAN_POINT('',(-0.0144102155922356,-0.00796112491917243,-0.0509228438280716));
#3386=CARTESIAN_POINT('',(-0.0143963692555627,-0.00776926717037599,-0.0507904825085553));
#3387=CARTESIAN_POINT('',(-0.0143664915445043,-0.00738317761446653,-0.0505255076441488));
#3388=CARTESIAN_POINT('',(-0.0143504601701188,-0.00718894580735351,-0.0503928940992587));
#3389=CARTESIAN_POINT('',(-0.0143329822050744,-0.00699293612230306,-0.0502576505534259));
#3390=CARTESIAN_POINT('',(-0.0144584628016064,-0.00937529395291702,-0.0516002657700826));
#3391=CARTESIAN_POINT('',(-0.0144456373473054,-0.00917725198224941,-0.0514295844457622));
#3392=CARTESIAN_POINT('',(-0.0144322199895716,-0.0089802012228739,-0.0512657844966619));
#3393=CARTESIAN_POINT('',(-0.0144038548325184,-0.00858639567023524,-0.0509468133567657));
#3394=CARTESIAN_POINT('',(-0.0143889070331989,-0.00838964087697208,-0.0507916421659697));
#3395=CARTESIAN_POINT('',(-0.014357134358254,-0.00799474080008625,-0.0504847945505462));
#3396=CARTESIAN_POINT('',(-0.0143403094826285,-0.00779659551646359,-0.0503331181259186));
#3397=CARTESIAN_POINT('',(-0.0143040010181306,-0.00739726242685551,-0.0500282388081131));
#3398=CARTESIAN_POINT('',(-0.0142845174292583,-0.00719607462087009,-0.0498750359149352));
#3399=CARTESIAN_POINT('',(-0.0142633136652921,-0.00699253953770169,-0.0497185591701227));
#3400=CARTESIAN_POINT('',(-0.0144230272478632,-0.00946957142497161,-0.0513167036256819));
#3401=CARTESIAN_POINT('',(-0.014408064944276,-0.00926342004632179,-0.0511285147644364));
#3402=CARTESIAN_POINT('',(-0.01439222008274,-0.00905844559553249,-0.0509461336305552));
#3403=CARTESIAN_POINT('',(-0.0143584296603893,-0.00864895817161318,-0.0505880623227763));
#3404=CARTESIAN_POINT('',(-0.0143404840606082,-0.00844444509481811,-0.050412372037972));
#3405=CARTESIAN_POINT('',(-0.0143020928901896,-0.00803398900769869,-0.050062769730139));
#3406=CARTESIAN_POINT('',(-0.0142816472615003,-0.00782804590102991,-0.0498888576078536));
#3407=CARTESIAN_POINT('',(-0.0142374531817488,-0.00741287157899463,-0.0495380049089535));
#3408=CARTESIAN_POINT('',(-0.0142137046638834,-0.00720364026627161,-0.0493610642333353));
#3409=CARTESIAN_POINT('',(-0.0141878731545526,-0.0069918394295788,-0.0491802151362059));
#3410=CARTESIAN_POINT('',(-0.0143510081057517,-0.00967020507341798,-0.0507697967902195));
#3411=CARTESIAN_POINT('',(-0.0143312272763062,-0.00944700975330041,-0.0505437499263375));
#3412=CARTESIAN_POINT('',(-0.0143098274039733,-0.0092247951971212,-0.0503209650707114));
#3413=CARTESIAN_POINT('',(-0.0142635505409482,-0.00878078329282629,-0.0498785078069376));
#3414=CARTESIAN_POINT('',(-0.0142386734714445,-0.00855898573720837,-0.0496588351770373));
#3415=CARTESIAN_POINT('',(-0.0141850767789229,-0.00811426594169129,-0.0492192144723319));
#3416=CARTESIAN_POINT('',(-0.0141563570332893,-0.00789134351372058,-0.0489992662055299));
#3417=CARTESIAN_POINT('',(-0.0140944628710312,-0.00744285652559807,-0.048555775377561));
#3418=CARTESIAN_POINT('',(-0.0140612883199843,-0.00721729177062052,-0.0483322326184853));
#3419=CARTESIAN_POINT('',(-0.014025520661975,-0.00698965471370525,-0.0481052516406286));
#3420=CARTESIAN_POINT('',(-0.0143144328006204,-0.00977656116290287,-0.0505064423719706));
#3421=CARTESIAN_POINT('',(-0.0142919714315088,-0.0095444318028506,-0.050260044722922));
#3422=CARTESIAN_POINT('',(-0.014267443868476,-0.0093129010850577,-0.0500154371359875));
#3423=CARTESIAN_POINT('',(-0.0142141041114937,-0.00885004677351046,-0.0495276941835626));
#3424=CARTESIAN_POINT('',(-0.014185291837854,-0.00861872297208178,-0.0492845585963806));
#3425=CARTESIAN_POINT('',(-0.0141231049878342,-0.00815529525397329,-0.0487976755009029));
#3426=CARTESIAN_POINT('',(-0.0140897302823265,-0.00792319115383923,-0.0485539278071268));
#3427=CARTESIAN_POINT('',(-0.0140180196897618,-0.00745723244034849,-0.0480637752349606));
#3428=CARTESIAN_POINT('',(-0.0139796836674662,-0.00722337763205332,-0.0478173701587598));
#3429=CARTESIAN_POINT('',(-0.0139386084985757,-0.00698817010844,-0.047568632237353));
#3430=CARTESIAN_POINT('',(-0.0142750418700998,-0.00987836846277916,-0.050232440314175));
#3431=CARTESIAN_POINT('',(-0.01424939677392,-0.00963784494259902,-0.0499641560218841));
#3432=CARTESIAN_POINT('',(-0.0142212098794913,-0.00939716169829283,-0.0496962594763458));
#3433=CARTESIAN_POINT('',(-0.0141597725301039,-0.00891552955935463,-0.049161283640293));
#3434=CARTESIAN_POINT('',(-0.0141265220716304,-0.00867458066403417,-0.0488942043500213));
#3435=CARTESIAN_POINT('',(-0.0140549815254052,-0.00819247299588195,-0.048360905120321));
#3436=CARTESIAN_POINT('',(-0.0140166914116064,-0.0079513142415194,-0.0480946852069584));
#3437=CARTESIAN_POINT('',(-0.0139351008510132,-0.00746885196243163,-0.0475631553038814));
#3438=CARTESIAN_POINT('',(-0.0138918004009548,-0.00722754843725543,-0.0472978453145599));
#3439=CARTESIAN_POINT('',(-0.0138460118177911,-0.00698620608917688,-0.0470330156763438));
#3440=CARTESIAN_POINT('',(-0.0144944481568452,-0.00929764493216156,-0.051914967436085));
#3441=CARTESIAN_POINT('',(-0.0144584628016064,-0.00937529395291702,-0.0516002657700826));
#3442=CARTESIAN_POINT('',(-0.0144230272478632,-0.00946957142497161,-0.0513167036256819));
#3443=CARTESIAN_POINT('',(-0.0143510081057517,-0.00967020507341798,-0.0507697967902195));
#3444=CARTESIAN_POINT('',(-0.0143144328006204,-0.00977656116290287,-0.0505064423719706));
#3445=CARTESIAN_POINT('',(-0.0142750418700998,-0.00987836846277916,-0.050232440314175));
#3446=CARTESIAN_POINT('',(-0.0142750418700998,-0.00987836846277917,-0.050232440314175));
#3447=CARTESIAN_POINT('',(-0.0144944481568452,-0.00929764493216156,-0.051914967436085));
#3448=CARTESIAN_POINT('',(-0.0142750418700998,-0.00987836846277916,-0.050232440314175));
#3449=CARTESIAN_POINT('',(-0.0141724614853805,-0.00891627438205859,-0.0491593031450114));
#3450=CARTESIAN_POINT('',(-0.0140291661504458,-0.00795157548149108,-0.0480923342292082));
#3451=CARTESIAN_POINT('',(-0.0138460118177911,-0.00698620608917688,-0.0470330156763438));
#3452=CARTESIAN_POINT('',(-0.0143329765393621,-0.00699293612230306,-0.0502576512855329));
#3453=CARTESIAN_POINT('',(-0.0141832307253518,-0.00699208359712713,-0.0490987814804247));
#3454=CARTESIAN_POINT('',(-0.014017332980231,-0.00698984025275174,-0.0480241077790616));
#3455=CARTESIAN_POINT('',(-0.0138457837536814,-0.00698620608917688,-0.0470330551537848));
#3456=CARTESIAN_POINT('',(-0.0143329822050763,-0.00699293612230308,-0.0502576505534411));
#3457=CARTESIAN_POINT('',(-0.0144944481568452,-0.00929764493216156,-0.051914967436085));
#3458=CARTESIAN_POINT('',(-0.014472801252118,-0.00891504803974209,-0.0516060504057726));
#3459=CARTESIAN_POINT('',(-0.0144262772700691,-0.00815477120910637,-0.0510480718208813));
#3460=CARTESIAN_POINT('',(-0.0143679381351633,-0.00738495549240395,-0.0505281376450915));
#3461=CARTESIAN_POINT('',(-0.0143329822050744,-0.00699293612230306,-0.0502576505534259));
#3462=CARTESIAN_POINT('',(-0.0147342884169221,-0.00898832568149059,-0.0544885419194665));
#3463=CARTESIAN_POINT('',(-0.0147305895630487,-0.00865988146319873,-0.0543221937030244));
#3464=CARTESIAN_POINT('',(-0.0147181853273715,-0.00799880638842856,-0.0539910612766511));
#3465=CARTESIAN_POINT('',(-0.0146954882910942,-0.00732928372159282,-0.0536632264308587));
#3466=CARTESIAN_POINT('',(-0.0146814966366207,-0.0069923919112354,-0.0535001757949976));
#3467=CARTESIAN_POINT('',(-0.0147127430627485,-0.00899516204861765,-0.0542015352595483));
#3468=CARTESIAN_POINT('',(-0.0147080583764227,-0.00866551251359837,-0.0540276645999969));
#3469=CARTESIAN_POINT('',(-0.0146945957028546,-0.00800134556420541,-0.0536953103476996));
#3470=CARTESIAN_POINT('',(-0.0146720386019237,-0.00732972450551134,-0.0533831051419792));
#3471=CARTESIAN_POINT('',(-0.014658259488235,-0.00699262086119094,-0.0532293835290048));
#3472=CARTESIAN_POINT('',(-0.0146913833968686,-0.00900820631412626,-0.0539365219420078));
#3473=CARTESIAN_POINT('',(-0.014685570332914,-0.00867625550877757,-0.0537540352291743));
#3474=CARTESIAN_POINT('',(-0.0146706225993418,-0.00800733782463333,-0.053415604059441));
#3475=CARTESIAN_POINT('',(-0.0146475593537617,-0.00733159264724349,-0.0531091798497201));
#3476=CARTESIAN_POINT('',(-0.0146335681778146,-0.00699281896298713,-0.0529587160049802));
#3477=CARTESIAN_POINT('',(-0.0146494251266324,-0.00904450149578361,-0.0534446968912855));
#3478=CARTESIAN_POINT('',(-0.0146411059599424,-0.00870615987269196,-0.0532427972258252));
#3479=CARTESIAN_POINT('',(-0.0146223176803772,-0.00802497062066519,-0.0528831542864076));
#3480=CARTESIAN_POINT('',(-0.0145966974617377,-0.00733761703816462,-0.0525715024109783));
#3481=CARTESIAN_POINT('',(-0.0145812805725122,-0.00699313087254397,-0.0524176615355887));
#3482=CARTESIAN_POINT('',(-0.014628826532591,-0.00906775241193214,-0.0532178848976091));
#3483=CARTESIAN_POINT('',(-0.0146191296425142,-0.0087253212414269,-0.0530051882893884));
#3484=CARTESIAN_POINT('',(-0.0145979858786814,-0.00803661115626878,-0.0526304104543066));
#3485=CARTESIAN_POINT('',(-0.0145703148247609,-0.00734177328735317,-0.0523077500908314));
#3486=CARTESIAN_POINT('',(-0.0145536842776429,-0.0069932446803042,-0.0521472745902198));
#3487=CARTESIAN_POINT('',(-0.0145685400773457,-0.00914950141714529,-0.0525860657639769));
#3488=CARTESIAN_POINT('',(-0.0145543535616977,-0.00879272463395081,-0.0523377152995409));
#3489=CARTESIAN_POINT('',(-0.0145247761358241,-0.00807811833463999,-0.0519049229057744));
#3490=CARTESIAN_POINT('',(-0.0144884022132141,-0.00735682428383184,-0.0515284192106957));
#3491=CARTESIAN_POINT('',(-0.0144665449328284,-0.00699342576593977,-0.0513365810919829));
#3492=CARTESIAN_POINT('',(-0.0145304335120841,-0.00921999591140611,-0.0522296691020874));
#3493=CARTESIAN_POINT('',(-0.0145127906112318,-0.00885088606790238,-0.0519531976901034));
#3494=CARTESIAN_POINT('',(-0.0144757796917998,-0.00811457059896455,-0.0514649148158414));
#3495=CARTESIAN_POINT('',(-0.0144301550771021,-0.0073703012807694,-0.0510247626304353));
#3496=CARTESIAN_POINT('',(-0.0144026507448567,-0.00699333270690444,-0.050796741936729));
#3497=CARTESIAN_POINT('',(-0.0144944481568452,-0.00929764493216156,-0.051914967436085));
#3498=CARTESIAN_POINT('',(-0.014472801252118,-0.00891504803974209,-0.0516060504057726));
#3499=CARTESIAN_POINT('',(-0.0144262772700691,-0.00815477120910637,-0.0510480718208813));
#3500=CARTESIAN_POINT('',(-0.0143679381351633,-0.00738495549240395,-0.0505281376450915));
#3501=CARTESIAN_POINT('',(-0.0143329822050744,-0.00699293612230306,-0.0502576505534259));
#3502=CARTESIAN_POINT('',(-0.0147342884169221,-0.00898832568149059,-0.0544885419194665));
#3503=CARTESIAN_POINT('',(-0.0147127430627485,-0.00899516204861765,-0.0542015352595483));
#3504=CARTESIAN_POINT('',(-0.0146913833968686,-0.00900820631412626,-0.0539365219420078));
#3505=CARTESIAN_POINT('',(-0.0146494251266324,-0.00904450149578361,-0.0534446968912855));
#3506=CARTESIAN_POINT('',(-0.014628826532591,-0.00906775241193214,-0.0532178848976091));
#3507=CARTESIAN_POINT('',(-0.0145685400773457,-0.00914950141714529,-0.0525860657639769));
#3508=CARTESIAN_POINT('',(-0.0145304335120841,-0.00921999591140611,-0.0522296691020874));
#3509=CARTESIAN_POINT('',(-0.0144944481568452,-0.00929764493216156,-0.051914967436085));
#3510=CARTESIAN_POINT('',(-0.0147342884169221,-0.00898832568149058,-0.0544885419194665));
#3511=CARTESIAN_POINT('',(-0.0146814466713342,-0.0069923919112354,-0.0535001800830278));
#3512=CARTESIAN_POINT('',(-0.0145754247433595,-0.00699343641703411,-0.0522647839581314));
#3513=CARTESIAN_POINT('',(-0.014452716680454,-0.00699361782072333,-0.0511843098027535));
#3514=CARTESIAN_POINT('',(-0.0143329765393621,-0.00699293612230306,-0.0502576512855329));
#3515=CARTESIAN_POINT('',(-0.0146814966366207,-0.0069923919112354,-0.0535001757949976));
#3516=CARTESIAN_POINT('',(-0.0147249668052207,-0.0109334733414206,-0.0554969066731997));
#3517=CARTESIAN_POINT('',(-0.0147317134315943,-0.0106135182467472,-0.0553271688293605));
#3518=CARTESIAN_POINT('',(-0.0147358932614563,-0.0102914534409106,-0.0551582517491483));
#3519=CARTESIAN_POINT('',(-0.014739030181057,-0.00964307926742823,-0.0548221124024223));
#3520=CARTESIAN_POINT('',(-0.0147379872707955,-0.00931676989978244,-0.0546548901359086));
#3521=CARTESIAN_POINT('',(-0.0147305895630487,-0.00865988146319873,-0.0543221937030244));
#3522=CARTESIAN_POINT('',(-0.0147243874452101,-0.00832934392581364,-0.0541566274898377));
#3523=CARTESIAN_POINT('',(-0.0147068368092328,-0.00766404505501069,-0.0538271438537549));
#3524=CARTESIAN_POINT('',(-0.0146954882910942,-0.00732928372159282,-0.0536632264308587));
#3525=CARTESIAN_POINT('',(-0.0146814966366207,-0.0069923919112354,-0.0535001757949976));
#3526=CARTESIAN_POINT('',(-0.0145955356016432,-0.0119004517699851,-0.0544204252060985));
#3527=CARTESIAN_POINT('',(-0.0145908304488672,-0.0116553632425108,-0.0541433449394057));
#3528=CARTESIAN_POINT('',(-0.0145847678973749,-0.011417955046292,-0.0538868299952726));
#3529=CARTESIAN_POINT('',(-0.014570618481121,-0.010957555861938,-0.0534096914774583));
#3530=CARTESIAN_POINT('',(-0.0145625316163594,-0.0107345648738028,-0.053189067903777));
#3531=CARTESIAN_POINT('',(-0.0145450240577297,-0.010302056651189,-0.0527784728521981));
#3532=CARTESIAN_POINT('',(-0.0145356033638617,-0.0100925394167103,-0.0525885013743006));
#3533=CARTESIAN_POINT('',(-0.0145157271396013,-0.00968598278030142,-0.0522339779238221));
#3534=CARTESIAN_POINT('',(-0.0145052716092088,-0.0094889433783713,-0.0520694259512412));
#3535=CARTESIAN_POINT('',(-0.0144944481568452,-0.00929764493216156,-0.051914967436085));
#3536=CARTESIAN_POINT('',(-0.0145736923240064,-0.0120522735282267,-0.0542514079868301));
#3537=CARTESIAN_POINT('',(-0.0145687504929188,-0.0118002280621552,-0.0539662040952273));
#3538=CARTESIAN_POINT('',(-0.0145621699972222,-0.0115563893176742,-0.0537005780240042));
#3539=CARTESIAN_POINT('',(-0.0145464989868965,-0.0110836842678836,-0.0532032170908032));
#3540=CARTESIAN_POINT('',(-0.0145374084722673,-0.010854817962574,-0.0529714822288253));
#3541=CARTESIAN_POINT('',(-0.0145174847343616,-0.0104106167871161,-0.0525366392826));
#3542=CARTESIAN_POINT('',(-0.0145066515110851,-0.0101952819169679,-0.0523335311983527));
#3543=CARTESIAN_POINT('',(-0.0144835532718581,-0.00977664148520217,-0.0519506851042542));
#3544=CARTESIAN_POINT('',(-0.0144712882559075,-0.00957333592358463,-0.051770947094403));
#3545=CARTESIAN_POINT('',(-0.0144584628016064,-0.00937529395291702,-0.0516002657700826));
#3546=CARTESIAN_POINT('',(-0.0145513855477364,-0.0121994003818833,-0.0540876153342298));
#3547=CARTESIAN_POINT('',(-0.0145463010427883,-0.0119459828034812,-0.0538005729592934));
#3548=CARTESIAN_POINT('',(-0.0145393468677967,-0.0117001796576569,-0.0535309186153646));
#3549=CARTESIAN_POINT('',(-0.014522480310876,-0.0112221171170773,-0.0530213539153939));
#3550=CARTESIAN_POINT('',(-0.0145125679514636,-0.0109898576200772,-0.0527814434390643));
#3551=CARTESIAN_POINT('',(-0.0144905017192703,-0.0105371856947482,-0.0523263320899021));
#3552=CARTESIAN_POINT('',(-0.0144783478548967,-0.0103167731608727,-0.0521111310956127));
#3553=CARTESIAN_POINT('',(-0.0144520917753432,-0.00988604176798281,-0.0517004113531929));
#3554=CARTESIAN_POINT('',(-0.0144379895514505,-0.00967572280362143,-0.0515048924869275));
#3555=CARTESIAN_POINT('',(-0.0144230272478632,-0.00946957142497161,-0.0513167036256819));
#3556=CARTESIAN_POINT('',(-0.0145062336205154,-0.0124842935129214,-0.0537704473382541));
#3557=CARTESIAN_POINT('',(-0.0145009919096697,-0.012234556198424,-0.0534871502621877));
#3558=CARTESIAN_POINT('',(-0.0144935017808631,-0.0119895898955553,-0.0532144734265898));
#3559=CARTESIAN_POINT('',(-0.0144746005092265,-0.0115077681840305,-0.0526868973632668));
#3560=CARTESIAN_POINT('',(-0.0144631894105221,-0.0112709125706695,-0.0524319978950435));
#3561=CARTESIAN_POINT('',(-0.0144368941795073,-0.0108038584517927,-0.0519365091493887));
#3562=CARTESIAN_POINT('',(-0.014422010064721,-0.0105736597338688,-0.0516959196275576));
#3563=CARTESIAN_POINT('',(-0.0143889574517248,-0.0101184308101603,-0.0512255869979865));
#3564=CARTESIAN_POINT('',(-0.0143707889351973,-0.00989340039353555,-0.0509958436541015));
#3565=CARTESIAN_POINT('',(-0.0143510081057517,-0.00967020507341798,-0.0507697967902195));
#3566=CARTESIAN_POINT('',(-0.0144833884695644,-0.0126220597903029,-0.0536170719948786));
#3567=CARTESIAN_POINT('',(-0.0144781322266817,-0.0123773748520407,-0.0533393587010159));
#3568=CARTESIAN_POINT('',(-0.0144704800568308,-0.0121352096646518,-0.0530676871183694));
#3569=CARTESIAN_POINT('',(-0.014450740459614,-0.0116549859482063,-0.0525343018342757));
#3570=CARTESIAN_POINT('',(-0.0144386530754656,-0.0114169272142299,-0.0522725878924077));
#3571=CARTESIAN_POINT('',(-0.0144102728422736,-0.0109439613831743,-0.0517569878811282));
#3572=CARTESIAN_POINT('',(-0.0143939800114629,-0.0107090540723721,-0.0515031015658308));
#3573=CARTESIAN_POINT('',(-0.014357290684797,-0.0102414187477558,-0.0510010277537867));
#3574=CARTESIAN_POINT('',(-0.014336894169732,-0.0100086905229551,-0.0507528400210192));
#3575=CARTESIAN_POINT('',(-0.0143144328006204,-0.00977656116290287,-0.0505064423719706));
#3576=CARTESIAN_POINT('',(-0.0144604684425652,-0.0127551603959943,-0.05346888939406));
#3577=CARTESIAN_POINT('',(-0.0144552318050181,-0.0125163674962664,-0.0531978970063618));
#3578=CARTESIAN_POINT('',(-0.0144474381740259,-0.0122773032024693,-0.0529271934420823));
#3579=CARTESIAN_POINT('',(-0.0144267392514038,-0.0117986856454756,-0.0523864139498288));
#3580=CARTESIAN_POINT('',(-0.0144138339561426,-0.0115591323814191,-0.0521163380221642));
#3581=CARTESIAN_POINT('',(-0.0143829181819544,-0.0110795926198518,-0.0515768640986365));
#3582=CARTESIAN_POINT('',(-0.014364907705864,-0.0108396061170813,-0.0513074660968282));
#3583=CARTESIAN_POINT('',(-0.0143237920998107,-0.0103592557989276,-0.0507693963504941));
#3584=CARTESIAN_POINT('',(-0.0143006869662797,-0.0101188919829593,-0.050500724606466));
#3585=CARTESIAN_POINT('',(-0.0142750418700998,-0.00987836846277916,-0.050232440314175));
#3586=CARTESIAN_POINT('',(-0.0145955356016432,-0.0119004517699851,-0.0544204252060985));
#3587=CARTESIAN_POINT('',(-0.0145861252960911,-0.0114102747150365,-0.0538662646727128));
#3588=CARTESIAN_POINT('',(-0.0145564454952573,-0.0104913632551831,-0.0529224661864199));
#3589=CARTESIAN_POINT('',(-0.0145160950615724,-0.00968024182458103,-0.0522238844663974));
#3590=CARTESIAN_POINT('',(-0.0144944481568452,-0.00929764493216156,-0.051914967436085));
#3591=CARTESIAN_POINT('',(-0.0145955356016432,-0.0119004517699851,-0.0544204252060985));
#3592=CARTESIAN_POINT('',(0.0537423998914033,-0.00744731763099631,-0.0592515449575137));
#3593=CARTESIAN_POINT('',(-0.0144604684425652,-0.0127551603959942,-0.05346888939406));
#3594=CARTESIAN_POINT('',(-0.0144604684425652,-0.0127551603959943,-0.05346888939406));
#3595=CARTESIAN_POINT('',(-0.0144395218923767,-0.0117999887970829,-0.0523849198432672));
#3596=CARTESIAN_POINT('',(-0.0143776222548193,-0.0108404625434998,-0.051305577483339));
#3597=CARTESIAN_POINT('',(-0.0142750418700998,-0.00987836846277916,-0.050232440314175));
#3598=CARTESIAN_POINT('',(-0.0147249668052207,-0.0109334733414206,-0.0554969066731997));
#3599=CARTESIAN_POINT('',(-0.0147317134315943,-0.0106135182467472,-0.0553271688293605));
#3600=CARTESIAN_POINT('',(-0.0147400730913184,-0.00996938863507402,-0.054989334668936));
#3601=CARTESIAN_POINT('',(-0.0147379872707955,-0.00931676989978244,-0.0546548901359086));
#3602=CARTESIAN_POINT('',(-0.0147342884169221,-0.00898832568149059,-0.0544885419194665));
#3603=CARTESIAN_POINT('',(-0.014714385288499,-0.0110187302931228,-0.0554019965336807));
#3604=CARTESIAN_POINT('',(-0.0147186813802225,-0.0106749783728196,-0.0551720117551042));
#3605=CARTESIAN_POINT('',(-0.0147225449536731,-0.00999284378558633,-0.0547456517775893));
#3606=CARTESIAN_POINT('',(-0.0147174277490744,-0.00932481158363693,-0.0543754059190996));
#3607=CARTESIAN_POINT('',(-0.0147127430627485,-0.00899516204861765,-0.0542015352595483));
#3608=CARTESIAN_POINT('',(-0.0147037354896192,-0.0111028172009789,-0.055308388524636));
#3609=CARTESIAN_POINT('',(-0.0147058524494757,-0.0107382670540575,-0.055026284970723));
#3610=CARTESIAN_POINT('',(-0.0147054567562903,-0.0100229080216299,-0.0545228389667727));
#3611=CARTESIAN_POINT('',(-0.0146971964608233,-0.00934015711947495,-0.0541190086548414));
#3612=CARTESIAN_POINT('',(-0.0146913833968686,-0.00900820631412626,-0.0539365219420078));
#3613=CARTESIAN_POINT('',(-0.0146823250944392,-0.0112686527137725,-0.0551237748282563));
#3614=CARTESIAN_POINT('',(-0.0146806351519854,-0.0108676098682715,-0.0547520770995117));
#3615=CARTESIAN_POINT('',(-0.0146723653788712,-0.0100938572229763,-0.0541144402251051));
#3616=CARTESIAN_POINT('',(-0.0146577442933224,-0.00938284311887525,-0.0536465965567457));
#3617=CARTESIAN_POINT('',(-0.0146494251266324,-0.00904450149578361,-0.0534446968912855));
#3618=CARTESIAN_POINT('',(-0.0146715644981392,-0.01135040131871,-0.0550327691409213));
#3619=CARTESIAN_POINT('',(-0.0146682467852419,-0.0109336640012476,-0.0546235960126817));
#3620=CARTESIAN_POINT('',(-0.0146563622022727,-0.010134742188279,-0.0539288542074227));
#3621=CARTESIAN_POINT('',(-0.0146385234226679,-0.00941018358243738,-0.0534305815058298));
#3622=CARTESIAN_POINT('',(-0.014628826532591,-0.00906775241193214,-0.0532178848976091));
#3623=CARTESIAN_POINT('',(-0.0146391551634527,-0.0115921423563045,-0.0547636526526232));
#3624=CARTESIAN_POINT('',(-0.0146317940151466,-0.0111346370898937,-0.0542615989752194));
#3625=CARTESIAN_POINT('',(-0.0146102155558316,-0.0102700320153686,-0.0534211639336749));
#3626=CARTESIAN_POINT('',(-0.0145827265929937,-0.00950627820033978,-0.052834416228413));
#3627=CARTESIAN_POINT('',(-0.0145685400773457,-0.00914950141714529,-0.0525860657639769));
#3628=CARTESIAN_POINT('',(-0.0146173788792801,-0.0117486300117435,-0.0545894424253669));
#3629=CARTESIAN_POINT('',(-0.0146084419303511,-0.0112723668339893,-0.0540515291418012));
#3630=CARTESIAN_POINT('',(-0.0145819589699054,-0.010377072005844,-0.0531481251725885));
#3631=CARTESIAN_POINT('',(-0.0145480764129364,-0.00958910575490983,-0.0525061405140715));
#3632=CARTESIAN_POINT('',(-0.0145304335120841,-0.00921999591140611,-0.0522296691020874));
#3633=CARTESIAN_POINT('',(-0.0145955356016432,-0.0119004517699851,-0.0544204252060985));
#3634=CARTESIAN_POINT('',(-0.0145861252960911,-0.0114102747150365,-0.0538662646727128));
#3635=CARTESIAN_POINT('',(-0.0145564454952573,-0.0104913632551831,-0.0529224661864199));
#3636=CARTESIAN_POINT('',(-0.0145160950615724,-0.00968024182458103,-0.0522238844663974));
#3637=CARTESIAN_POINT('',(-0.0144944481568452,-0.00929764493216156,-0.051914967436085));
#3638=CARTESIAN_POINT('',(-0.0147249668052207,-0.0109334733414206,-0.0554969066731997));
#3639=CARTESIAN_POINT('',(-0.014714385288499,-0.0110187302931228,-0.0554019965336807));
#3640=CARTESIAN_POINT('',(-0.0147037354896192,-0.0111028172009789,-0.055308388524636));
#3641=CARTESIAN_POINT('',(-0.0146823250944392,-0.0112686527137725,-0.0551237748282563));
#3642=CARTESIAN_POINT('',(-0.0146715644981392,-0.01135040131871,-0.0550327691409213));
#3643=CARTESIAN_POINT('',(-0.0146391551634527,-0.0115921423563045,-0.0547636526526232));
#3644=CARTESIAN_POINT('',(-0.0146173788792801,-0.0117486300117435,-0.0545894424253669));
#3645=CARTESIAN_POINT('',(-0.0145955356016432,-0.0119004517699851,-0.0544204252060985));
#3646=CARTESIAN_POINT('',(-0.0147249668052207,-0.0109334733414206,-0.0554969066731997));
#3647=CARTESIAN_POINT('',(-0.0147249668052207,-0.0109334733414206,-0.0554969066731997));
#3648=CARTESIAN_POINT('',(-0.0147317134315943,-0.0106135182467472,-0.0553271688293605));
#3649=CARTESIAN_POINT('',(-0.0147358932614563,-0.0102914534409106,-0.0551582517491483));
#3650=CARTESIAN_POINT('',(-0.014739030181057,-0.00964307926742823,-0.0548221124024223));
#3651=CARTESIAN_POINT('',(-0.0147379872707955,-0.00931676989978244,-0.0546548901359086));
#3652=CARTESIAN_POINT('',(-0.0147305895630487,-0.00865988146319873,-0.0543221937030244));
#3653=CARTESIAN_POINT('',(-0.0147243874452101,-0.00832934392581364,-0.0541566274898377));
#3654=CARTESIAN_POINT('',(-0.0147068368092328,-0.00766404505501069,-0.0538271438537549));
#3655=CARTESIAN_POINT('',(-0.0146954882910942,-0.00732928372159282,-0.0536632264308587));
#3656=CARTESIAN_POINT('',(-0.0146814966366207,-0.0069923919112354,-0.0535001757949976));
#3657=CARTESIAN_POINT('',(-0.0147249668052207,-0.0109334733414206,-0.0554969066731997));
#3658=CARTESIAN_POINT('',(-0.0147393832122906,-0.0110829145326898,-0.0558564647960768));
#3659=CARTESIAN_POINT('',(-0.0147506717482311,-0.0112322513954419,-0.0562201323996362));
#3660=CARTESIAN_POINT('',(-0.014766741901826,-0.0115305964954523,-0.0569557330252187));
#3661=CARTESIAN_POINT('',(-0.0147715235194805,-0.0116796047327107,-0.0573276660472418));
#3662=CARTESIAN_POINT('',(-0.0147743286604767,-0.0119771726132745,-0.0580798439668509));
#3663=CARTESIAN_POINT('',(-0.0147727714466694,-0.0121259341572892,-0.0584600155094006));
#3664=CARTESIAN_POINT('',(-0.0147633597321944,-0.0124232295701795,-0.0592285873354456));
#3665=CARTESIAN_POINT('',(-0.0147555052315266,-0.0125717634390552,-0.0596169876189408));
#3666=CARTESIAN_POINT('',(-0.0147443132283039,-0.0127200920290591,-0.0600095340606365));
#3667=CARTESIAN_POINT('',(-0.0147317134315943,-0.0106135182467472,-0.0553271688293605));
#3668=CARTESIAN_POINT('',(-0.0147549902035671,-0.0107053118184496,-0.0557500853868994));
#3669=CARTESIAN_POINT('',(-0.0147722785877964,-0.0108131559280729,-0.0561606076298787));
#3670=CARTESIAN_POINT('',(-0.0147966341579508,-0.0110509867807804,-0.0569570952104299));
#3671=CARTESIAN_POINT('',(-0.0148037013208152,-0.0111809734106108,-0.057343060217792));
#3672=CARTESIAN_POINT('',(-0.0148094994425936,-0.0114531378903562,-0.0580906563190234));
#3673=CARTESIAN_POINT('',(-0.0148087132362323,-0.0116017209440199,-0.0584678830928354));
#3674=CARTESIAN_POINT('',(-0.0147999012210043,-0.0119138036986511,-0.0592314990555551));
#3675=CARTESIAN_POINT('',(-0.0147918754121376,-0.0120773033996185,-0.0596178882444628));
#3676=CARTESIAN_POINT('',(-0.014780295268016,-0.0122432189340986,-0.06001001112527));
#3677=CARTESIAN_POINT('',(-0.0147358932614563,-0.0102914534409106,-0.0551582517491483));
#3678=CARTESIAN_POINT('',(-0.0147653527771068,-0.0103412630259558,-0.0556272595809303));
#3679=CARTESIAN_POINT('',(-0.0147868282035897,-0.0104185593826536,-0.0560721272927211));
#3680=CARTESIAN_POINT('',(-0.0148173159513951,-0.0106107525609173,-0.0569163596148755));
#3681=CARTESIAN_POINT('',(-0.0148263283680227,-0.010725649212589,-0.0573157246915893));
#3682=CARTESIAN_POINT('',(-0.0148353230578293,-0.0109756804220352,-0.0580717578257119));
#3683=CARTESIAN_POINT('',(-0.0148357937363477,-0.0111203092162154,-0.0584518616310804));
#3684=CARTESIAN_POINT('',(-0.0148292863316,-0.0114312655887283,-0.0592221736522311));
#3685=CARTESIAN_POINT('',(-0.0148223080813472,-0.0115975931669592,-0.0596123828103223));
#3686=CARTESIAN_POINT('',(-0.0148117747409978,-0.0117660062762261,-0.0600105997405634));
#3687=CARTESIAN_POINT('',(-0.014739030181057,-0.00964307926742823,-0.0548221124024223));
#3688=CARTESIAN_POINT('',(-0.0147774108323401,-0.00963895000829156,-0.0553591460120552));
#3689=CARTESIAN_POINT('',(-0.0148052537750267,-0.00967414474823157,-0.0558557271060631));
#3690=CARTESIAN_POINT('',(-0.0148458902068247,-0.00979784301642985,-0.0567779109582348));
#3691=CARTESIAN_POINT('',(-0.0148586841071067,-0.00988634633228275,-0.0572035164630604));
#3692=CARTESIAN_POINT('',(-0.014874559910735,-0.0100913356265132,-0.0579938064770716));
#3693=CARTESIAN_POINT('',(-0.014878075420686,-0.0102196042233478,-0.0583878187913405));
#3694=CARTESIAN_POINT('',(-0.0148775136096524,-0.0105021832317341,-0.0591875571359249));
#3695=CARTESIAN_POINT('',(-0.0148734356983958,-0.0106564936428785,-0.0595932864634949));
#3696=CARTESIAN_POINT('',(-0.0148657221898974,-0.0108110716643841,-0.0600118284431793));
#3697=CARTESIAN_POINT('',(-0.0147379872707955,-0.00931676989978244,-0.0546548901359086));
#3698=CARTESIAN_POINT('',(-0.0147791063140337,-0.00930068578312105,-0.0552138582491493));
#3699=CARTESIAN_POINT('',(-0.0148091298116835,-0.00932432597756344,-0.0557278072565709));
#3700=CARTESIAN_POINT('',(-0.0148537829521937,-0.00942516530598921,-0.0566801978971812));
#3701=CARTESIAN_POINT('',(-0.0148684132037247,-0.00950236424169671,-0.0571186437607834));
#3702=CARTESIAN_POINT('',(-0.0148879737145257,-0.0096844435277311,-0.0579347536218247));
#3703=CARTESIAN_POINT('',(-0.0148932772110508,-0.00980030584590942,-0.0583397974134539));
#3704=CARTESIAN_POINT('',(-0.014896356260276,-0.0100556348949014,-0.0591622660230655));
#3705=CARTESIAN_POINT('',(-0.0148941309664051,-0.0101951016251041,-0.059579695550939));
#3706=CARTESIAN_POINT('',(-0.0148881901606396,-0.010333349710826,-0.0600124685306329));
#3707=CARTESIAN_POINT('',(-0.0147305895630487,-0.00865988146319873,-0.0543221937030244));
#3708=CARTESIAN_POINT('',(-0.0147756519292023,-0.00864861862393356,-0.0549112516030474));
#3709=CARTESIAN_POINT('',(-0.0148094338531499,-0.00866521769086273,-0.0554509996861231));
#3710=CARTESIAN_POINT('',(-0.0148616580466827,-0.00873607242107758,-0.0564550124792285));
#3711=CARTESIAN_POINT('',(-0.014880101195355,-0.00879032794265989,-0.0569192835080184));
#3712=CARTESIAN_POINT('',(-0.014907171175885,-0.00891843691404987,-0.0577957610624815));
#3713=CARTESIAN_POINT('',(-0.0149160346288881,-0.00900012020473791,-0.0582275331366609));
#3714=CARTESIAN_POINT('',(-0.0149259846435031,-0.00918057307071819,-0.0591042269012235));
#3715=CARTESIAN_POINT('',(-0.0149270700012943,-0.00927934264499209,-0.0595491551828073));
#3716=CARTESIAN_POINT('',(-0.0149241209816955,-0.00937756906228573,-0.0600136288430264));
#3717=CARTESIAN_POINT('',(-0.0147243874452101,-0.00832934392581364,-0.0541566274898377));
#3718=CARTESIAN_POINT('',(-0.0147705082501674,-0.00832117314709855,-0.0547469072940859));
#3719=CARTESIAN_POINT('',(-0.0148057852497863,-0.00833544031515706,-0.0552916256028929));
#3720=CARTESIAN_POINT('',(-0.014861480209062,-0.00839402836183491,-0.0563144710018456));
#3721=CARTESIAN_POINT('',(-0.0148818991207221,-0.00843834914119385,-0.0567926050153466));
#3722=CARTESIAN_POINT('',(-0.0149128289305298,-0.00854222809183964,-0.0577071201175382));
#3723=CARTESIAN_POINT('',(-0.0149235002030625,-0.00860726462764137,-0.0581572005199449));
#3724=CARTESIAN_POINT('',(-0.0149367432743619,-0.00874863705367075,-0.0590697397951712));
#3725=CARTESIAN_POINT('',(-0.014939313768357,-0.00882497294267636,-0.0595322057278648));
#3726=CARTESIAN_POINT('',(-0.014937583870156,-0.00889951036171937,-0.0600141490685997));
#3727=CARTESIAN_POINT('',(-0.0147068368092328,-0.00766404505501069,-0.0538271438537549));
#3728=CARTESIAN_POINT('',(-0.0147538761202839,-0.00766106491200968,-0.0544030159968711));
#3729=CARTESIAN_POINT('',(-0.0147919240842556,-0.00766958390851497,-0.0549500635036512));
#3730=CARTESIAN_POINT('',(-0.0148545718219639,-0.00770162917043785,-0.0560055143233487));
#3731=CARTESIAN_POINT('',(-0.0148791723652345,-0.00772515540733784,-0.0565139233233063));
#3732=CARTESIAN_POINT('',(-0.0149179066861522,-0.00777922553966898,-0.0575113499777563));
#3733=CARTESIAN_POINT('',(-0.0149320825298077,-0.00781133287862682,-0.0580042861075007));
#3734=CARTESIAN_POINT('',(-0.0149510194743098,-0.00787767977367229,-0.0589984463512514));
#3735=CARTESIAN_POINT('',(-0.0149557794684922,-0.00791191932823239,-0.0594996761042245));
#3736=CARTESIAN_POINT('',(-0.0149555238873375,-0.00794321787224288,-0.060014899216428));
#3737=CARTESIAN_POINT('',(-0.0146954882910942,-0.00732928372159282,-0.0536632264308587));
#3738=CARTESIAN_POINT('',(-0.0147423876694352,-0.0073284021537558,-0.0542234690086178));
#3739=CARTESIAN_POINT('',(-0.0147817114179911,-0.00733350420649133,-0.0547678754876983));
#3740=CARTESIAN_POINT('',(-0.0148478409045556,-0.00735127168992512,-0.0558370991224688));
#3741=CARTESIAN_POINT('',(-0.0148746471567129,-0.00736393712040563,-0.0563619201242888));
#3742=CARTESIAN_POINT('',(-0.0149173259369087,-0.00739242711477966,-0.0574042207835026));
#3743=CARTESIAN_POINT('',(-0.0149331984693393,-0.00740825167757715,-0.0579217043124746));
#3744=CARTESIAN_POINT('',(-0.0149545363541975,-0.00743865449224298,-0.0589616400142615));
#3745=CARTESIAN_POINT('',(-0.0149600008990192,-0.00745323274248195,-0.0594840959364627));
#3746=CARTESIAN_POINT('',(-0.0149600009011841,-0.00746498409763502,-0.0600151291396191));
#3747=CARTESIAN_POINT('',(-0.0146814966366207,-0.0069923919112354,-0.0535001757949976));
#3748=CARTESIAN_POINT('',(-0.014727970933392,-0.00699193401132432,-0.0540417603269832));
#3749=CARTESIAN_POINT('',(-0.0147686279138639,-0.00699135271878532,-0.0545838438841719));
#3750=CARTESIAN_POINT('',(-0.0148382965936051,-0.00699012457721741,-0.0556687591550697));
#3751=CARTESIAN_POINT('',(-0.0148673082856276,-0.00698947772797076,-0.0562115908680718));
#3752=CARTESIAN_POINT('',(-0.01491369705491,-0.00698829932038616,-0.057297748476638));
#3753=CARTESIAN_POINT('',(-0.014931074198794,-0.00698776776095219,-0.0578410743831711));
#3754=CARTESIAN_POINT('',(-0.0149542262150376,-0.00698699958059913,-0.0589279826986068));
#3755=CARTESIAN_POINT('',(-0.0149600009011841,-0.00698676295805067,-0.0594715650810428));
#3756=CARTESIAN_POINT('',(-0.0149600009011841,-0.0069867626111125,-0.060015129445336));
#3757=CARTESIAN_POINT('',(-0.0149599073629221,-0.0069867626111125,-0.0600151294286102));
#3758=CARTESIAN_POINT('',(-0.0149599461332306,-0.00698676274950191,-0.0597983082356328));
#3759=CARTESIAN_POINT('',(-0.0149581790744765,-0.00698685158074616,-0.0593371404417815));
#3760=CARTESIAN_POINT('',(-0.0149494993234439,-0.00698718367634713,-0.0586922291616274));
#3761=CARTESIAN_POINT('',(-0.0149373865551056,-0.00698758258006758,-0.0581347347266448));
#3762=CARTESIAN_POINT('',(-0.0149254351579624,-0.00698794688819705,-0.0576972337347304));
#3763=CARTESIAN_POINT('',(-0.0149125847177518,-0.00698830978026105,-0.0573118369733472));
#3764=CARTESIAN_POINT('',(-0.0149023143007881,-0.00698858503115377,-0.0570403743380526));
#3765=CARTESIAN_POINT('',(-0.0148954653533135,-0.00698876281934311,-0.0568713246165081));
#3766=CARTESIAN_POINT('',(-0.0148914913775677,-0.00698886593026502,-0.0567752837210706));
#3767=CARTESIAN_POINT('',(-0.0148818797596007,-0.00698910460466758,-0.0565555459415338));
#3768=CARTESIAN_POINT('',(-0.014870665202916,-0.0069893647700888,-0.0563155850798566));
#3769=CARTESIAN_POINT('',(-0.0148495871603926,-0.00698982070073016,-0.0558951415341568));
#3770=CARTESIAN_POINT('',(-0.0148191185454113,-0.00699039587620073,-0.0553641965333102));
#3771=CARTESIAN_POINT('',(-0.0147834426751503,-0.00699098870440376,-0.0548161487975856));
#3772=CARTESIAN_POINT('',(-0.0147400559183895,-0.00699164061002047,-0.0542119935193945));
#3773=CARTESIAN_POINT('',(-0.0146978863757803,-0.00699219975068941,-0.0536902043218721));
#3774=CARTESIAN_POINT('',(-0.0146833238353419,-0.00699237341780929,-0.053522053304778));
#3775=CARTESIAN_POINT('',(-0.0146814466713342,-0.0069923919112354,-0.0535001800830278));
#3776=CARTESIAN_POINT('',(-0.0147442833000264,-0.0127200897710195,-0.0600095340606365));
#3777=CARTESIAN_POINT('',(-0.0148882004648554,-0.0108125976394728,-0.0600114423180984));
#3778=CARTESIAN_POINT('',(-0.0149601344026663,-0.0089029748719102,-0.060015128220342));
#3779=CARTESIAN_POINT('',(-0.0149598793171417,-0.00698676237729797,-0.0600151294453362));
#3780=CARTESIAN_POINT('',(-0.0147443132283039,-0.0127200920290591,-0.0600095340606365));
#3781=CARTESIAN_POINT('',(-0.0147249668052207,-0.0109334733414206,-0.0554969066731997));
#3782=CARTESIAN_POINT('',(-0.0147393832122906,-0.0110829145326898,-0.0558564647960768));
#3783=CARTESIAN_POINT('',(-0.0147506717482311,-0.0112322513954419,-0.0562201323996362));
#3784=CARTESIAN_POINT('',(-0.014766741901826,-0.0115305964954523,-0.0569557330252187));
#3785=CARTESIAN_POINT('',(-0.0147715235194805,-0.0116796047327107,-0.0573276660472418));
#3786=CARTESIAN_POINT('',(-0.0147743286604767,-0.0119771726132745,-0.0580798439668509));
#3787=CARTESIAN_POINT('',(-0.0147727714466694,-0.0121259341572892,-0.0584600155094006));
#3788=CARTESIAN_POINT('',(-0.0147633597321944,-0.0124232295701795,-0.0592285873354456));
#3789=CARTESIAN_POINT('',(-0.0147555052315266,-0.0125717634390552,-0.0596169876189408));
#3790=CARTESIAN_POINT('',(-0.0147443132283039,-0.0127200920290591,-0.0600095340606365));
#3791=CARTESIAN_POINT('',(0.0610740796615114,-0.00771720000000003,-0.0600015336122162));
#3792=CARTESIAN_POINT('',(-0.0138489495876953,-0.00696175716893142,-0.0470498475150961));
#3793=CARTESIAN_POINT('',(-0.0136852939076634,-0.00833608553038567,-0.0461031069474519));
#3794=CARTESIAN_POINT('',(-0.0135310270392034,-0.00975160031553062,-0.0451809715412586));
#3795=CARTESIAN_POINT('',(-0.013388626280095,-0.0112084834698155,-0.0443056518872814));
#3796=CARTESIAN_POINT('',(-0.01495740928272,-0.0127594138135886,-0.0534584887143531));
#3797=CARTESIAN_POINT('',(-0.0147496034788837,-0.0137979600966359,-0.0523891320509264));
#3798=CARTESIAN_POINT('',(-0.0145536001826212,-0.0148691837477757,-0.0513468485560897));
#3799=CARTESIAN_POINT('',(-0.0143725999050528,-0.0159731179136488,-0.0503569919346715));
#3800=CARTESIAN_POINT('',(-0.014099270469991,-0.0184075225833739,-0.0600369402714804));
#3801=CARTESIAN_POINT('',(-0.0139895152448244,-0.0191298238248148,-0.058829152419214));
#3802=CARTESIAN_POINT('',(-0.0138860343548974,-0.0198739002940754,-0.0576525166569116));
#3803=CARTESIAN_POINT('',(-0.0137904985801061,-0.0206398622996407,-0.0565354404397241));
#3804=CARTESIAN_POINT('',(-0.0138465811036413,-0.0201996494283741,-0.0571874245550824));
#3805=CARTESIAN_POINT('',(-0.0140168071404081,-0.0188909535800173,-0.0567060990792696));
#3806=CARTESIAN_POINT('',(-0.0142203804058913,-0.0170377224658675,-0.0557183351548386));
#3807=CARTESIAN_POINT('',(-0.0143050180248516,-0.0152594572536922,-0.0541180451091593));
#3808=CARTESIAN_POINT('',(-0.0143063006572846,-0.0144477584312294,-0.0531803620155111));
#3809=CARTESIAN_POINT('',(-0.0142948611096743,-0.0140202402806089,-0.0526196132911495));
#3810=CARTESIAN_POINT('',(-0.0142788122189159,-0.0137002823844909,-0.0521583625893205));
#3811=CARTESIAN_POINT('',(-0.014260706988391,-0.0134551807228539,-0.0517723120763227));
#3812=CARTESIAN_POINT('',(-0.014228107685279,-0.0131173815739705,-0.0511976576379216));
#3813=CARTESIAN_POINT('',(-0.0141734009901506,-0.0127277959521591,-0.0504407072127962));
#3814=CARTESIAN_POINT('',(-0.0140989964610086,-0.0123758686925824,-0.0496205163070192));
#3815=CARTESIAN_POINT('',(-0.0140352229884499,-0.0121522580435136,-0.0490085437019629));
#3816=CARTESIAN_POINT('',(-0.0139969776334748,-0.0120352837923239,-0.0486612905991975));
#3817=CARTESIAN_POINT('',(-0.0139629716270843,-0.0119420543904117,-0.0483648762254026));
#3818=CARTESIAN_POINT('',(-0.0139417274485363,-0.0118888371979889,-0.048185336533258));
#3819=CARTESIAN_POINT('',(-0.0139065794231113,-0.0118057803324232,-0.047893881670489));
#3820=CARTESIAN_POINT('',(-0.0138422763264155,-0.0116711016273949,-0.0473804123827903));
#3821=CARTESIAN_POINT('',(-0.0137340645764618,-0.0114904996419154,-0.0465705193856351));
#3822=CARTESIAN_POINT('',(-0.0135787422714796,-0.0113092309928903,-0.0455021405691584));
#3823=CARTESIAN_POINT('',(-0.0134568447475056,-0.0112183909306088,-0.0447249835739126));
#3824=CARTESIAN_POINT('',(-0.0133911923956199,-0.0111827301577418,-0.0443214227505134));
#3825=CARTESIAN_POINT('',(-0.0144604684425652,-0.0127551603959944,-0.0534688893940599));
#3826=CARTESIAN_POINT('',(-0.014503115355388,-0.0146548131739013,-0.055636141116176));
#3827=CARTESIAN_POINT('',(-0.0143821867834055,-0.0165434039189166,-0.0578180370540122));
#3828=CARTESIAN_POINT('',(-0.0140972431192092,-0.0184208717981609,-0.0600146262292102));
#3829=CARTESIAN_POINT('',(-0.0147249668052207,-0.0109334733414206,-0.0554969066731997));
#3830=CARTESIAN_POINT('',(-0.0147038037717773,-0.0111039872448249,-0.0553070863941617));
#3831=CARTESIAN_POINT('',(-0.0146823676097013,-0.0112698209728452,-0.0551224746370206));
#3832=CARTESIAN_POINT('',(-0.0146391551634527,-0.0115921423563045,-0.0547636526526232));
#3833=CARTESIAN_POINT('',(-0.0146173788792801,-0.0117486300117435,-0.0545894424253669));
#3834=CARTESIAN_POINT('',(-0.0145736923240064,-0.0120522735282267,-0.0542514079868301));
#3835=CARTESIAN_POINT('',(-0.0145513855477364,-0.0121994003818833,-0.0540876153342298));
#3836=CARTESIAN_POINT('',(-0.0145062336205154,-0.0124842935129214,-0.0537704473382541));
#3837=CARTESIAN_POINT('',(-0.0144833884695644,-0.0126220597903029,-0.0536170719948786));
#3838=CARTESIAN_POINT('',(-0.0144604684425652,-0.0127551603959943,-0.05346888939406));
#3839=CARTESIAN_POINT('',(-0.0147321750087557,-0.0110081939370552,-0.0556766857346383));
#3840=CARTESIAN_POINT('',(-0.0147100264010124,-0.011232483507605,-0.0555137396547607));
#3841=CARTESIAN_POINT('',(-0.0146878396917424,-0.0114374303522037,-0.0553493918512177));
#3842=CARTESIAN_POINT('',(-0.014643750185827,-0.0118145692715802,-0.0550217217071354));
#3843=CARTESIAN_POINT('',(-0.0146218473833948,-0.011986761395712,-0.0548583993136891));
#3844=CARTESIAN_POINT('',(-0.0145786341928454,-0.0123043187412687,-0.0545366121625574));
#3845=CARTESIAN_POINT('',(-0.0145564700820109,-0.0124528177644981,-0.0543746579269578));
#3846=CARTESIAN_POINT('',(-0.0145114753418117,-0.0127340307581464,-0.0540537444900497));
#3847=CARTESIAN_POINT('',(-0.0144886447124471,-0.0128667447285651,-0.0538947852887413));
#3848=CARTESIAN_POINT('',(-0.0144657050801124,-0.0129939532957221,-0.0537398817817581));
#3849=CARTESIAN_POINT('',(-0.0147386012445083,-0.0110828884505605,-0.0558574921662474));
#3850=CARTESIAN_POINT('',(-0.0147153690047571,-0.0113537796098258,-0.0557187415259231));
#3851=CARTESIAN_POINT('',(-0.0146922572103917,-0.0115928398472926,-0.0555726156244101));
#3852=CARTESIAN_POINT('',(-0.0146468757557998,-0.0120188278169422,-0.0552730240734836));
#3853=CARTESIAN_POINT('',(-0.0146246060778718,-0.0122057558757723,-0.0551195583314764));
#3854=CARTESIAN_POINT('',(-0.0145813436379318,-0.0125390029139406,-0.0548127035686899));
#3855=CARTESIAN_POINT('',(-0.0145591603969125,-0.012690828491574,-0.0546531837994298));
#3856=CARTESIAN_POINT('',(-0.0145141545222817,-0.0129743680122215,-0.0543316357365145));
#3857=CARTESIAN_POINT('',(-0.014491331818322,-0.0131060821824061,-0.0541696074428374));
#3858=CARTESIAN_POINT('',(-0.0144683848064348,-0.0132324748169599,-0.0540111629948182));
#3859=CARTESIAN_POINT('',(-0.0147498583834453,-0.0112322103172551,-0.0562211655769442));
#3860=CARTESIAN_POINT('',(-0.0147243864441058,-0.0115832022596787,-0.0561249112533512));
#3861=CARTESIAN_POINT('',(-0.0146992578518274,-0.0118816427229404,-0.0560111061509643));
#3862=CARTESIAN_POINT('',(-0.0146507991809382,-0.0123950842608163,-0.0557620044747104));
#3863=CARTESIAN_POINT('',(-0.014627469053653,-0.0126100864969565,-0.0556267077503602));
#3864=CARTESIAN_POINT('',(-0.0145832488234053,-0.0129783029483151,-0.0553482421281555));
#3865=CARTESIAN_POINT('',(-0.0145606897185626,-0.0131404854389239,-0.0551950896221229));
#3866=CARTESIAN_POINT('',(-0.0145150433514249,-0.0134393033440922,-0.0548782475244381));
#3867=CARTESIAN_POINT('',(-0.0144919557897057,-0.0135759397240021,-0.0547145579326872));
#3868=CARTESIAN_POINT('',(-0.0144686321161917,-0.0137089213613232,-0.0545542508700841));
#3869=CARTESIAN_POINT('',(-0.0147546892866298,-0.0113068376704445,-0.0564040325560318));
#3870=CARTESIAN_POINT('',(-0.0147280612797098,-0.0116913288073108,-0.0563260791096169));
#3871=CARTESIAN_POINT('',(-0.0147018409880488,-0.0120150361533929,-0.0562263729586082));
#3872=CARTESIAN_POINT('',(-0.0146515970832391,-0.0125670823339885,-0.0559996826995693));
#3873=CARTESIAN_POINT('',(-0.014627573402358,-0.0127954228876131,-0.0558726984228533));
#3874=CARTESIAN_POINT('',(-0.0145824446585156,-0.0131829191594669,-0.0556076896614228));
#3875=CARTESIAN_POINT('',(-0.0145595288270908,-0.0133521320336908,-0.0554584699793993));
#3876=CARTESIAN_POINT('',(-0.0145132530827425,-0.0136639017218313,-0.0551469683914697));
#3877=CARTESIAN_POINT('',(-0.0144898927116672,-0.0138064600121077,-0.0549846864854101));
#3878=CARTESIAN_POINT('',(-0.0144661997032432,-0.0139468463854837,-0.0548260575320784));
#3879=CARTESIAN_POINT('',(-0.0147627243634272,-0.0114560102204497,-0.0567718328688231));
#3880=CARTESIAN_POINT('',(-0.0147338354656173,-0.0118956431145168,-0.0567240495712282));
#3881=CARTESIAN_POINT('',(-0.0147054172755098,-0.0122621916579074,-0.0566483858458827));
#3882=CARTESIAN_POINT('',(-0.0146513703717575,-0.0128828978485124,-0.0564613463755297));
#3883=CARTESIAN_POINT('',(-0.0146257415502336,-0.0131370584347124,-0.0563499704419585));
#3884=CARTESIAN_POINT('',(-0.0145780622997699,-0.0135667451150599,-0.0561115668237329));
#3885=CARTESIAN_POINT('',(-0.0145540666260956,-0.013753518320041,-0.0559720205943233));
#3886=CARTESIAN_POINT('',(-0.0145056789628117,-0.0141004277685653,-0.0556769192681585));
#3887=CARTESIAN_POINT('',(-0.0144812861615326,-0.0142605666238236,-0.0555213641711183));
#3888=CARTESIAN_POINT('',(-0.0144562285377768,-0.0144220480376454,-0.0553701443954479));
#3889=CARTESIAN_POINT('',(-0.0147659285370402,-0.0115305554172656,-0.0569567662025267));
#3890=CARTESIAN_POINT('',(-0.0147359348106395,-0.0119918308458059,-0.0569208520939977));
#3891=CARTESIAN_POINT('',(-0.0147064104243779,-0.0123759537391895,-0.0568551318568891));
#3892=CARTESIAN_POINT('',(-0.0146503457673657,-0.0130267154105838,-0.0566853318650403));
#3893=CARTESIAN_POINT('',(-0.0146238053676474,-0.0132933577898693,-0.0565812519200609));
#3894=CARTESIAN_POINT('',(-0.0145744841373667,-0.0137459551716048,-0.0563559967356311));
#3895=CARTESIAN_POINT('',(-0.0145497653523818,-0.0139432583591227,-0.05622219119311));
#3896=CARTESIAN_POINT('',(-0.0144998951411522,-0.0143123557281593,-0.0559381495867977));
#3897=CARTESIAN_POINT('',(-0.0144747427084478,-0.014484153145739,-0.0557879135226449));
#3898=CARTESIAN_POINT('',(-0.0144486897810062,-0.0146593246652684,-0.055642424593598));
#3899=CARTESIAN_POINT('',(-0.0147706787576914,-0.0116795486584665,-0.0573287050316872));
#3900=CARTESIAN_POINT('',(-0.0147386664707991,-0.0121734991372395,-0.0573095594785083));
#3901=CARTESIAN_POINT('',(-0.0147070447579899,-0.0125862319737768,-0.0572595421856862));
#3902=CARTESIAN_POINT('',(-0.0146469024212298,-0.0132902493934985,-0.0571195551141289));
#3903=CARTESIAN_POINT('',(-0.0146183816292162,-0.013581538831653,-0.0570295851533739));
#3904=CARTESIAN_POINT('',(-0.0145650998980294,-0.0140836274859989,-0.0568314946037966));
#3905=CARTESIAN_POINT('',(-0.0145385187091425,-0.0143052853388739,-0.0567112901754672));
#3906=CARTESIAN_POINT('',(-0.0144846323098912,-0.0147266059805761,-0.0564548245620744));
#3907=CARTESIAN_POINT('',(-0.0144573257197421,-0.0149262731969911,-0.0563185633764852));
#3908=CARTESIAN_POINT('',(-0.0144285158122271,-0.015133177615014,-0.0561874041601679));
#3909=CARTESIAN_POINT('',(-0.0147722248047296,-0.0117539967028516,-0.0575157105271441));
#3910=CARTESIAN_POINT('',(-0.0147392987859364,-0.0122589796973839,-0.0575014643402495));
#3911=CARTESIAN_POINT('',(-0.0147066859412659,-0.01268274817608,-0.0574572065594297));
#3912=CARTESIAN_POINT('',(-0.0146444836744583,-0.0134099659858698,-0.0573297930695361));
#3913=CARTESIAN_POINT('',(-0.0146148940662521,-0.0137134207633397,-0.057246637188337));
#3914=CARTESIAN_POINT('',(-0.0145592938114825,-0.0142420900870441,-0.0570625629516976));
#3915=CARTESIAN_POINT('',(-0.0145315733296017,-0.0144775726473432,-0.0569502189786294));
#3916=CARTESIAN_POINT('',(-0.0144751532934716,-0.0149289285680169,-0.0567102695543188));
#3917=CARTESIAN_POINT('',(-0.0144464521809022,-0.0151448069231598,-0.0565826641024629));
#3918=CARTESIAN_POINT('',(-0.0144158806037562,-0.0153697539382569,-0.0564601035283906));
#3919=CARTESIAN_POINT('',(-0.0147736273752277,-0.0119027806431335,-0.0578917994869486));
#3920=CARTESIAN_POINT('',(-0.014739204852304,-0.0124204653200108,-0.0578798441577475));
#3921=CARTESIAN_POINT('',(-0.0147048236708446,-0.0128609181889772,-0.0578428958975746));
#3922=CARTESIAN_POINT('',(-0.0146385730869592,-0.0136293707609933,-0.0577364771171865));
#3923=CARTESIAN_POINT('',(-0.0146067034706458,-0.0139573768467609,-0.0576670064512492));
#3924=CARTESIAN_POINT('',(-0.0145457856543608,-0.0145429127168583,-0.0575130149077372));
#3925=CARTESIAN_POINT('',(-0.0145153056391374,-0.0148091336826778,-0.0574188249858677));
#3926=CARTESIAN_POINT('',(-0.0144526165218005,-0.0153270222503198,-0.0572170972757568));
#3927=CARTESIAN_POINT('',(-0.0144204055728684,-0.0155786957536037,-0.0571095594867266));
#3928=CARTESIAN_POINT('',(-0.0143855277210561,-0.0158421561122582,-0.057005867340136));
#3929=CARTESIAN_POINT('',(-0.0147735887144004,-0.0119771670142077,-0.0580808646125372));
#3930=CARTESIAN_POINT('',(-0.0147385993122784,-0.0124980716834342,-0.0580702180334868));
#3931=CARTESIAN_POINT('',(-0.0147034423129122,-0.0129449456070354,-0.0580367796137487));
#3932=CARTESIAN_POINT('',(-0.0146351896279752,-0.0137320047679937,-0.0579402545125669));
#3933=CARTESIAN_POINT('',(-0.0146020937187055,-0.0140721967330041,-0.0578771677019092));
#3934=CARTESIAN_POINT('',(-0.0145381426983003,-0.0146872305466112,-0.0577372886072033));
#3935=CARTESIAN_POINT('',(-0.0145060233775826,-0.0149697773667417,-0.0576519256303138));
#3936=CARTESIAN_POINT('',(-0.0144395692454814,-0.0155231845029813,-0.0574694585145596));
#3937=CARTESIAN_POINT('',(-0.014405232477316,-0.0157940510600647,-0.0573723543748187));
#3938=CARTESIAN_POINT('',(-0.0143678100570845,-0.016077981974783,-0.0572789317900812));
#3939=CARTESIAN_POINT('',(-0.0147719842858119,-0.0121259056978968,-0.0584610441020188));
#3940=CARTESIAN_POINT('',(-0.0147361602884744,-0.0126482264638222,-0.0584530616385234));
#3941=CARTESIAN_POINT('',(-0.0146996359276058,-0.0131052447699015,-0.0584264578071543));
#3942=CARTESIAN_POINT('',(-0.0146273872766757,-0.0139271745770574,-0.05834912607731));
#3943=CARTESIAN_POINT('',(-0.0145916627565995,-0.0142920930736003,-0.0582983980842936));
#3944=CARTESIAN_POINT('',(-0.0145209375393419,-0.0149682876307738,-0.0581859418180693));
#3945=CARTESIAN_POINT('',(-0.0144850191023789,-0.0152851967652058,-0.0581179498338811));
#3946=CARTESIAN_POINT('',(-0.0144098002649429,-0.01591277342876,-0.0579738731494677));
#3947=CARTESIAN_POINT('',(-0.0143704978086502,-0.0162234474797122,-0.057897788448202));
#3948=CARTESIAN_POINT('',(-0.0143273099641163,-0.0165488372627608,-0.0578253740358132));
#3949=CARTESIAN_POINT('',(-0.0147704185180507,-0.0122002580105118,-0.0586521584659118));
#3950=CARTESIAN_POINT('',(-0.0147343268046961,-0.0127207748807869,-0.0586455313678208));
#3951=CARTESIAN_POINT('',(-0.0146972108842932,-0.0131815165605778,-0.0586222523394912));
#3952=CARTESIAN_POINT('',(-0.0146229683286802,-0.0140197105397047,-0.0585542204395445));
#3953=CARTESIAN_POINT('',(-0.014585841466951,-0.0143971697573843,-0.058509467491551));
#3954=CARTESIAN_POINT('',(-0.0145113752255034,-0.0151050272065274,-0.0584103217152247));
#3955=CARTESIAN_POINT('',(-0.0144732969701347,-0.015439972824016,-0.0583508738063192));
#3956=CARTESIAN_POINT('',(-0.0143930784669792,-0.0161062003778791,-0.058225926876258));
#3957=CARTESIAN_POINT('',(-0.0143509361742984,-0.0164374887774269,-0.0581604278539851));
#3958=CARTESIAN_POINT('',(-0.0143045275384738,-0.0167838666896182,-0.0580987518316935));
#3959=CARTESIAN_POINT('',(-0.0147657126608131,-0.0123489057169569,-0.0590364443789343));
#3960=CARTESIAN_POINT('',(-0.0147293210960531,-0.0128620287175788,-0.0590322945995515));
#3961=CARTESIAN_POINT('',(-0.014691143695448,-0.0133286592281269,-0.0590155845983437));
#3962=CARTESIAN_POINT('',(-0.0146128102817559,-0.0141987062617797,-0.0589661711591168));
#3963=CARTESIAN_POINT('',(-0.0145726540675617,-0.0146021289513377,-0.0589334676777502));
#3964=CARTESIAN_POINT('',(-0.0144899790936472,-0.0153755032680143,-0.0588611961042619));
#3965=CARTESIAN_POINT('',(-0.0144470445121898,-0.0157480275373015,-0.0588187706207157));
#3966=CARTESIAN_POINT('',(-0.0143556646314157,-0.0164933247263282,-0.0587315226355164));
#3967=CARTESIAN_POINT('',(-0.0143072174822624,-0.0168661034232548,-0.0586867001326147));
#3968=CARTESIAN_POINT('',(-0.0142539193141697,-0.0172530847124842,-0.0586457692930133));
#3969=CARTESIAN_POINT('',(-0.0147625725713368,-0.0124232011107872,-0.0592296159280638));
#3970=CARTESIAN_POINT('',(-0.0147261488711884,-0.0129307341374061,-0.0592265881019846));
#3971=CARTESIAN_POINT('',(-0.0146875015253967,-0.0133995301469407,-0.0592131223767415));
#3972=CARTESIAN_POINT('',(-0.0146070710959606,-0.0142851661671914,-0.059173027697082));
#3973=CARTESIAN_POINT('',(-0.0145652878331249,-0.0147020116695927,-0.0591463987141826));
#3974=CARTESIAN_POINT('',(-0.0144781450976893,-0.0155092400424751,-0.0590876909535577));
#3975=CARTESIAN_POINT('',(-0.0144325139931344,-0.0159013064990443,-0.0590537438431486));
#3976=CARTESIAN_POINT('',(-0.0143349724277731,-0.0166870223627221,-0.0589850649619934));
#3977=CARTESIAN_POINT('',(-0.0142830603012617,-0.0170806769196886,-0.0589503331899439));
#3978=CARTESIAN_POINT('',(-0.0142260934818515,-0.0174872732825672,-0.0589194089277245));
#3979=CARTESIAN_POINT('',(-0.0147546708558879,-0.0125717121193373,-0.0596180241584909));
#3980=CARTESIAN_POINT('',(-0.0147183548830387,-0.0130655169292445,-0.0596167267995644));
#3981=CARTESIAN_POINT('',(-0.0146787971172802,-0.0135382189931937,-0.0596097707513099));
#3982=CARTESIAN_POINT('',(-0.0145938846499527,-0.0144560075694165,-0.0595889377497873));
#3983=CARTESIAN_POINT('',(-0.0145485298365573,-0.0149010974506066,-0.0595750607895075));
#3984=CARTESIAN_POINT('',(-0.0144516475711708,-0.0157782364623715,-0.0595447819263534));
#3985=CARTESIAN_POINT('',(-0.0144000562596283,-0.0162106838080862,-0.0595279403859899));
#3986=CARTESIAN_POINT('',(-0.0142891476451015,-0.0170776480977615,-0.0594954099019661));
#3987=CARTESIAN_POINT('',(-0.0142298292701986,-0.0175121681977473,-0.0594797209569257));
#3988=CARTESIAN_POINT('',(-0.0141654249456731,-0.0179547563170285,-0.0594668855950966));
#3989=CARTESIAN_POINT('',(-0.0147499092299153,-0.0126459277340572,-0.0598132608397887));
#3990=CARTESIAN_POINT('',(-0.0147137331197538,-0.0131315943012557,-0.0598125719947109));
#3991=CARTESIAN_POINT('',(-0.0146737348498932,-0.0136060369613724,-0.0598088813993686));
#3992=CARTESIAN_POINT('',(-0.0145864372872142,-0.0145403892088638,-0.0597979914461362));
#3993=CARTESIAN_POINT('',(-0.0145391379280183,-0.0150003007171544,-0.0597907920878416));
#3994=CARTESIAN_POINT('',(-0.0144369838359591,-0.0159134963932577,-0.0597753784130724));
#3995=CARTESIAN_POINT('',(-0.0143821288261661,-0.0163667824613426,-0.0597671640955626));
#3996=CARTESIAN_POINT('',(-0.0142640148919446,-0.0172745764416656,-0.059752212826797));
#3997=CARTESIAN_POINT('',(-0.0142007553052525,-0.0177290861434256,-0.0597454758741392));
#3998=CARTESIAN_POINT('',(-0.0141325822450171,-0.0181880507828673,-0.0597407226277685));
#3999=CARTESIAN_POINT('',(-0.0147443132283039,-0.0127200920290591,-0.0600095340606365));
#4000=CARTESIAN_POINT('',(-0.0147083311885919,-0.0131969651240196,-0.060009056996003));
#4001=CARTESIAN_POINT('',(-0.0146678466767596,-0.0136734986704877,-0.0600086914820316));
#4002=CARTESIAN_POINT('',(-0.0145778916355075,-0.0146257175293956,-0.0600083548737305));
#4003=CARTESIAN_POINT('',(-0.0145284210994818,-0.0151014028403401,-0.0600083837789963));
#4004=CARTESIAN_POINT('',(-0.0144205260219267,-0.0160517548128328,-0.0600090063938736));
#4005=CARTESIAN_POINT('',(-0.0143621015161033,-0.0165264214851497,-0.0600096001024498));
#4006=CARTESIAN_POINT('',(-0.0142363418269363,-0.0174745781096834,-0.0600115212287179));
#4007=CARTESIAN_POINT('',(-0.0141690065299041,-0.0179480680300805,-0.0600128486450077));
#4008=CARTESIAN_POINT('',(-0.0140972466291471,-0.0184208723308886,-0.0600146262291837));
#4009=CARTESIAN_POINT('',(-0.0140971947927182,-0.0184208644570984,-0.0600146262291837));
#4010=CARTESIAN_POINT('',(-0.0143268935115241,-0.0169086624433869,-0.0600089407585301));
#4011=CARTESIAN_POINT('',(-0.0145715236749016,-0.015009862682861,-0.0600072433690143));
#4012=CARTESIAN_POINT('',(-0.0147442833000264,-0.0127200897710195,-0.0600095340606365));
#4013=CARTESIAN_POINT('',(0.0611115778420404,-0.00699688898258787,-0.061507800000002));
#4014=CARTESIAN_POINT('',(-0.0610740796614125,-0.00825853954585387,0.0600015336122086));
#4015=CARTESIAN_POINT('',(0.0149599073629222,-0.00698676261111282,0.0600151294286042));
#4016=CARTESIAN_POINT('',(0.0149600027533446,-0.00751978818482685,0.0594816628144127));
#4017=CARTESIAN_POINT('',(0.0149490295156654,-0.00849315799942177,0.0585074658999729));
#4018=CARTESIAN_POINT('',(0.0149207976181622,-0.00947813123442171,0.0575219109159587));
#4019=CARTESIAN_POINT('',(0.0148959522121523,-0.010127130664565,0.0568726762004166));
#4020=CARTESIAN_POINT('',(0.0148805708375693,-0.010474713446611,0.0565250136896719));
#4021=CARTESIAN_POINT('',(0.0148689120879862,-0.0107182812207936,0.0562814039994744));
#4022=CARTESIAN_POINT('',(0.0148606592488493,-0.0108828697409523,0.0561167901376254));
#4023=CARTESIAN_POINT('',(0.0148541294735488,-0.0110077990186084,0.0559918400356768));
#4024=CARTESIAN_POINT('',(0.0148500948440956,-0.0110832222021093,0.0559164017985696));
#4025=CARTESIAN_POINT('',(0.0148474970624064,-0.0111310567852989,0.0558685560995861));
#4026=CARTESIAN_POINT('',(0.0148466690468878,-0.0111463867472849,0.0558532223554648));
#4027=CARTESIAN_POINT('',(0.014841781439383,-0.0112350158093878,0.0557645699148301));
#4028=CARTESIAN_POINT('',(0.0148365864295225,-0.0113271793579412,0.0556723828262128));
#4029=CARTESIAN_POINT('',(0.0148266517114646,-0.0114995030153423,0.0555000164792712));
#4030=CARTESIAN_POINT('',(0.0148122631706371,-0.0117368078832441,0.0552626578488522));
#4031=CARTESIAN_POINT('',(0.0147940406341339,-0.0120200544892859,0.0549793561021622));
#4032=CARTESIAN_POINT('',(0.0147687757511275,-0.0123911895093479,0.0546081625241419));
#4033=CARTESIAN_POINT('',(0.014735381631743,-0.012844941933974,0.0541543662218344));
#4034=CARTESIAN_POINT('',(0.0146786073735663,-0.0135483961405114,0.0534509069521754));
#4035=CARTESIAN_POINT('',(0.0146022224793012,-0.0143858304509513,0.0526135844642212));
#4036=CARTESIAN_POINT('',(0.014537108085342,-0.0150110174880931,0.0519885723707264));
#4037=CARTESIAN_POINT('',(0.0145039600811075,-0.0153124279649972,0.0516872521434951));
#4038=CARTESIAN_POINT('',(0.0145039720635993,-0.0153124153992509,0.0516872382018203));
#4039=CARTESIAN_POINT('',(0.0145037012414364,-0.0153147077873153,0.0516848995897276));
#4040=CARTESIAN_POINT('',(0.014433040577878,-0.0146512800004388,0.0510427676726039));
#4041=CARTESIAN_POINT('',(0.0142519434463082,-0.0134554446090716,0.0495609456543109));
#4042=CARTESIAN_POINT('',(0.0140011200947763,-0.0126509631139157,0.0479304447464286));
#4043=CARTESIAN_POINT('',(0.0138457837804221,-0.0123094474843324,0.0470330553082677));
#4044=CARTESIAN_POINT('',(-0.0611176795328714,-0.0069954515423971,0.0527927199621461));
#4045=CARTESIAN_POINT('',(0.0140971379031494,-0.0184208556782975,0.0538704410839103));
#4046=CARTESIAN_POINT('',(0.0142753589869534,-0.0172476047261099,0.0532874103287628));
#4047=CARTESIAN_POINT('',(0.0144053360041523,-0.0162096591225486,0.0525604684764888));
#4048=CARTESIAN_POINT('',(0.0145042366259727,-0.0153101624854991,0.0516896155270886));
#4049=CARTESIAN_POINT('',(0.0610741890379183,-0.00771719999999998,0.0600002590028605));
#4050=CARTESIAN_POINT('',(-0.0138458917613034,-0.00698676261113377,0.0470330364507576));
#4051=CARTESIAN_POINT('',(-0.0140166587081975,-0.007384225957988,0.0480196681992097));
#4052=CARTESIAN_POINT('',(-0.0142541674730124,-0.00801040527649878,0.049566455420693));
#4053=CARTESIAN_POINT('',(-0.0144845233450392,-0.00878982946489242,0.0514789232574549));
#4054=CARTESIAN_POINT('',(-0.0145869579004014,-0.00919535284339243,0.052470730815517));
#4055=CARTESIAN_POINT('',(-0.0146404498773795,-0.00942595519955411,0.0530338657554095));
#4056=CARTESIAN_POINT('',(-0.0146811995031302,-0.00961424675445382,0.0534931517754079));
#4057=CARTESIAN_POINT('',(-0.0147093316191431,-0.00975272942358275,0.0538306194475223));
#4058=CARTESIAN_POINT('',(-0.0147498341674559,-0.00996301291995327,0.054342722205274));
#4059=CARTESIAN_POINT('',(-0.0147965328179352,-0.0102329370680111,0.0549993264970595));
#4060=CARTESIAN_POINT('',(-0.0148470596226202,-0.0105742677205171,0.0558286754854556));
#4061=CARTESIAN_POINT('',(-0.0148919880170079,-0.0109543553809772,0.0567510115808143));
#4062=CARTESIAN_POINT('',(-0.0149215223270875,-0.0112817486862359,0.0575449659233955));
#4063=CARTESIAN_POINT('',(-0.0149513582398684,-0.0117371584247155,0.0586491324028125));
#4064=CARTESIAN_POINT('',(-0.0149599048751689,-0.0120748898438007,0.0594673761208654));
#4065=CARTESIAN_POINT('',(-0.0149597977479184,-0.0123011294946995,0.0600151294056041));
#4066=CARTESIAN_POINT('',(-0.0146140508655746,-0.0153622618877119,0.0654690226555642));
#4067=CARTESIAN_POINT('',(-0.0145604082019715,-0.0156630220235595,0.0649149889106239));
#4068=CARTESIAN_POINT('',(-0.0145067655383685,-0.0159637821594071,0.0643609551656836));
#4069=CARTESIAN_POINT('',(-0.0144531228747654,-0.0162645422952548,0.0638069214207434));
#4070=CARTESIAN_POINT('',(-0.0143282771991345,-0.0169645187662324,0.062517486620839));
#4071=CARTESIAN_POINT('',(-0.0142095122759853,-0.0176811982933287,0.0612502633302482));
#4072=CARTESIAN_POINT('',(-0.0139703285656211,-0.0192571357649308,0.0586187090631814));
#4073=CARTESIAN_POINT('',(-0.0138512843537727,-0.0201264552762197,0.0572576345028759));
#4074=CARTESIAN_POINT('',(-0.0137161008626238,-0.0212520913050022,0.0556601489344146));
#4075=CARTESIAN_POINT('',(-0.0136893464486573,-0.0214826577258085,0.0553410488426655));
#4076=CARTESIAN_POINT('',(-0.0136633314045647,-0.0217153948301957,0.0550281126859971));
#4077=CARTESIAN_POINT('',(-0.0159313933915039,-0.0083894928442987,0.0582639617912911));
#4078=CARTESIAN_POINT('',(-0.0158299321365931,-0.00882061914621362,0.0577740360436855));
#4079=CARTESIAN_POINT('',(-0.0157284708816823,-0.00925174544812855,0.05728411029608));
#4080=CARTESIAN_POINT('',(-0.0156270096267715,-0.00968287175004348,0.0567941845484744));
#4081=CARTESIAN_POINT('',(-0.0153908729760373,-0.0106862569443932,0.0556539520010871));
#4082=CARTESIAN_POINT('',(-0.0151661412500585,-0.0117150601436229,0.0545327672493253));
#4083=CARTESIAN_POINT('',(-0.014713330224128,-0.0139807253142578,0.0522030986443984));
#4084=CARTESIAN_POINT('',(-0.0144878370756349,-0.0152324388336975,0.0509973750842742));
#4085=CARTESIAN_POINT('',(-0.0142316718607123,-0.0168554698285044,0.0495815109516846));
#4086=CARTESIAN_POINT('',(-0.0141809654973664,-0.0171880526946155,0.0492986360308015));
#4087=CARTESIAN_POINT('',(-0.0141316547893025,-0.0175238803769449,0.0490211869922269));
#4088=CARTESIAN_POINT('',(-0.0146164365987423,-0.00116835354248483,0.0513072917383288));
#4089=CARTESIAN_POINT('',(-0.0145364599337059,-0.00174053147681764,0.0508730594995922));
#4090=CARTESIAN_POINT('',(-0.0144564832686695,-0.00231270941115044,0.0504388272608556));
#4091=CARTESIAN_POINT('',(-0.014376506603633,-0.00288488734548324,0.050004595022119));
#4092=CARTESIAN_POINT('',(-0.0141903722823574,-0.00421655016747552,0.0489939812012448));
#4093=CARTESIAN_POINT('',(-0.0140133404112839,-0.00557971822330391,0.0480009777094693));
#4094=CARTESIAN_POINT('',(-0.0136567736699203,-0.00857754194745255,0.0459386653071019));
#4095=CARTESIAN_POINT('',(-0.0134793067067627,-0.0102312031502428,0.0448720101438878));
#4096=CARTESIAN_POINT('',(-0.0132777798685667,-0.0123724419066325,0.0436200829684778));
#4097=CARTESIAN_POINT('',(-0.0132378920787363,-0.0128110842332961,0.0433699871489661));
#4098=CARTESIAN_POINT('',(-0.0131991057533296,-0.013253866989626,0.0431247168570467));
#4099=CARTESIAN_POINT('',(-0.013362071474271,-0.0114824042056111,0.0441428595791878));
#4100=CARTESIAN_POINT('',(-0.0134777712472085,-0.0116278074137752,0.0448571082569663));
#4101=CARTESIAN_POINT('',(-0.0136280820103533,-0.0119001446292266,0.0458650527821451));
#4102=CARTESIAN_POINT('',(-0.0137633839445469,-0.0122768757895417,0.0469029789116275));
#4103=CARTESIAN_POINT('',(-0.0138316293391536,-0.0125141175682482,0.0474723578623231));
#4104=CARTESIAN_POINT('',(-0.0138734765992528,-0.0126789498003417,0.0478400486753744));
#4105=CARTESIAN_POINT('',(-0.0139264277348003,-0.0129252283356725,0.0483409668556952));
#4106=CARTESIAN_POINT('',(-0.0139833515316034,-0.0132495487557436,0.0489365366521619));
#4107=CARTESIAN_POINT('',(-0.0140421161235875,-0.0136945301180415,0.0496575354528711));
#4108=CARTESIAN_POINT('',(-0.0140895093890408,-0.0142779714047968,0.0504555804170123));
#4109=CARTESIAN_POINT('',(-0.0141156880880253,-0.0148769436559851,0.0511616916376105));
#4110=CARTESIAN_POINT('',(-0.0141228218558568,-0.0156026764899077,0.0518896510634348));
#4111=CARTESIAN_POINT('',(-0.0141028714471674,-0.016614001876922,0.0527488122863202));
#4112=CARTESIAN_POINT('',(-0.0140278236826986,-0.0180007820304425,0.053672884890043));
#4113=CARTESIAN_POINT('',(-0.0138752114605952,-0.0197653633245494,0.0545048428910814));
#4114=CARTESIAN_POINT('',(-0.0137399036244667,-0.0210331782749666,0.0549164405942043));
#4115=CARTESIAN_POINT('',(-0.0136679952207349,-0.0216737648424475,0.0550841847205857));
#4116=CARTESIAN_POINT('',(0.0132661510597895,-0.0264982116146079,-0.058155));
#4117=CARTESIAN_POINT('',(0.0126802665851061,-0.0372494196135129,-0.058155));
#4118=CARTESIAN_POINT('',(0.0141733751669415,-0.0480907900362127,-0.058155));
#4119=CARTESIAN_POINT('',(0.0176375634702248,-0.0582834605638644,-0.058155));
#4120=CARTESIAN_POINT('',(0.0132661510597895,-0.0264982116146079,-0.055615));
#4121=CARTESIAN_POINT('',(0.0126802665850806,-0.0372494196134482,-0.055615));
#4122=CARTESIAN_POINT('',(0.0141733751668724,-0.0480907900362843,-0.055615));
#4123=CARTESIAN_POINT('',(0.0176375634702162,-0.0582834605638738,-0.055615));
#4124=CARTESIAN_POINT('',(0.0107299141722753,-0.02636,-0.055615));
#4125=CARTESIAN_POINT('',(0.0101264092633407,-0.0374345498219486,-0.055615));
#4126=CARTESIAN_POINT('',(0.0116644229805015,-0.0486019736962238,-0.055615));
#4127=CARTESIAN_POINT('',(0.0152327965029424,-0.0591011880718245,-0.055615));
#4128=CARTESIAN_POINT('',(0.0132661510597895,-0.0264982116146079,-0.058155));
#4129=CARTESIAN_POINT('',(0.0132661510597895,-0.0264982116146079,-0.0564616666666667));
#4130=CARTESIAN_POINT('',(0.0124207387639515,-0.0264521410764053,-0.055615));
#4131=CARTESIAN_POINT('',(0.0107299141722753,-0.02636,-0.055615));
#4132=CARTESIAN_POINT('',(0.0107299141722754,-0.02636,-0.055615));
#4133=CARTESIAN_POINT('',(0.0108507040599367,-0.0243449623456166,-0.055615));
#4134=CARTESIAN_POINT('',(0.0110554945145811,-0.0224342851487189,-0.0553816798405864));
#4135=CARTESIAN_POINT('',(0.0113277742230534,-0.0206972987721114,-0.054785233526506));
#4136=CARTESIAN_POINT('',(0.0132661510597895,-0.0264982116146079,-0.055615));
#4137=CARTESIAN_POINT('',(0.0133724693896562,-0.0245472289122547,-0.0556259649934571));
#4138=CARTESIAN_POINT('',(0.013540953893324,-0.022696997826344,-0.0554253023946919));
#4139=CARTESIAN_POINT('',(0.0137452836444228,-0.0209785883565646,-0.0548818227330166));
#4140=CARTESIAN_POINT('',(0.0132661510597895,-0.0264982116146079,-0.058155));
#4141=CARTESIAN_POINT('',(0.0133832669323324,-0.0243490897994884,-0.0581550000020307));
#4142=CARTESIAN_POINT('',(0.0135823289701238,-0.0222313677002597,-0.0579060525464005));
#4143=CARTESIAN_POINT('',(0.013846555488276,-0.0202000204840995,-0.057187550641759));
#4144=CARTESIAN_POINT('',(0.013846555520225,-0.0202000202384786,-0.0571875513691649));
#4145=CARTESIAN_POINT('',(0.0137790409025239,-0.0207190659106354,-0.0556503981747756));
#4146=CARTESIAN_POINT('',(0.0129394453011533,-0.0208848249442244,-0.0548496262561533));
#4147=CARTESIAN_POINT('',(0.0113277710374981,-0.0206972984014557,-0.0547852333992303));
#4148=CARTESIAN_POINT('',(0.0113277993553506,-0.0206969939527818,-0.0547851288532222));
#4149=CARTESIAN_POINT('',(0.011494704281154,-0.019632232193414,-0.0544194800226004));
#4150=CARTESIAN_POINT('',(0.0116282607563609,-0.0186778786655509,-0.0539326938421413));
#4151=CARTESIAN_POINT('',(0.0117450403749027,-0.0173950768308013,-0.0529748403623018));
#4152=CARTESIAN_POINT('',(0.0117691656938085,-0.0169978602344739,-0.0526198981606105));
#4153=CARTESIAN_POINT('',(0.0117851259462804,-0.0162793806718689,-0.0518548054920533));
#4154=CARTESIAN_POINT('',(0.0117773698824242,-0.0159540503194486,-0.051441682775309));
#4155=CARTESIAN_POINT('',(0.0117306520194023,-0.0153652258598834,-0.0505465820615675));
#4156=CARTESIAN_POINT('',(0.011691401488905,-0.01510298062911,-0.0500644395235395));
#4157=CARTESIAN_POINT('',(0.0115873826757593,-0.014653606901949,-0.0490629264586031));
#4158=CARTESIAN_POINT('',(0.0115224612478664,-0.0144635545426789,-0.0485393012112507));
#4159=CARTESIAN_POINT('',(0.0112945362319277,-0.0139871373114435,-0.0469012848476165));
#4160=CARTESIAN_POINT('',(0.0111013740826759,-0.0138010219688181,-0.0457387340694996));
#4161=CARTESIAN_POINT('',(0.0108841082789095,-0.0137162000182766,-0.0445484629446995));
#4162=CARTESIAN_POINT('',(0.0137453030235978,-0.0209782746155848,-0.0548817231800991));
#4163=CARTESIAN_POINT('',(0.0138610184210748,-0.0198658976243167,-0.0545282965812007));
#4164=CARTESIAN_POINT('',(0.0139531704162321,-0.0188462832204792,-0.0540395031529497));
#4165=CARTESIAN_POINT('',(0.0140337180067441,-0.0174691847009583,-0.0530396440861539));
#4166=CARTESIAN_POINT('',(0.0140503786388142,-0.0170417856202706,-0.052664370219889));
#4167=CARTESIAN_POINT('',(0.014061147029205,-0.016272447286801,-0.0518497253793601));
#4168=CARTESIAN_POINT('',(0.0140555366156542,-0.0159261730476628,-0.0514073298322433));
#4169=CARTESIAN_POINT('',(0.0140215190042773,-0.0153065952420403,-0.0504494301520524));
#4170=CARTESIAN_POINT('',(0.0139928748569383,-0.0150346574986201,-0.0499338883902115));
#4171=CARTESIAN_POINT('',(0.0139155004041377,-0.0145760277296061,-0.0488683071298873));
#4172=CARTESIAN_POINT('',(0.0138666513656244,-0.014386169998687,-0.0483137036509689));
#4173=CARTESIAN_POINT('',(0.0136918648704444,-0.0139198022417184,-0.0465888420875451));
#4174=CARTESIAN_POINT('',(0.0135396754067192,-0.0137521881715785,-0.0453777637171156));
#4175=CARTESIAN_POINT('',(0.0133627769636668,-0.0136876089450086,-0.0441472563145662));
#4176=CARTESIAN_POINT('',(0.0138465811034552,-0.0201996494297683,-0.0571874245553412));
#4177=CARTESIAN_POINT('',(0.0140154006779934,-0.018901766443415,-0.056710075944111));
#4178=CARTESIAN_POINT('',(0.0141510079380699,-0.0176825057674028,-0.0560692966295817));
#4179=CARTESIAN_POINT('',(0.0142695070253327,-0.0160079817220816,-0.054792977392126));
#4180=CARTESIAN_POINT('',(0.0142939992855709,-0.0154831658899591,-0.0543185878415219));
#4181=CARTESIAN_POINT('',(0.0143101681048573,-0.0145322417134984,-0.0533013663939947));
#4182=CARTESIAN_POINT('',(0.0143022601035118,-0.0141008816807939,-0.0527546918430667));
#4183=CARTESIAN_POINT('',(0.0142546705304024,-0.0133244988508368,-0.0515868950344021));
#4184=CARTESIAN_POINT('',(0.0142146946443811,-0.0129811299182138,-0.0509659911689268));
#4185=CARTESIAN_POINT('',(0.0141087090833054,-0.0123971507740001,-0.0497002430435755));
#4186=CARTESIAN_POINT('',(0.0140425436907095,-0.0121525398199318,-0.0490498021233021));
#4187=CARTESIAN_POINT('',(0.0138101432721488,-0.0115409181959218,-0.0470529020611341));
#4188=CARTESIAN_POINT('',(0.0136129695007511,-0.0113031751933803,-0.0456846511602109));
#4189=CARTESIAN_POINT('',(0.0133911475390456,-0.011182705795067,-0.0443211470221829));
#4190=CARTESIAN_POINT('',(0.0133911480175515,-0.0111826635466838,-0.0443211499550712));
#4191=CARTESIAN_POINT('',(0.0133722338829625,-0.0128526358570343,-0.0442052202566509));
#4192=CARTESIAN_POINT('',(0.0125365228929899,-0.0136971396623723,-0.0442809969041675));
#4193=CARTESIAN_POINT('',(0.0108840406123191,-0.0137162007988007,-0.0445484738974682));
#4194=CARTESIAN_POINT('',(0.0108839605385852,-0.0137161967546985,-0.0445484171475541));
#4195=CARTESIAN_POINT('',(0.0107856729437089,-0.0136778187069122,-0.044009857225978));
#4196=CARTESIAN_POINT('',(0.0106893651383767,-0.01366,-0.0434650245163668));
#4197=CARTESIAN_POINT('',(0.0105950442215551,-0.01366,-0.042915));
#4198=CARTESIAN_POINT('',(0.0133627259458615,-0.0136876107472524,-0.0441472691263188));
#4199=CARTESIAN_POINT('',(0.013275881394238,-0.0136598482533975,-0.0436109408312783));
#4200=CARTESIAN_POINT('',(0.0131898206474944,-0.0136515276615201,-0.043069567937731));
#4201=CARTESIAN_POINT('',(0.0131047303780287,-0.01366,-0.0425237514907317));
#4202=CARTESIAN_POINT('',(0.0133910126957965,-0.0111826214306135,-0.0443211749122362));
#4203=CARTESIAN_POINT('',(0.013293621855478,-0.0111395612866066,-0.043722419994627));
#4204=CARTESIAN_POINT('',(0.0131981914074138,-0.0111199999993292,-0.0431232626608989));
#4205=CARTESIAN_POINT('',(0.0131047303780287,-0.01112,-0.0425237514907317));
#4206=CARTESIAN_POINT('',(0.0105949324718068,-0.0136599999997041,-0.042915017421271));
#4207=CARTESIAN_POINT('',(0.0122680214927295,-0.0136599817218813,-0.0426541973592077));
#4208=CARTESIAN_POINT('',(0.0131045654946849,-0.0128133150553133,-0.0425237840661612));
#4209=CARTESIAN_POINT('',(0.0131045644488066,-0.01112,-0.0425237773569575));
#4210=CARTESIAN_POINT('',(0.0131815690985682,-0.01112,-0.043014849189713));
#4211=CARTESIAN_POINT('',(0.0088107084774458,-0.01112,-0.015304142766342));
#4212=CARTESIAN_POINT('',(0.00868137670543718,-0.01112,0.0127488596816008));
#4213=CARTESIAN_POINT('',(0.0127965495664672,-0.01112,0.0404986889671185));
#4214=CARTESIAN_POINT('',(0.0131815690985682,-0.0128133333333333,-0.0430148491897129));
#4215=CARTESIAN_POINT('',(0.0088107084774458,-0.0128133333333333,-0.0153041427663419));
#4216=CARTESIAN_POINT('',(0.00868137670543718,-0.0128133333333333,0.0127488596816008));
#4217=CARTESIAN_POINT('',(0.0127965495664672,-0.0128133333333333,0.0404986889671185));
#4218=CARTESIAN_POINT('',(0.012345242143841,-0.01366,-0.0431467645763864));
#4219=CARTESIAN_POINT('',(0.00796097724824015,-0.01366,-0.0153510767392653));
#4220=CARTESIAN_POINT('',(0.00783124884986397,-0.01366,0.0127879568538796));
#4221=CARTESIAN_POINT('',(0.0119590418585803,-0.01366,0.040622887532627));
#4222=CARTESIAN_POINT('',(0.0106725882343866,-0.01366,-0.0434105953497333));
#4223=CARTESIAN_POINT('',(0.00626151478982886,-0.01366,-0.0154449446851119));
#4224=CARTESIAN_POINT('',(0.00613099313871754,-0.01366,0.0128661511984371));
#4225=CARTESIAN_POINT('',(0.0102840264428064,-0.01366,0.040871284663644));
#4226=CARTESIAN_POINT('',(0.0127240760363759,-0.01112,0.0400069280012485));
#4227=CARTESIAN_POINT('',(0.0127240770203053,-0.0128132773546766,0.040006934719514));
#4228=CARTESIAN_POINT('',(0.0118864034260606,-0.013659944020418,0.0401296237906258));
#4229=CARTESIAN_POINT('',(0.0102110552807971,-0.0136599999972242,0.0403749954));
#4230=CARTESIAN_POINT('',(0.0102110552807972,-0.01366,0.0403749954));
#4231=CARTESIAN_POINT('',(0.0105658097381908,-0.01366,0.042576927390501));
#4232=CARTESIAN_POINT('',(0.0109498243624947,-0.0139379717637057,0.0446680226558879));
#4233=CARTESIAN_POINT('',(0.0113431178282876,-0.0146729774427809,0.0465355285408365));
#4234=CARTESIAN_POINT('',(0.012724242196927,-0.01366,0.0400069036660616));
#4235=CARTESIAN_POINT('',(0.0130440869897479,-0.0136281002445537,0.0421906792688951));
#4236=CARTESIAN_POINT('',(0.0133765900071481,-0.013853877515631,0.0442762171655601));
#4237=CARTESIAN_POINT('',(0.0136989904068296,-0.0145341671393914,0.046182838669382));
#4238=CARTESIAN_POINT('',(0.012724242196927,-0.01112,0.0400069036660616));
#4239=CARTESIAN_POINT('',(0.0130751020990789,-0.0111199999977302,0.0424024383498977));
#4240=CARTESIAN_POINT('',(0.0134564088368118,-0.0114144720968704,0.0447797942392699));
#4241=CARTESIAN_POINT('',(0.0138459839292221,-0.0123094474235031,0.0470330204982826));
#4242=CARTESIAN_POINT('',(0.0138459839292221,-0.0123094474235031,0.0470330204982826));
#4243=CARTESIAN_POINT('',(0.0137479882476271,-0.013792593900762,0.0464662326123489));
#4244=CARTESIAN_POINT('',(0.0129136995473156,-0.0145804372405212,0.0463004019598668));
#4245=CARTESIAN_POINT('',(0.0113431178282876,-0.0146729774427809,0.0465355285408365));
#4246=CARTESIAN_POINT('',(0.0113431178282876,-0.014672977442781,0.0465355285408366));
#4247=CARTESIAN_POINT('',(0.0114844862548054,-0.0149371735346526,0.047206799213155));
#4248=CARTESIAN_POINT('',(0.0116047568976858,-0.0152540464098463,0.047830114626927));
#4249=CARTESIAN_POINT('',(0.0118099083333925,-0.0160053409961651,0.0489865318653545));
#4250=CARTESIAN_POINT('',(0.0118955662340815,-0.0164470452938681,0.0495260967557493));
#4251=CARTESIAN_POINT('',(0.0119706080059709,-0.0169869279843084,0.0500487147450366));
#4252=CARTESIAN_POINT('',(0.0119771105659492,-0.0170353121059725,0.0500945189775607));
#4253=CARTESIAN_POINT('',(0.0119834625160224,-0.0170841779742754,0.0501397617355703));
#4254=CARTESIAN_POINT('',(0.0136989904068297,-0.0145341671393914,0.046182838669382));
#4255=CARTESIAN_POINT('',(0.0138320772950235,-0.0147896159954824,0.0468959738564465));
#4256=CARTESIAN_POINT('',(0.0139463307075263,-0.0151026614290011,0.0475608144734128));
#4257=CARTESIAN_POINT('',(0.0141451568875439,-0.0158570276777006,0.0487945265789518));
#4258=CARTESIAN_POINT('',(0.0142306144067138,-0.0163058770787082,0.0493701384799193));
#4259=CARTESIAN_POINT('',(0.014308244296476,-0.0168571870540332,0.0499250025854163));
#4260=CARTESIAN_POINT('',(0.0143149991412123,-0.0169066136871412,0.0499736089199236));
#4261=CARTESIAN_POINT('',(0.0143216247803583,-0.016956547563419,0.0500215943646189));
#4262=CARTESIAN_POINT('',(0.0138459839292222,-0.0123094474235031,0.0470330204982826));
#4263=CARTESIAN_POINT('',(0.0139921559355702,-0.0126311783004943,0.0478784508388055));
#4264=CARTESIAN_POINT('',(0.0141165973990606,-0.0130246360108634,0.0486827982445458));
#4265=CARTESIAN_POINT('',(0.0143288181310071,-0.0139748239925002,0.0501957569623731));
#4266=CARTESIAN_POINT('',(0.0144174360459389,-0.0145413151028914,0.050912758229488));
#4267=CARTESIAN_POINT('',(0.0144950726063809,-0.0152338392193471,0.0516063166703239));
#4268=CARTESIAN_POINT('',(0.0145018000361192,-0.015295895857341,0.0516670953143804));
#4269=CARTESIAN_POINT('',(0.0145083716654194,-0.0153585524300852,0.0517271125212672));
#4270=CARTESIAN_POINT('',(0.0145037336223019,-0.0153146746680126,0.051684863582045));
#4271=CARTESIAN_POINT('',(0.014380267125259,-0.016427326187785,0.0505630709004235));
#4272=CARTESIAN_POINT('',(0.0135133297663739,-0.0169466905790576,0.0500097640763104));
#4273=CARTESIAN_POINT('',(0.0119639489973329,-0.0169390202202908,0.0500023390049999));
#4274=CARTESIAN_POINT('',(0.0140972501390851,-0.0184208728636157,0.0538704411501012));
#4275=CARTESIAN_POINT('',(0.0142628161159338,-0.0173299890967363,0.0533283522061933));
#4276=CARTESIAN_POINT('',(0.0143895116390656,-0.0163367153898629,0.0526525129407862));
#4277=CARTESIAN_POINT('',(0.0144942554058673,-0.01540068567662,0.0517766459899001));
#4278=CARTESIAN_POINT('',(0.0145002108994403,-0.015346938796056,0.0517253917932613));
#4279=CARTESIAN_POINT('',(0.0145060625317462,-0.0152936185165966,0.0516735659407949));
#4280=CARTESIAN_POINT('',(0.0139360542792583,-0.0194829627332881,0.0517563625319915));
#4281=CARTESIAN_POINT('',(0.0140887321946504,-0.0185801027051336,0.0513250141401684));
#4282=CARTESIAN_POINT('',(0.0142088898129334,-0.0177800225101396,0.050789454069596));
#4283=CARTESIAN_POINT('',(0.0143129904989154,-0.0170310285204008,0.0500930630909659));
#4284=CARTESIAN_POINT('',(0.0143189300409748,-0.0169880416884531,0.0500522996482036));
#4285=CARTESIAN_POINT('',(0.0143247864551419,-0.0169454124674448,0.0500110665799328));
#4286=CARTESIAN_POINT('',(0.0115860084978218,-0.0192008204761126,0.0516113522844126));
#4287=CARTESIAN_POINT('',(0.0117461470016928,-0.018352747839357,0.051175475630373));
#4288=CARTESIAN_POINT('',(0.0118685591911754,-0.0176035706050299,0.0506456379882831));
#4289=CARTESIAN_POINT('',(0.0119698084241466,-0.0168981994607135,0.0499628236368112));
#4290=CARTESIAN_POINT('',(0.0119755652042077,-0.0168577012770129,0.0499228706513464));
#4291=CARTESIAN_POINT('',(0.011981221566873,-0.016817524022581,0.0498824713100721));
#4292=CARTESIAN_POINT('',(0.0140972501390851,-0.0184208728636157,0.0538704411501012));
#4293=CARTESIAN_POINT('',(0.0139897862325339,-0.0191289327767306,0.0524610554046947));
#4294=CARTESIAN_POINT('',(0.0131527056854461,-0.0193889153142296,0.0517080257827985));
#4295=CARTESIAN_POINT('',(0.0115860084978218,-0.0192008204761126,0.0516113522844126));
#4296=CARTESIAN_POINT('',(0.0115860084978218,-0.0192008204761125,0.0516113522844126));
#4297=CARTESIAN_POINT('',(0.0112005231825073,-0.0212423004312027,0.0526605943110365));
#4298=CARTESIAN_POINT('',(0.0108871844577581,-0.0237363900824654,0.0530749954));
#4299=CARTESIAN_POINT('',(0.0107299141722753,-0.02636,0.0530749954));
#4300=CARTESIAN_POINT('',(0.0139360542792582,-0.019482962733288,0.0517563625319915));
#4301=CARTESIAN_POINT('',(0.0136560691367826,-0.0215384914246009,0.0527343761960875));
#4302=CARTESIAN_POINT('',(0.0134043765857368,-0.023961719457363,0.0530892510981167));
#4303=CARTESIAN_POINT('',(0.0132661510597895,-0.0264982116146079,0.0530749954));
#4304=CARTESIAN_POINT('',(0.0140972501390851,-0.0184208728636157,0.0538704411501011));
#4305=CARTESIAN_POINT('',(0.0137226950680177,-0.0208887473303807,0.055176980327519));
#4306=CARTESIAN_POINT('',(0.0134181811496237,-0.0237084003317891,0.0556149954029855));
#4307=CARTESIAN_POINT('',(0.0132661510597895,-0.0264982116146079,0.0556149954));
#4308=CARTESIAN_POINT('',(0.0132661510597895,-0.0264982116146079,0.0556149954));
#4309=CARTESIAN_POINT('',(0.0132661510597895,-0.0264982116146079,0.0539216620666667));
#4310=CARTESIAN_POINT('',(0.0124207387639514,-0.0264521410764053,0.0530749954));
#4311=CARTESIAN_POINT('',(0.0107299141722753,-0.02636,0.0530749954));
#4312=CARTESIAN_POINT('',(0.0107299141722753,-0.02636,0.0530749954));
#4313=CARTESIAN_POINT('',(0.0101264092633098,-0.0374345498224396,0.0530749954));
#4314=CARTESIAN_POINT('',(0.0116644229806389,-0.0486019736972197,0.0530749954));
#4315=CARTESIAN_POINT('',(0.0152327965034189,-0.0591011880732266,0.0530749954));
#4316=CARTESIAN_POINT('',(0.0132661510597895,-0.0264982116146079,0.0530749954));
#4317=CARTESIAN_POINT('',(0.01268026658505,-0.0372494196139144,0.0530749954));
#4318=CARTESIAN_POINT('',(0.0141733751669918,-0.0480907900372631,0.0530749954));
#4319=CARTESIAN_POINT('',(0.0176375634706771,-0.0582834605652364,0.0530749954));
#4320=CARTESIAN_POINT('',(0.0132661510597895,-0.0264982116146079,0.0556149954));
#4321=CARTESIAN_POINT('',(0.01268026658508,-0.0372494196139914,0.0556149954));
#4322=CARTESIAN_POINT('',(0.0141733751670744,-0.0480907900371777,0.0556149954));
#4323=CARTESIAN_POINT('',(0.0176375634706873,-0.0582834605652253,0.0556149954));
#4324=CARTESIAN_POINT('',(-0.0176375634707167,-0.0582834605653118,-0.058155));
#4325=CARTESIAN_POINT('',(-0.0141733751670828,-0.048090790037239,-0.058155));
#4326=CARTESIAN_POINT('',(-0.0126802665850783,-0.0372494196140219,-0.058155));
#4327=CARTESIAN_POINT('',(-0.0132661510597894,-0.0264982116146081,-0.058155));
#4328=CARTESIAN_POINT('',(-0.0176375634707275,-0.0582834605652905,-0.055615));
#4329=CARTESIAN_POINT('',(-0.0141733751671755,-0.0480907900370765,-0.055615));
#4330=CARTESIAN_POINT('',(-0.0126802665852309,-0.0372494196141707,-0.055615));
#4331=CARTESIAN_POINT('',(-0.0132661510597894,-0.0264982116146081,-0.055615));
#4332=CARTESIAN_POINT('',(-0.01523279650346,-0.059101188073299,-0.055615));
#4333=CARTESIAN_POINT('',(-0.0116644229807383,-0.0486019736971551,-0.055615));
#4334=CARTESIAN_POINT('',(-0.0101264092634016,-0.0374345498225876,-0.055615));
#4335=CARTESIAN_POINT('',(-0.0107299141722752,-0.02636,-0.055615));
#4336=CARTESIAN_POINT('',(-0.0107299141722752,-0.02636,-0.055615));
#4337=CARTESIAN_POINT('',(-0.0124207387639513,-0.0264521410764054,-0.055615));
#4338=CARTESIAN_POINT('',(-0.0132661510597894,-0.0264982116146081,-0.0564616666666667));
#4339=CARTESIAN_POINT('',(-0.0132661510597894,-0.0264982116146081,-0.058155));
#4340=CARTESIAN_POINT('',(-0.0132661510597894,-0.0264982116146079,-0.058155));
#4341=CARTESIAN_POINT('',(-0.0133832669323498,-0.0243490897991668,-0.058155000002123));
#4342=CARTESIAN_POINT('',(-0.0135823289701826,-0.0222313676996396,-0.0579060525462543));
#4343=CARTESIAN_POINT('',(-0.0138465554883909,-0.0202000204832148,-0.0571875506414461));
#4344=CARTESIAN_POINT('',(-0.0132661510597894,-0.0264982116146079,-0.055615));
#4345=CARTESIAN_POINT('',(-0.0133724693897907,-0.0245472289119079,-0.0556259649935207));
#4346=CARTESIAN_POINT('',(-0.0135409538934214,-0.0226969978258864,-0.0554253023945017));
#4347=CARTESIAN_POINT('',(-0.0137452836445117,-0.0209785883558157,-0.0548818227327798));
#4348=CARTESIAN_POINT('',(-0.0107299141722752,-0.02636,-0.055615));
#4349=CARTESIAN_POINT('',(-0.0108507040600154,-0.0243449623453139,-0.055615));
#4350=CARTESIAN_POINT('',(-0.0110554945146479,-0.0224342851481658,-0.0553816798405218));
#4351=CARTESIAN_POINT('',(-0.0113277742231718,-0.0206972987713552,-0.0547852335262463));
#4352=CARTESIAN_POINT('',(-0.0113277710376459,-0.020697298400703,-0.0547852333989718));
#4353=CARTESIAN_POINT('',(-0.0129394453039034,-0.0208848249437802,-0.0548496262560125));
#4354=CARTESIAN_POINT('',(-0.0137790409028425,-0.0207190659081425,-0.0556503981795463));
#4355=CARTESIAN_POINT('',(-0.0138465555206707,-0.0202000202350509,-0.0571875513763832));
#4356=CARTESIAN_POINT('',(-0.0138465811036413,-0.0201996494283742,-0.0571874245550823));
#4357=CARTESIAN_POINT('',(-0.0140154006786518,-0.0189017664421176,-0.0567100759437196));
#4358=CARTESIAN_POINT('',(-0.014151007939061,-0.0176825057659778,-0.0560692966290308));
#4359=CARTESIAN_POINT('',(-0.0142695070265491,-0.0160079817206008,-0.0547929773914715));
#4360=CARTESIAN_POINT('',(-0.0142939992868263,-0.0154831658884997,-0.0543185878408412));
#4361=CARTESIAN_POINT('',(-0.0143101681061597,-0.0145322417121039,-0.0533013663932371));
#4362=CARTESIAN_POINT('',(-0.0143022601048203,-0.0141008816794662,-0.052754691842249));
#4363=CARTESIAN_POINT('',(-0.0142546705316952,-0.013324498849656,-0.0515868950334657));
#4364=CARTESIAN_POINT('',(-0.0142146946456475,-0.0129811299171414,-0.0509659911679169));
#4365=CARTESIAN_POINT('',(-0.014108709084463,-0.012397150773119,-0.0497002430424341));
#4366=CARTESIAN_POINT('',(-0.0140425436917801,-0.0121525398191421,-0.0490498021220761));
#4367=CARTESIAN_POINT('',(-0.0138101437990887,-0.0115409195803608,-0.0470529065815571));
#4368=CARTESIAN_POINT('',(-0.0136129708404445,-0.0113031768078707,-0.0456846604536867));
#4369=CARTESIAN_POINT('',(-0.013391149799193,-0.0111827070221171,-0.0443211609149362));
#4370=CARTESIAN_POINT('',(-0.0137453030239348,-0.0209782746145783,-0.0548817231798013));
#4371=CARTESIAN_POINT('',(-0.0138610184218467,-0.0198658976233589,-0.0545282965808484));
#4372=CARTESIAN_POINT('',(-0.013953170417383,-0.0188462832194529,-0.0540395031524022));
#4373=CARTESIAN_POINT('',(-0.0140337180083187,-0.0174691847000176,-0.0530396440853799));
#4374=CARTESIAN_POINT('',(-0.0140503786404674,-0.0170417856193946,-0.0526643702190721));
#4375=CARTESIAN_POINT('',(-0.0140611470309786,-0.0162724472860465,-0.0518497253784517));
#4376=CARTESIAN_POINT('',(-0.0140555366174314,-0.0159261730469769,-0.0514073298313051));
#4377=CARTESIAN_POINT('',(-0.0140215190060278,-0.0153065952414588,-0.0504494301510301));
#4378=CARTESIAN_POINT('',(-0.0139928748586245,-0.0150346574981012,-0.0499338883891577));
#4379=CARTESIAN_POINT('',(-0.0139155004056542,-0.0145760277291826,-0.0488683071287616));
#4380=CARTESIAN_POINT('',(-0.0138666513670116,-0.0143861699982975,-0.0483137036497814));
#4381=CARTESIAN_POINT('',(-0.0136918652671691,-0.013919803297523,-0.0465888459920195));
#4382=CARTESIAN_POINT('',(-0.0135396764411199,-0.0137521893099986,-0.0453777719428832));
#4383=CARTESIAN_POINT('',(-0.0133627787664785,-0.0136876096029853,-0.044147268852049));
#4384=CARTESIAN_POINT('',(-0.0113277993556345,-0.0206969939510008,-0.0547851288526106));
#4385=CARTESIAN_POINT('',(-0.0114947042818909,-0.0196322321918693,-0.0544194800218889));
#4386=CARTESIAN_POINT('',(-0.0116282607573632,-0.0186778786642311,-0.0539326938413597));
#4387=CARTESIAN_POINT('',(-0.0117450403760811,-0.0173950768297551,-0.0529748403614186));
#4388=CARTESIAN_POINT('',(-0.01176916569501,-0.0169978602335333,-0.0526198981597156));
#4389=CARTESIAN_POINT('',(-0.01178512594752,-0.0162793806710957,-0.0518548054911232));
#4390=CARTESIAN_POINT('',(-0.0117773698836629,-0.0159540503187568,-0.0514416827743727));
#4391=CARTESIAN_POINT('',(-0.0117306520206447,-0.0153652258593323,-0.0505465820606145));
#4392=CARTESIAN_POINT('',(-0.0116914014901274,-0.0151029806286368,-0.0500644395226069));
#4393=CARTESIAN_POINT('',(-0.0115873826769027,-0.0146536069016038,-0.0490629264577121));
#4394=CARTESIAN_POINT('',(-0.0115224612489428,-0.0144635545423921,-0.0485393012103949));
#4395=CARTESIAN_POINT('',(-0.0112945367487989,-0.0139871383901147,-0.0469012885560398));
#4396=CARTESIAN_POINT('',(-0.0111013753952312,-0.0138010232330904,-0.045738741966474));
#4397=CARTESIAN_POINT('',(-0.0108841104927595,-0.0137162008825805,-0.0445484750730657));
#4398=CARTESIAN_POINT('',(-0.0108840425926292,-0.0137162016658042,-0.0445484860636266));
#4399=CARTESIAN_POINT('',(-0.0125365247526356,-0.0136971403900516,-0.0442810093182562));
#4400=CARTESIAN_POINT('',(-0.0133722358390568,-0.0128526366307439,-0.0442052332510295));
#4401=CARTESIAN_POINT('',(-0.0133911502802997,-0.0111826645447933,-0.0443211638637413));
#4402=CARTESIAN_POINT('',(-0.0133910126955853,-0.0111826214305201,-0.0443211749109379));
#4403=CARTESIAN_POINT('',(-0.01329362185534,-0.0111395612865736,-0.0437224199937607));
#4404=CARTESIAN_POINT('',(-0.0131981914073462,-0.0111199999993356,-0.0431232626604653));
#4405=CARTESIAN_POINT('',(-0.0131047303780287,-0.01112,-0.0425237514907317));
#4406=CARTESIAN_POINT('',(-0.0133627259456732,-0.0136876107471922,-0.0441472691251558));
#4407=CARTESIAN_POINT('',(-0.0132758813941219,-0.0136598482533867,-0.0436109408304966));
#4408=CARTESIAN_POINT('',(-0.0131898206473892,-0.0136515276615084,-0.043069567937341));
#4409=CARTESIAN_POINT('',(-0.0131047303780287,-0.01366,-0.0425237514907317));
#4410=CARTESIAN_POINT('',(-0.010883960538372,-0.0137161967546153,-0.0445484171463863));
#4411=CARTESIAN_POINT('',(-0.0107856729435718,-0.0136778187068865,-0.0440098572251902));
#4412=CARTESIAN_POINT('',(-0.0106893651382889,-0.01366,-0.0434650245159721));
#4413=CARTESIAN_POINT('',(-0.010595044221555,-0.01366,-0.042915));
#4414=CARTESIAN_POINT('',(-0.0131045644488146,-0.01112,-0.0425237773569562));
#4415=CARTESIAN_POINT('',(-0.0131045654946467,-0.0128132773546413,-0.0425237840658636));
#4416=CARTESIAN_POINT('',(-0.0122680587426056,-0.0136599440203827,-0.0426541915518257));
#4417=CARTESIAN_POINT('',(-0.010595044221555,-0.0136599999972242,-0.042915));
#4418=CARTESIAN_POINT('',(-0.0127965495664712,-0.01112,0.0404986889671116));
#4419=CARTESIAN_POINT('',(-0.0086813767054792,-0.01112,0.0127488596818987));
#4420=CARTESIAN_POINT('',(-0.00881070847744185,-0.01112,-0.0153041427657371));
#4421=CARTESIAN_POINT('',(-0.0131815690984354,-0.01112,-0.0430148491888176));
#4422=CARTESIAN_POINT('',(-0.0127965495664712,-0.0128133333333333,0.0404986889671116));
#4423=CARTESIAN_POINT('',(-0.0086813767054792,-0.0128133333333333,0.0127488596818987));
#4424=CARTESIAN_POINT('',(-0.00881070847744185,-0.0128133333333333,-0.0153041427657371));
#4425=CARTESIAN_POINT('',(-0.0131815690984353,-0.0128133333333333,-0.0430148491888175));
#4426=CARTESIAN_POINT('',(-0.0119590418585843,-0.01366,0.0406228875326203));
#4427=CARTESIAN_POINT('',(-0.0078312488499061,-0.01366,0.0127879568541785));
#4428=CARTESIAN_POINT('',(-0.00796097724823618,-0.01366,-0.0153510767386587));
#4429=CARTESIAN_POINT('',(-0.0123452421437078,-0.01366,-0.0431467645754885));
#4430=CARTESIAN_POINT('',(-0.0102840264428104,-0.01366,0.0408712846636378));
#4431=CARTESIAN_POINT('',(-0.00613099313875993,-0.01366,0.0128661511987381));
#4432=CARTESIAN_POINT('',(-0.00626151478982485,-0.01366,-0.0154449446845018));
#4433=CARTESIAN_POINT('',(-0.0106725882342526,-0.01366,-0.0434105953488304));
#4434=CARTESIAN_POINT('',(-0.0102110552807971,-0.0136599999972242,0.0403749954));
#4435=CARTESIAN_POINT('',(-0.0118864034260637,-0.0136599440204196,0.0401296237906251));
#4436=CARTESIAN_POINT('',(-0.01272407702031,-0.0128132773546782,0.0400069347195132));
#4437=CARTESIAN_POINT('',(-0.0127240760363807,-0.01112,0.040006928001248));
#4438=CARTESIAN_POINT('',(-0.0127242421969271,-0.01112,0.0400069036660616));
#4439=CARTESIAN_POINT('',(-0.0129278331114495,-0.011119999998587,0.0413969430922288));
#4440=CARTESIAN_POINT('',(-0.0131409510917081,-0.0112231384640757,0.0427778007597023));
#4441=CARTESIAN_POINT('',(-0.0133620631655302,-0.0114823749373891,0.0441428260866024));
#4442=CARTESIAN_POINT('',(-0.0127242421969271,-0.01366,0.0400069036660616));
#4443=CARTESIAN_POINT('',(-0.0129095786696508,-0.0136415154464087,0.0412723088787261));
#4444=CARTESIAN_POINT('',(-0.0130992168356706,-0.0137124166884588,0.0425060479604833));
#4445=CARTESIAN_POINT('',(-0.0132900483815379,-0.0139068664191944,0.0436982460968212));
#4446=CARTESIAN_POINT('',(-0.0102110552807973,-0.01366,0.0403749954));
#4447=CARTESIAN_POINT('',(-0.0104165469310052,-0.01366,0.0416504653184557));
#4448=CARTESIAN_POINT('',(-0.0106315753509603,-0.0137549071914101,0.0428907335811058));
#4449=CARTESIAN_POINT('',(-0.0108547446509785,-0.0139785614711155,0.0440792342884258));
#4450=CARTESIAN_POINT('',(-0.0108547474521389,-0.0139785613886488,0.0440792338502018));
#4451=CARTESIAN_POINT('',(-0.0124782742072686,-0.0139307640254905,0.0438252433154418));
#4452=CARTESIAN_POINT('',(-0.0133140458980527,-0.0130987090683939,0.0438464394085353));
#4453=CARTESIAN_POINT('',(-0.0133620625244912,-0.011482396517359,0.0441428221294824));
#4454=CARTESIAN_POINT('',(-0.0133620656684977,-0.0114823969093761,0.0441428237384879));
#4455=CARTESIAN_POINT('',(-0.0135703674716008,-0.0117441724179713,0.045428728799617));
#4456=CARTESIAN_POINT('',(-0.0137450270226019,-0.012132593838473,0.0466733513301949));
#4457=CARTESIAN_POINT('',(-0.0139404734190016,-0.0129724724376546,0.0484566682634169));
#4458=CARTESIAN_POINT('',(-0.0139947626461939,-0.0132991147218943,0.0490421166214054));
#4459=CARTESIAN_POINT('',(-0.0140750292713699,-0.0140389038469519,0.0501542917863961));
#4460=CARTESIAN_POINT('',(-0.0141009099171711,-0.0144482679755958,0.0506769513929893));
#4461=CARTESIAN_POINT('',(-0.0141241173597238,-0.0153478500446794,0.0516536898398591));
#4462=CARTESIAN_POINT('',(-0.0141212395353675,-0.0158428585941884,0.052111325873744));
#4463=CARTESIAN_POINT('',(-0.0140880445664957,-0.0168926718815923,0.052936590419476));
#4464=CARTESIAN_POINT('',(-0.0140581469035097,-0.0174435219024483,0.0533026020031239));
#4465=CARTESIAN_POINT('',(-0.0139359012959225,-0.0191655036100445,0.0542749741126743));
#4466=CARTESIAN_POINT('',(-0.0138093431156412,-0.0204145856906423,0.0547544558166392));
#4467=CARTESIAN_POINT('',(-0.0136679952207348,-0.0216737648424476,0.0550841847205855));
#4468=CARTESIAN_POINT('',(-0.013290030180451,-0.0139068668252962,0.0436982497319807));
#4469=CARTESIAN_POINT('',(-0.0134544258178233,-0.0140928085378077,0.04483126932991));
#4470=CARTESIAN_POINT('',(-0.0135883157680514,-0.0143867889102704,0.0459028918560524));
#4471=CARTESIAN_POINT('',(-0.013737591301225,-0.0150404145783987,0.0474038328446226));
#4472=CARTESIAN_POINT('',(-0.013778973511417,-0.0152967796802885,0.0478905179278488));
#4473=CARTESIAN_POINT('',(-0.0138413277990629,-0.0158822034326757,0.0488050602013674));
#4474=CARTESIAN_POINT('',(-0.0138622353046986,-0.0162082350770417,0.0492297370490049));
#4475=CARTESIAN_POINT('',(-0.013884395152266,-0.0169306765253226,0.0500162296390485));
#4476=CARTESIAN_POINT('',(-0.0138855364688579,-0.0173310182734306,0.0503808656508314));
#4477=CARTESIAN_POINT('',(-0.0138691272947957,-0.0181886040235558,0.0510331375228558));
#4478=CARTESIAN_POINT('',(-0.0138518335891164,-0.0186426002950461,0.0513195856898394));
#4479=CARTESIAN_POINT('',(-0.0137775210481761,-0.0200776072407384,0.0520740009827556));
#4480=CARTESIAN_POINT('',(-0.0136967535571793,-0.0211395713328465,0.0524360311521121));
#4481=CARTESIAN_POINT('',(-0.013604903311071,-0.0222354190295019,0.0526738644312362));
#4482=CARTESIAN_POINT('',(-0.0108547496102744,-0.0139785635514798,0.0440792453434731));
#4483=CARTESIAN_POINT('',(-0.0110583430901875,-0.014182594205998,0.0451634619893238));
#4484=CARTESIAN_POINT('',(-0.0112289056636816,-0.0144886379972635,0.0461772860713629));
#4485=CARTESIAN_POINT('',(-0.0114196810260437,-0.0151354531382098,0.0475841044619194));
#4486=CARTESIAN_POINT('',(-0.0114726260067399,-0.0153851588625167,0.048037993269535));
#4487=CARTESIAN_POINT('',(-0.0115507286209998,-0.0159468889390784,0.048889651476099));
#4488=CARTESIAN_POINT('',(-0.0115757937080828,-0.0162560409074807,0.0492845719370878));
#4489=CARTESIAN_POINT('',(-0.0115978538064787,-0.0169362723926861,0.0500190555196447));
#4490=CARTESIAN_POINT('',(-0.0115946443071383,-0.0173110530998352,0.0503613580591726));
#4491=CARTESIAN_POINT('',(-0.0115612101613156,-0.0181144135631538,0.0509801243305815));
#4492=CARTESIAN_POINT('',(-0.0115314002910798,-0.0185400603931114,0.0512553952238453));
#4493=CARTESIAN_POINT('',(-0.0114098283571924,-0.0198937645536096,0.0519910317540823));
#4494=CARTESIAN_POINT('',(-0.0112844479303557,-0.02090692630866,0.0523603947445559));
#4495=CARTESIAN_POINT('',(-0.0111438500296544,-0.0219737250912183,0.0526121154163165));
#4496=CARTESIAN_POINT('',(-0.0111438704392824,-0.0219737272614483,0.0526121159284453));
#4497=CARTESIAN_POINT('',(-0.0127845671259222,-0.0221481877308721,0.0526532884589775));
#4498=CARTESIAN_POINT('',(-0.0136259345286779,-0.0220481957945295,0.0534773267258186));
#4499=CARTESIAN_POINT('',(-0.013667995830701,-0.0216737594124319,0.0550842080233175));
#4500=CARTESIAN_POINT('',(-0.0136678305993102,-0.0216754156995974,0.0550846411388795));
#4501=CARTESIAN_POINT('',(-0.0134903602327007,-0.0232568882869589,0.0554688459645533));
#4502=CARTESIAN_POINT('',(-0.0133549078203262,-0.0248694905354979,0.0556149954016614));
#4503=CARTESIAN_POINT('',(-0.0132661510597894,-0.0264982116146079,0.0556149954));
#4504=CARTESIAN_POINT('',(-0.0136048273420235,-0.0222368498489538,0.0526741729662663));
#4505=CARTESIAN_POINT('',(-0.0134630008627138,-0.0235961391537148,0.0529677847789879));
#4506=CARTESIAN_POINT('',(-0.0133466585646546,-0.0250208675898687,0.0530832984299063));
#4507=CARTESIAN_POINT('',(-0.0132661510597894,-0.0264982116146079,0.0530749954));
#4508=CARTESIAN_POINT('',(-0.0111436741956449,-0.0219752163001317,0.0526124671976985));
#4509=CARTESIAN_POINT('',(-0.0109608303054753,-0.0233630455408429,0.0529397840510783));
#4510=CARTESIAN_POINT('',(-0.0108213720207238,-0.0248342844613818,0.0530749954));
#4511=CARTESIAN_POINT('',(-0.0107299141722752,-0.02636,0.0530749954));
#4512=CARTESIAN_POINT('',(-0.0107299141722752,-0.02636,0.0530749954));
#4513=CARTESIAN_POINT('',(-0.0124207387639513,-0.0264521410764053,0.0530749954));
#4514=CARTESIAN_POINT('',(-0.0132661510597894,-0.0264982116146079,0.0539216620666667));
#4515=CARTESIAN_POINT('',(-0.0132661510597894,-0.0264982116146079,0.0556149954));
#4516=CARTESIAN_POINT('',(-0.0152327965034635,-0.0591011880732899,0.0530749954));
#4517=CARTESIAN_POINT('',(-0.0116644229807782,-0.0486019736971197,0.0530749954));
#4518=CARTESIAN_POINT('',(-0.0101264092633991,-0.0374345498226143,0.0530749954));
#4519=CARTESIAN_POINT('',(-0.0107299141722752,-0.02636,0.0530749954));
#4520=CARTESIAN_POINT('',(-0.0176375634707241,-0.0582834605652873,0.0530749954));
#4521=CARTESIAN_POINT('',(-0.0141733751671611,-0.0480907900370849,0.0530749954));
#4522=CARTESIAN_POINT('',(-0.0126802665852305,-0.0372494196141585,0.0530749954));
#4523=CARTESIAN_POINT('',(-0.0132661510597894,-0.0264982116146081,0.0530749954));
#4524=CARTESIAN_POINT('',(-0.017637563470715,-0.058283460565307,0.0556149954));
#4525=CARTESIAN_POINT('',(-0.0141733751670824,-0.0480907900372356,0.0556149954));
#4526=CARTESIAN_POINT('',(-0.0126802665850784,-0.0372494196140203,0.0556149954));
#4527=CARTESIAN_POINT('',(-0.0132661510597894,-0.0264982116146081,0.0556149954));
#4528=CARTESIAN_POINT('',(-4.08382973177835E-17,-0.0534,0.0562349954));
#4529=CARTESIAN_POINT('',(-4.08382973177835E-17,-0.0534,0.0562349954));
#4530=CARTESIAN_POINT('',(-0.00889000000000004,-0.0534,0.0562349954));
#4531=CARTESIAN_POINT('',(1.56929337643013E-14,-0.0479250125,0.0562349954));
#4532=CARTESIAN_POINT('',(0.01115,-0.0534,0.0619649954));
#4533=CARTESIAN_POINT('',(0.01115,-0.0519404684145958,0.0619649954));
#4534=CARTESIAN_POINT('',(0.0108597953442495,-0.0504815110879404,0.0619649954));
#4535=CARTESIAN_POINT('',(0.00974271823075207,-0.0477846483703182,0.0619649954));
#4536=CARTESIAN_POINT('',(0.00891628529162461,-0.0465478040711647,0.0619649954));
#4537=CARTESIAN_POINT('',(0.00685219592883536,-0.0444837147083754,0.0619649954));
#4538=CARTESIAN_POINT('',(0.00561535162967832,-0.0436572817692465,0.0619649954));
#4539=CARTESIAN_POINT('',(0.00291848891206313,-0.0425402046557518,0.0619649954));
#4540=CARTESIAN_POINT('',(0.00145953158540324,-0.04225,0.0619649954));
#4541=CARTESIAN_POINT('',(-0.00145953158540337,-0.04225,0.0619649954));
#4542=CARTESIAN_POINT('',(-0.00291848891206258,-0.0425402046557516,0.0619649954));
#4543=CARTESIAN_POINT('',(-0.00561535162967898,-0.0436572817692467,0.0619649954));
#4544=CARTESIAN_POINT('',(-0.00685219592883545,-0.0444837147083754,0.0619649954));
#4545=CARTESIAN_POINT('',(-0.00891628529162461,-0.0465478040711646,0.0619649954));
#4546=CARTESIAN_POINT('',(-0.00974271823075481,-0.0477846483703246,0.0619649954));
#4547=CARTESIAN_POINT('',(-0.010859795344247,-0.0504815110879339,0.0619649954));
#4548=CARTESIAN_POINT('',(-0.01115,-0.0519404684145982,0.0619649954));
#4549=CARTESIAN_POINT('',(-0.01115,-0.0548595315854018,0.0619649954));
#4550=CARTESIAN_POINT('',(-0.0108597953442488,-0.0563184889120618,0.0619649954));
#4551=CARTESIAN_POINT('',(-0.00974271823075304,-0.0590153516296797,0.0619649954));
#4552=CARTESIAN_POINT('',(-0.00891628529162462,-0.0602521959288354,0.0619649954));
#4553=CARTESIAN_POINT('',(-0.00685219592883547,-0.0623162852916246,0.0619649954));
#4554=CARTESIAN_POINT('',(-0.00561535162967898,-0.0631427182307533,0.0619649954));
#4555=CARTESIAN_POINT('',(-0.00291848891206264,-0.0642597953442484,0.0619649954));
#4556=CARTESIAN_POINT('',(-0.00145953158540334,-0.06455,0.0619649954));
#4557=CARTESIAN_POINT('',(0.00145953158540327,-0.06455,0.0619649954));
#4558=CARTESIAN_POINT('',(0.00291848891207255,-0.0642597953442442,0.0619649954));
#4559=CARTESIAN_POINT('',(0.00561535162966887,-0.0631427182307575,0.0619649954));
#4560=CARTESIAN_POINT('',(0.00685219592883539,-0.0623162852916246,0.0619649954));
#4561=CARTESIAN_POINT('',(0.00891628529162454,-0.0602521959288354,0.0619649954));
#4562=CARTESIAN_POINT('',(0.00974271823075215,-0.0590153516296817,0.0619649954));
#4563=CARTESIAN_POINT('',(0.0108597953442495,-0.0563184889120599,0.0619649954));
#4564=CARTESIAN_POINT('',(0.01115,-0.0548595315854042,0.0619649954));
#4565=CARTESIAN_POINT('',(0.01115,-0.0534,0.0619649954));
#4566=CARTESIAN_POINT('',(0.01115,-0.0534,0.0632349954));
#4567=CARTESIAN_POINT('',(0.01115,-0.0519404684145958,0.0632349954));
#4568=CARTESIAN_POINT('',(0.0108597953442484,-0.0504815110879408,0.0632349954));
#4569=CARTESIAN_POINT('',(0.00974271823075318,-0.0477846483703177,0.0632349954));
#4570=CARTESIAN_POINT('',(0.00891628529162461,-0.0465478040711646,0.0632349954));
#4571=CARTESIAN_POINT('',(0.00685219592883535,-0.0444837147083754,0.0632349954));
#4572=CARTESIAN_POINT('',(0.00561535162968088,-0.0436572817692454,0.0632349954));
#4573=CARTESIAN_POINT('',(0.00291848891206057,-0.042540204655753,0.0632349954));
#4574=CARTESIAN_POINT('',(0.00145953158540324,-0.04225,0.0632349954));
#4575=CARTESIAN_POINT('',(-0.00145953158540337,-0.04225,0.0632349954));
#4576=CARTESIAN_POINT('',(-0.00291848891205992,-0.042540204655753,0.0632349954));
#4577=CARTESIAN_POINT('',(-0.00561535162968164,-0.0436572817692454,0.0632349954));
#4578=CARTESIAN_POINT('',(-0.00685219592883264,-0.0444837147083754,0.0632349954));
#4579=CARTESIAN_POINT('',(-0.00891628529162743,-0.0465478040711646,0.0632349954));
#4580=CARTESIAN_POINT('',(-0.00974271823075352,-0.0477846483703251,0.0632349954));
#4581=CARTESIAN_POINT('',(-0.0108597953442482,-0.0504815110879334,0.0632349954));
#4582=CARTESIAN_POINT('',(-0.01115,-0.0519404684145982,0.0632349954));
#4583=CARTESIAN_POINT('',(-0.01115,-0.0548595315854018,0.0632349954));
#4584=CARTESIAN_POINT('',(-0.0108597953442468,-0.056318488912061,0.0632349954));
#4585=CARTESIAN_POINT('',(-0.00974271823075494,-0.0590153516296805,0.0632349954));
#4586=CARTESIAN_POINT('',(-0.00891628529162462,-0.0602521959288354,0.0632349954));
#4587=CARTESIAN_POINT('',(-0.00685219592883547,-0.0623162852916246,0.0632349954));
#4588=CARTESIAN_POINT('',(-0.00561535162967846,-0.0631427182307521,0.0632349954));
#4589=CARTESIAN_POINT('',(-0.00291848891206316,-0.0642597953442496,0.0632349954));
#4590=CARTESIAN_POINT('',(-0.00145953158540334,-0.06455,0.0632349954));
#4591=CARTESIAN_POINT('',(0.00145953158540327,-0.06455,0.0632349954));
#4592=CARTESIAN_POINT('',(0.00291848891207011,-0.0642597953442384,0.0632349954));
#4593=CARTESIAN_POINT('',(0.00561535162967131,-0.0631427182307634,0.0632349954));
#4594=CARTESIAN_POINT('',(0.00685219592883821,-0.0623162852916246,0.0632349954));
#4595=CARTESIAN_POINT('',(0.00891628529162173,-0.0602521959288354,0.0632349954));
#4596=CARTESIAN_POINT('',(0.00974271823074882,-0.0590153516296871,0.0632349954));
#4597=CARTESIAN_POINT('',(0.0108597953442528,-0.0563184889120544,0.0632349954));
#4598=CARTESIAN_POINT('',(0.01115,-0.0548595315854042,0.0632349954));
#4599=CARTESIAN_POINT('',(0.01115,-0.0534,0.0632349954));
#4600=CARTESIAN_POINT('',(0.01242,-0.0534,0.0632349954));
#4601=CARTESIAN_POINT('',(0.01242,-0.0517742258035231,0.0632349954));
#4602=CARTESIAN_POINT('',(0.0120967406435488,-0.0501490912746374,0.0632349954));
#4603=CARTESIAN_POINT('',(0.0108524269440315,-0.0471450522654138,0.0632349954));
#4604=CARTESIAN_POINT('',(0.00993186218134269,-0.0457673297366661,0.0632349954));
#4605=CARTESIAN_POINT('',(0.00763267026333111,-0.0434681378186602,0.0632349954));
#4606=CARTESIAN_POINT('',(0.00625494773458404,-0.0425475730559685,0.0632349954));
#4607=CARTESIAN_POINT('',(0.00325090872536474,-0.0413032593564511,0.0632349954));
#4608=CARTESIAN_POINT('',(0.00162577419647609,-0.04098,0.0632349954));
#4609=CARTESIAN_POINT('',(-0.00162577419647621,-0.04098,0.0632349954));
#4610=CARTESIAN_POINT('',(-0.00325090872536478,-0.0413032593564511,0.0632349954));
#4611=CARTESIAN_POINT('',(-0.00625494773458409,-0.0425475730559685,0.0632349954));
#4612=CARTESIAN_POINT('',(-0.00763267026333045,-0.0434681378186551,0.0632349954));
#4613=CARTESIAN_POINT('',(-0.00993186218134344,-0.045767329736671,0.0632349954));
#4614=CARTESIAN_POINT('',(-0.0108524269440322,-0.0471450522654165,0.0632349954));
#4615=CARTESIAN_POINT('',(-0.0120967406435483,-0.0501490912746347,0.0632349954));
#4616=CARTESIAN_POINT('',(-0.01242,-0.0517742258035264,0.0632349954));
#4617=CARTESIAN_POINT('',(-0.01242,-0.0550257741964736,0.0632349954));
#4618=CARTESIAN_POINT('',(-0.0120967406435483,-0.0566509087253653,0.0632349954));
#4619=CARTESIAN_POINT('',(-0.0108524269440322,-0.0596549477345835,0.0632349954));
#4620=CARTESIAN_POINT('',(-0.00993186218134346,-0.061032670263329,0.0632349954));
#4621=CARTESIAN_POINT('',(-0.00763267026333046,-0.0633318621813448,0.0632349954));
#4622=CARTESIAN_POINT('',(-0.0062549477345836,-0.0642524269440349,0.0632349954));
#4623=CARTESIAN_POINT('',(-0.00325090872536535,-0.0654967406435454,0.0632349954));
#4624=CARTESIAN_POINT('',(-0.00162577419647618,-0.06582,0.0632349954));
#4625=CARTESIAN_POINT('',(0.00162577419647612,-0.06582,0.0632349954));
#4626=CARTESIAN_POINT('',(0.00325090872537371,-0.0654967406435342,0.0632349954));
#4627=CARTESIAN_POINT('',(0.00625494773457504,-0.0642524269440462,0.0632349954));
#4628=CARTESIAN_POINT('',(0.00763267026333039,-0.0633318621813448,0.0632349954));
#4629=CARTESIAN_POINT('',(0.00993186218134338,-0.061032670263329,0.0632349954));
#4630=CARTESIAN_POINT('',(0.0108524269440302,-0.0596549477345846,0.0632349954));
#4631=CARTESIAN_POINT('',(0.01209674064355,-0.0566509087253643,0.0632349954));
#4632=CARTESIAN_POINT('',(0.01242,-0.0550257741964769,0.0632349954));
#4633=CARTESIAN_POINT('',(0.01242,-0.0534,0.0632349954));
#4634=MECHANICAL_DESIGN_GEOMETRIC_PRESENTATION_REPRESENTATION('',(#1611),
#4635);
#4635=(
GEOMETRIC_REPRESENTATION_CONTEXT(3)
GLOBAL_UNCERTAINTY_ASSIGNED_CONTEXT((#4636))
GLOBAL_UNIT_ASSIGNED_CONTEXT((#4639,#4638,#4637))
REPRESENTATION_CONTEXT('Part 16','TOP_LEVEL_ASSEMBLY_PART')
);
#4636=UNCERTAINTY_MEASURE_WITH_UNIT(LENGTH_MEASURE(2.02E-5),#4639,
'DISTANCE_ACCURACY_VALUE','Maximum Tolerance applied to model');
#4637=(
NAMED_UNIT(*)
SI_UNIT($,.STERADIAN.)
SOLID_ANGLE_UNIT()
);
#4638=(
NAMED_UNIT(*)
PLANE_ANGLE_UNIT()
SI_UNIT($,.RADIAN.)
);
#4639=(
LENGTH_UNIT()
NAMED_UNIT(*)
SI_UNIT($,.METRE.)
);
#4640=PRODUCT_DEFINITION_SHAPE('','',#4641);
#4641=PRODUCT_DEFINITION('','',#4643,#4642);
#4642=PRODUCT_DEFINITION_CONTEXT('',#4649,'design');
#4643=PRODUCT_DEFINITION_FORMATION_WITH_SPECIFIED_SOURCE('','',#4645,
 .NOT_KNOWN.);
#4644=PRODUCT_RELATED_PRODUCT_CATEGORY('','',(#4645));
#4645=PRODUCT('Part 16','Part 16','Part 16',(#4647));
#4646=PRODUCT_CATEGORY('','');
#4647=PRODUCT_CONTEXT('',#4649,'mechanical');
#4648=APPLICATION_PROTOCOL_DEFINITION('international standard',
'ap242_managed_model_based_3d_engineering',2020,#4649);
#4649=APPLICATION_CONTEXT('managed model based 3d engineering');
ENDSEC;
END-ISO-10303-21;
